index,SHIPPING_LOCATION,DEPARTMENT,CATEGORY,SUBCATEGORY,BREADCRUMBS,SKU,PRODUCT_URL,PRODUCT_NAME,BRAND,PRICE_RETAIL,PRICE_CURRENT,PRODUCT_SIZE,PROMOTION,RunDate,tid
318851,66062,Frozen,Frozen Meals & Snacks,Shop all,Frozen/Frozen Meals & Snacks,970096078,https://www.walmart.com/ip/Marie-Callender-s-Aged-Cheddar-Cheesy-Chicken-Rice-Bowl-Frozen-Meals-12-oz/970096078?fulfillmentIntent=Pickup,"Marie Callender's Aged Cheddar Cheesy Chicken & Rice Bowl, Frozen Meals, 12 oz.",Marie Callender's,2.98,2.98,12,,2022-09-11 21:20:04,16482655
318852,66062,Frozen,Frozen Meals & Snacks,Shop all,Frozen/Frozen Meals & Snacks,467635295,https://www.walmart.com/ip/Marie-Callender-s-Slow-Roasted-Beef-Pot-Roast-Bowl-Frozen-Meals-11-oz/467635295?fulfillmentIntent=Pickup,"Marie Callender's Slow Roasted Beef Pot Roast Bowl, Frozen Meals, 11 oz.",Marie Callender's,2.98,2.98,11,,2022-09-11 21:20:04,16482656
318853,66062,Frozen,Frozen Meals & Snacks,Shop all,Frozen/Frozen Meals & Snacks,513053449,https://www.walmart.com/ip/Totino-s-Pizza-Rolls-Pepperoni-Flavored-Frozen-Snacks-24-8-oz-50-ct/513053449?fulfillmentIntent=Pickup&athbdg=L1300,"Totino's Pizza Rolls, Pepperoni Flavored, Frozen Snacks, 24.8 oz, 50 ct",Totino's,4.98,4.48,24.8,,2022-09-11 21:20:04,16482657
318854,66062,Frozen,Frozen Meals & Snacks,Shop all,Frozen/Frozen Meals & Snacks,10794571,https://www.walmart.com/ip/Banquet-Salisbury-Steaks-Brown-Gravy-Family-Size-6-count-27-oz/10794571?fulfillmentIntent=Pickup&athbdg=L1600,"Banquet Salisbury Steaks & Brown Gravy Family Size, 6 count, 27 oz",Homestyle Bakes,3.57,3.57,27,,2022-09-11 21:20:04,16482658
318855,66062,Frozen,Frozen Meals & Snacks,Shop all,Frozen/Frozen Meals & Snacks,10416519,https://www.walmart.com/ip/Great-Value-Garlic-Texas-Toast-11-25-oz-8-Count/10416519?fulfillmentIntent=Pickup,"Great Value Garlic Texas Toast, 11.25 oz, 8 Count",Great Value,1.74,1.74,11.25,,2022-09-11 21:20:04,16482659
318856,66062,Frozen,Frozen Meals & Snacks,Shop all,Frozen/Frozen Meals & Snacks,10794554,https://www.walmart.com/ip/Banquet-Chicken-Pot-Pie-7-oz/10794554?fulfillmentIntent=Pickup&athbdg=L1200,"Banquet Chicken Pot Pie, 7 oz",Homestyle Bakes,1.18,1.18,7,,2022-09-11 21:20:04,16482660
318857,66062,Frozen,Frozen Meals & Snacks,Shop all,Frozen/Frozen Meals & Snacks,768900222,https://www.walmart.com/ip/Marie-Callender-s-Swedish-Meatballs-Bowl-Frozen-Meals-11-5-oz/768900222?fulfillmentIntent=Pickup,"Marie Callender's Swedish Meatballs Bowl, Frozen Meals, 11.5 oz.",Marie Callender's,2.98,2.98,11.5,,2022-09-11 21:20:04,16482661
318859,66062,Frozen,Frozen Meals & Snacks,Shop all,Frozen/Frozen Meals & Snacks,898976790,https://www.walmart.com/ip/Marie-Callender-s-Chicken-Pot-Pie-Large-Size-15-oz/898976790?fulfillmentIntent=Pickup,"Marie Callender's Chicken Pot Pie Large Size, 15 oz",Marie Callender's,3.48,3.48,15,,2022-09-11 21:20:04,16482663
318860,66062,Frozen,Frozen Meals & Snacks,Shop all,Frozen/Frozen Meals & Snacks,10804762,https://www.walmart.com/ip/Stouffer-s-Lasagna-with-Meat-Sauce-Frozen-Meal-10-5-oz/10804762?fulfillmentIntent=Pickup,Stouffer's Lasagna with Meat & Sauce Frozen Meal 10.5 oz,Stouffer's,3.48,3.48,10.5,,2022-09-11 21:20:04,16482664
318861,66062,Frozen,Frozen Meals & Snacks,Shop all,Frozen/Frozen Meals & Snacks,139130891,https://www.walmart.com/ip/Marie-Callender-s-Beef-Shepherd-s-Pie-Frozen-Meal-11-5-oz/139130891?fulfillmentIntent=Pickup,"Marie Callender's Beef Shepherd's Pie Frozen Meal, 11.5 oz.",Marie Callender's,2.98,2.98,11.5,,2022-09-11 21:20:04,16482665
318862,66062,Frozen,Frozen Meals & Snacks,Shop all,Frozen/Frozen Meals & Snacks,14940814,https://www.walmart.com/ip/Michelina-s-Fettucine-Alfredo-with-Chicken-and-Broccoli-8-0-Oz-Frozen/14940814?fulfillmentIntent=Pickup,Michelina's Fettucine Alfredo with Chicken and Broccoli  8.0 Oz. (Frozen),Michelina's,1.24,1.24,8.0,,2022-09-11 21:20:04,16482666
318863,66062,Frozen,Frozen Meals & Snacks,Shop all,Frozen/Frozen Meals & Snacks,10794886,https://www.walmart.com/ip/Marie-Callender-s-Frozen-Dinner-Fettuccini-with-Chicken-Broccoli-13-Ounce/10794886?fulfillmentIntent=Pickup,"Marie Callender's Frozen Dinner, Fettuccini with Chicken & Broccoli, 13 Ounce",Marie Callender's,3.48,3.48,13,,2022-09-11 21:20:04,16482667
318864,66062,Frozen,Frozen Meals & Snacks,Shop all,Frozen/Frozen Meals & Snacks,854640170,https://www.walmart.com/ip/Marie-Callender-s-Frozen-Meal-Creamy-Vermont-Mac-Cheese-Bowl-13-Ounce/854640170?fulfillmentIntent=Pickup,"Marie Callender's Frozen Meal, Creamy Vermont Mac & Cheese Bowl, 13 Ounce",Marie Callender's,2.98,2.98,13,,2022-09-11 21:20:04,16482668
318865,66062,Frozen,Frozen Meals & Snacks,Shop all,Frozen/Frozen Meals & Snacks,284565637,https://www.walmart.com/ip/Marie-Callender-s-Frozen-Meal-Tender-Ginger-Beef-Broccoli-Bowl-11-8-Ounce/284565637?fulfillmentIntent=Pickup,"Marie Callender's Frozen Meal, Tender Ginger Beef & Broccoli Bowl, 11.8 Ounce",Marie Callender's,2.98,2.98,11.8,,2022-09-11 21:20:04,16482669
318866,66062,Frozen,Frozen Meals & Snacks,Shop all,Frozen/Frozen Meals & Snacks,899977032,https://www.walmart.com/ip/Banquet-Mega-Bowls-Country-Fried-Chicken-14-oz/899977032?fulfillmentIntent=Pickup,"Banquet Mega Bowls Country Fried Chicken, 14 oz",Homestyle Bakes,2.98,2.98,14,,2022-09-11 21:20:04,16482670
318867,66062,Frozen,Frozen Meals & Snacks,Shop all,Frozen/Frozen Meals & Snacks,13812845,https://www.walmart.com/ip/El-Monterey-Beef-Bean-Burritos-32-oz-Family-Size-8-Ct-Frozen/13812845?fulfillmentIntent=Pickup,"El Monterey Beef & Bean Burritos, 32 oz Family Size, 8 Ct (Frozen)",El Monterey,4.88,4.88,32,,2022-09-11 21:20:04,16482671
318868,66062,Frozen,Frozen Meals & Snacks,Shop all,Frozen/Frozen Meals & Snacks,14940855,https://www.walmart.com/ip/Michelina-s-Pop-n-Chicken-4-5-Oz-Frozen/14940855?fulfillmentIntent=Pickup&athbdg=L1600,Michelina's Pop'n Chicken 4.5 Oz. (Frozen),Michelina's,1.48,1.48,4.5,,2022-09-11 21:20:04,16482672
318869,66062,Frozen,Frozen Meals & Snacks,Shop all,Frozen/Frozen Meals & Snacks,15728862,https://www.walmart.com/ip/White-Castle-Classic-Cheese-Sliders-6-Two-Packs-per-box-11-oz/15728862?fulfillmentIntent=Pickup,"White Castle Classic Cheese Sliders, 6 Two-Packs per box, 11 oz",White Castle,5.78,5.78,11,,2022-09-11 21:20:04,16482673
318870,66062,Frozen,Frozen Meals & Snacks,Shop all,Frozen/Frozen Meals & Snacks,486302433,https://www.walmart.com/ip/Snapps-Loaded-Potato-Sticks-5-oz/486302433?fulfillmentIntent=Pickup,"Snapps Loaded Potato Sticks, 5 oz",Snapps,1.24,1.24,5,,2022-09-11 21:20:04,16482674
318871,66062,Frozen,Frozen Meals & Snacks,Shop all,Frozen/Frozen Meals & Snacks,11027865,https://www.walmart.com/ip/Great-Value-Fully-Cooked-Chicken-Strips-25-oz/11027865?fulfillmentIntent=Pickup,"Great Value Fully Cooked Chicken Strips, 25 oz",Great Value,8.98,8.98,25,,2022-09-11 21:20:04,16482675
318872,66062,Frozen,Frozen Meals & Snacks,Shop all,Frozen/Frozen Meals & Snacks,740662087,https://www.walmart.com/ip/Marie-Callender-s-Meat-Loaf-Gravy-12-4-oz/740662087?fulfillmentIntent=Pickup,"Marie Callender's Meat Loaf & Gravy, 12.4 oz",Marie Callender's,3.48,3.48,12.4,,2022-09-11 21:20:04,16482676
318873,66062,Frozen,Frozen Meals & Snacks,Shop all,Frozen/Frozen Meals & Snacks,37912493,https://www.walmart.com/ip/Healthy-Choice-Caf-Steamers-Asian-Inspired-Beef-Teriyaki-Frozen-Meal-9-5-oz/37912493?fulfillmentIntent=Pickup,"Healthy Choice Caf Steamers Asian Inspired Beef Teriyaki Frozen Meal, 9.5 oz.",Healthy Choice,3.12,3.12,9.5,,2022-09-11 21:20:04,16482677
318874,66062,Frozen,Frozen Meals & Snacks,Shop all,Frozen/Frozen Meals & Snacks,46064326,https://www.walmart.com/ip/Choice-Simply-Steamers-Frozen-Dinner-Chicken-Stir-Fry-9-25-oz/46064326?fulfillmentIntent=Pickup&athbdg=L1600,"Choice Simply Steamers Frozen Dinner, Chicken Stir Fry, 9.25 oz",Healthy Choice,3.42,3.42,9.25,,2022-09-11 21:20:04,16482678
318875,66062,Frozen,Frozen Meals & Snacks,Shop all,Frozen/Frozen Meals & Snacks,10534288,https://www.walmart.com/ip/Great-Value-Onion-Rings-16-oz/10534288?fulfillmentIntent=Pickup,"Great Value Onion Rings, 16 oz",Great Value,2.98,2.98,16,,2022-09-11 21:20:04,16482679
318876,66062,Frozen,Frozen Meals & Snacks,Shop all,Frozen/Frozen Meals & Snacks,855698433,https://www.walmart.com/ip/Snapps-Mozzarella-Sticks-5-oz/855698433?fulfillmentIntent=Pickup,"Snapps Mozzarella Sticks, 5 oz",Snapps,1.24,1.24,5,,2022-09-11 21:20:04,16482680
318877,66062,Frozen,Frozen Meals & Snacks,Shop all,Frozen/Frozen Meals & Snacks,37912490,https://www.walmart.com/ip/Healthy-Choice-Caf-Steamers-Grilled-Chicken-Pesto-With-Vegetables-Frozen-Meal-9-9-oz/37912490?fulfillmentIntent=Pickup&athbdg=L1600,"Healthy Choice Caf Steamers Grilled Chicken Pesto With Vegetables Frozen Meal, 9.9 oz.",Healthy Choice,3.12,3.12,9.9,,2022-09-11 21:20:04,16482681
318878,66062,Frozen,Frozen Meals & Snacks,Shop all,Frozen/Frozen Meals & Snacks,356880552,https://www.walmart.com/ip/Tai-Pei-Chicken-Fried-Rice-Frozen-Asian-Entr-e-11-oz/356880552?fulfillmentIntent=Pickup,Tai Pei Chicken Fried Rice Frozen Asian Entre 11 oz,Tai Pei,2.98,2.98,11,,2022-09-11 21:20:04,16482682
318879,66062,Frozen,Frozen Meals & Snacks,Shop all,Frozen/Frozen Meals & Snacks,45025243,https://www.walmart.com/ip/El-Monterey-Beef-Bean-Cheese-Flavor-Chimichangas-30-4-oz-Family-Size-8-Ct-Frozen/45025243?fulfillmentIntent=Pickup,"El Monterey Beef, Bean & Cheese Flavor Chimichangas, 30.4 oz Family Size, 8 Ct (Frozen)",El Monterey,4.88,4.88,30.4,,2022-09-11 21:20:04,16482683
318880,66062,Frozen,Frozen Meals & Snacks,Shop all,Frozen/Frozen Meals & Snacks,911502991,https://www.walmart.com/ip/Marie-Callender-s-Roasted-Garlic-Chicken-Bowl-Frozen-Meals-11-5-oz/911502991?fulfillmentIntent=Pickup,"Marie Callender's Roasted Garlic Chicken Bowl, Frozen Meals, 11.5 oz.",Marie Callender's,2.98,2.98,11.5,,2022-09-11 21:20:04,16482684
318881,66062,Frozen,Frozen Meals & Snacks,Shop all,Frozen/Frozen Meals & Snacks,10316632,https://www.walmart.com/ip/Great-Value-Breaded-Fish-Sticks-24-7-oz-44-Count-Frozen/10316632?fulfillmentIntent=Pickup,"Great Value Breaded Fish Sticks, 24.7 oz, 44 Count (Frozen)",Great Value,4.62,4.62,24.7,,2022-09-11 21:20:04,16482685
318882,66062,Frozen,Frozen Meals & Snacks,Shop all,Frozen/Frozen Meals & Snacks,10534214,https://www.walmart.com/ip/Great-Value-Regular-Cut-French-Fried-Potatoes-32-oz/10534214?fulfillmentIntent=Pickup,"Great Value Regular Cut French Fried Potatoes, 32 oz",Great Value,1.98,1.98,32,,2022-09-11 21:20:04,16482686
318883,66062,Frozen,Frozen Meals & Snacks,Shop all,Frozen/Frozen Meals & Snacks,47386167,https://www.walmart.com/ip/Banquet-Salisbury-Steak-Meal-11-88-oz/47386167?fulfillmentIntent=Pickup,"Banquet Salisbury Steak Meal, 11.88 oz",Homestyle Bakes,1.48,1.48,11.88,,2022-09-11 21:20:04,16482687
318884,66062,Frozen,Frozen Meals & Snacks,Shop all,Frozen/Frozen Meals & Snacks,10801192,https://www.walmart.com/ip/SuperPretzel-Original-Fully-Baked-Soft-Pretzels-6-count-13-oz/10801192?fulfillmentIntent=Pickup,"SuperPretzel Original Fully Baked Soft Pretzels, 6 count, 13 oz",SUPERPRETZEL,2.78,2.78,13,,2022-09-11 21:20:04,16482688
318885,66062,Frozen,Frozen Meals & Snacks,Shop all,Frozen/Frozen Meals & Snacks,10804995,https://www.walmart.com/ip/On-Cor-Chicken-Parmagiana-w-Tomato-Sauce-26-oz-Box/10804995?fulfillmentIntent=Pickup,On-Cor Chicken Parmagiana w/ Tomato Sauce 26 oz. Box,OnCor,3.97,3.97,26,,2022-09-11 21:20:04,16482689
318886,66062,Frozen,Frozen Meals & Snacks,Shop all,Frozen/Frozen Meals & Snacks,10794568,https://www.walmart.com/ip/Banquet-Classic-Chicken-Fried-Chicken-Frozen-Single-Serve-Meal-10-1-Ounce/10794568?fulfillmentIntent=Pickup,"Banquet Classic Chicken Fried Chicken Frozen Single Serve Meal, 10.1 Ounce",Homestyle Bakes,1.48,1.48,10.1,,2022-09-11 21:20:04,16482690
318887,66062,Frozen,Frozen Meals & Snacks,Shop all,Frozen/Frozen Meals & Snacks,47394251,https://www.walmart.com/ip/Banquet-Basic-Salisbury-Steak-with-Mac-and-Cheese-Frozen-Single-Serve-Meal-8-Ounce/47394251?fulfillmentIntent=Pickup,"Banquet Basic Salisbury Steak with Mac and Cheese Frozen Single Serve Meal, 8 Ounce",Homestyle Bakes,1.24,1.24,8,,2022-09-11 21:20:04,16482691
318888,66062,Frozen,Frozen Meals & Snacks,Shop all,Frozen/Frozen Meals & Snacks,818929788,https://www.walmart.com/ip/Marie-Callender-s-Frozen-Meal-Steak-Roasted-Potatoes-11-9-Ounce/818929788?fulfillmentIntent=Pickup,"Marie Callender's Frozen Meal, Steak & Roasted Potatoes, 11.9 Ounce",Marie Callender's,3.48,3.48,11.9,,2022-09-11 21:20:04,16482692
318889,66062,Frozen,Frozen Meals & Snacks,Shop all,Frozen/Frozen Meals & Snacks,37912485,https://www.walmart.com/ip/Healthy-Choice-Cafe-Steamers-Grilled-Chicken-Marinara-with-Parmesan-Frozen-Meal-9-5-OZ/37912485?fulfillmentIntent=Pickup,"Healthy Choice Cafe Steamers Grilled Chicken Marinara with Parmesan, Frozen Meal, 9.5 OZ",Healthy Choice,3.12,3.12,9.5,,2022-09-11 21:20:04,16482693
318890,66062,Frozen,Frozen Meals & Snacks,Shop all,Frozen/Frozen Meals & Snacks,10318308,https://www.walmart.com/ip/Stouffer-s-Family-Size-Lasagna-with-Meat-Sauce-Frozen-Meal/10318308?fulfillmentIntent=Pickup,Stouffer's Family Size Lasagna with Meat & Sauce Frozen Meal,Stouffer's,9.84,9.84,,,2022-09-11 21:20:04,16482694
318891,66062,Frozen,Frozen Meals & Snacks,Shop all,Frozen/Frozen Meals & Snacks,879997206,https://www.walmart.com/ip/Marie-Callender-s-Sweet-Pineapple-Chicken-Teriyaki-Bowl-12-3-oz/879997206?fulfillmentIntent=Pickup,"Marie Callender's Sweet Pineapple Chicken Teriyaki Bowl, 12.3 oz",Marie Callender's,2.98,2.98,12.3,,2022-09-11 21:20:04,16482695
318896,66062,Frozen,Frozen Meals & Snacks,Shop all,Frozen/Frozen Meals & Snacks,21838815,https://www.walmart.com/ip/Banquet-Frozen-Pot-Pie-Breakfast-Deep-Dish-Sausage-Gravy-7-Ounce/21838815?fulfillmentIntent=Pickup,"Banquet Frozen Pot Pie Breakfast, Deep Dish Sausage & Gravy, 7-Ounce",Homestyle Bakes,1.18,1.18,7,,2022-09-11 21:20:04,16482700
318900,66062,Frozen,Frozen Meals & Snacks,Shop all,Frozen/Frozen Meals & Snacks,13448573,https://www.walmart.com/ip/Stouffer-s-Spaghetti-with-Meat-Sauce-Frozen-Meal-12-oz/13448573?fulfillmentIntent=Pickup,Stouffer's Spaghetti with Meat Sauce Frozen Meal 12 oz,Stouffer's,3.48,3.48,12,,2022-09-11 21:20:04,16482704
318902,66062,Frozen,Frozen Meals & Snacks,Shop all,Frozen/Frozen Meals & Snacks,693082640,https://www.walmart.com/ip/Great-Value-Flour-Chicken-Taquitos-19-2-oz-16-Count/693082640?fulfillmentIntent=Pickup,"Great Value Flour Chicken Taquitos, 19.2 oz, 16 Count",Great Value,4.64,4.64,19.2,,2022-09-11 21:20:04,16482706
318903,66062,Frozen,Frozen Meals & Snacks,Shop all,Frozen/Frozen Meals & Snacks,10804758,https://www.walmart.com/ip/Stouffer-s-Classic-Meatloaf-Frozen-Meal-9-7-8-Ounce-9-875-oz/10804758?fulfillmentIntent=Pickup,"Stouffer's Classic Meatloaf Frozen Meal, 9 7/8 Ounce 9.875 oz",Stouffer's,3.48,3.48,9.875,,2022-09-11 21:20:04,16482707
318904,66062,Frozen,Frozen Meals & Snacks,Shop all,Frozen/Frozen Meals & Snacks,34701147,https://www.walmart.com/ip/Farm-Rich-Breaded-Mozzarella-Cheese-Sticks-High-Protein-Snack-Frozen-24-oz/34701147?fulfillmentIntent=Pickup,"Farm Rich Breaded Mozzarella Cheese Sticks, High Protein Snack, Frozen, 24 oz",Farm Rich,6.68,6.68,24,,2022-09-11 21:20:04,16482708
318905,66062,Frozen,Frozen Meals & Snacks,Shop all,Frozen/Frozen Meals & Snacks,47386166,https://www.walmart.com/ip/Banquet-Spaghetti-Meatballs-10-oz/47386166?fulfillmentIntent=Pickup,"Banquet Spaghetti & Meatballs, 10 oz",Homestyle Bakes,1.48,1.48,10,,2022-09-11 21:20:04,16482709
318906,66062,Frozen,Frozen Meals & Snacks,Shop all,Frozen/Frozen Meals & Snacks,46675150,https://www.walmart.com/ip/Great-Value-Cinnamon-French-Toast-Bites-16-oz-Frozen/46675150?fulfillmentIntent=Pickup,"Great Value Cinnamon French Toast Bites, 16 oz (Frozen)",Great Value,3.16,3.16,16,,2022-09-11 21:20:04,16482710
318907,66062,Frozen,Frozen Meals & Snacks,Shop all,Frozen/Frozen Meals & Snacks,386616119,https://www.walmart.com/ip/DEVOUR-Cajun-Style-Alfredo-with-Smoked-Sausage-Chicken-Frozen-Meal-10-oz-Box/386616119?fulfillmentIntent=Pickup&athbdg=L1300,"DEVOUR Cajun-Style Alfredo with Smoked Sausage & Chicken Frozen Meal, 10 oz Box",DEVOUR,3.26,2.93,10,,2022-09-11 21:20:04,16482711
318908,66062,Frozen,Frozen Meals & Snacks,Shop all,Frozen/Frozen Meals & Snacks,10804764,https://www.walmart.com/ip/Stouffer-s-Macaroni-Cheese-Frozen-Meal-12-oz/10804764?fulfillmentIntent=Pickup,Stouffer's Macaroni & Cheese Frozen Meal 12 oz,Stouffer's,3.27,3.27,12,,2022-09-11 21:20:04,16482712
318909,66062,Frozen,Frozen Meals & Snacks,Shop all,Frozen/Frozen Meals & Snacks,46064325,https://www.walmart.com/ip/Healthy-Choice-Simply-Steamers-Grilled-Chicken-Broccoli-Alfredo-Frozen-Meal-9-15-oz/46064325?fulfillmentIntent=Pickup,"Healthy Choice Simply Steamers Grilled Chicken & Broccoli Alfredo Frozen Meal, 9.15 oz.",Healthy Choice,3.42,3.42,9.15,,2022-09-11 21:20:04,16482713
318910,66062,Frozen,Frozen Meals & Snacks,Shop all,Frozen/Frozen Meals & Snacks,295473159,https://www.walmart.com/ip/Banquet-Mega-Bowls-Chicken-Fajita-Frozen-Dinner-14-Ounce/295473159?fulfillmentIntent=Pickup,"Banquet Mega Bowls Chicken Fajita Frozen Dinner, 14 Ounce",Homestyle Bakes,2.98,2.98,14,,2022-09-11 21:20:04,16482714
318911,66062,Frozen,Frozen Meals & Snacks,Shop all,Frozen/Frozen Meals & Snacks,446211123,https://www.walmart.com/ip/DEVOUR-White-Cheddar-Mac-Cheese-with-Smoked-Bacon-Frozen-Meal-12-oz-Box/446211123?fulfillmentIntent=Pickup&athbdg=L1300,"DEVOUR White Cheddar Mac & Cheese with Smoked Bacon Frozen Meal, 12 oz Box",DEVOUR,3.26,2.93,12,,2022-09-11 21:20:04,16482715
318912,66062,Frozen,Frozen Meals & Snacks,Shop all,Frozen/Frozen Meals & Snacks,192122658,https://www.walmart.com/ip/Healthy-Choice-Simply-Steamers-Frozen-Dinner-Beef-Broccoli-10-Ounce/192122658?fulfillmentIntent=Pickup,"Healthy Choice Simply Steamers Frozen Dinner, Beef & Broccoli, 10 Ounce",Healthy Choice,3.42,3.42,10,,2022-09-11 21:20:04,16482716
318913,66062,Frozen,Frozen Meals & Snacks,Shop all,Frozen/Frozen Meals & Snacks,10813738,https://www.walmart.com/ip/Marie-Callender-s-Sweet-Sour-Chicken-14-oz/10813738?fulfillmentIntent=Pickup,"Marie Callender's Sweet & Sour Chicken, 14 oz",Marie Callender's,3.48,3.48,14,,2022-09-11 21:20:04,16482717
318914,66062,Frozen,Frozen Meals & Snacks,Shop all,Frozen/Frozen Meals & Snacks,41584932,https://www.walmart.com/ip/Red-Robin-Onion-Rings-14-oz-Frozen/41584932?fulfillmentIntent=Pickup,"Red Robin Onion Rings, 14 oz (Frozen)",Red Robin,5.04,5.04,14,,2022-09-11 21:20:04,16482718
318915,66062,Frozen,Frozen Meals & Snacks,Shop all,Frozen/Frozen Meals & Snacks,182709676,https://www.walmart.com/ip/Healthy-Choice-Caf-Steamers-Sweet-Sour-Chicken-Frozen-Meal-10-oz/182709676?fulfillmentIntent=Pickup,"Healthy Choice Caf Steamers Sweet & Sour Chicken Frozen Meal, 10 oz.",Healthy Choice,3.12,3.12,10,,2022-09-11 21:20:04,16482719
318916,66062,Frozen,Frozen Meals & Snacks,Shop all,Frozen/Frozen Meals & Snacks,22027002,https://www.walmart.com/ip/Great-Value-White-Meat-Chicken-Egg-Rolls-10-8-oz-4-Count-Frozen/22027002?fulfillmentIntent=Pickup,"Great Value White Meat Chicken Egg Rolls, 10.8 oz, 4 Count (Frozen)",Great Value,2.98,2.98,10.8,,2022-09-11 21:20:04,16482720
318917,66062,Frozen,Frozen Meals & Snacks,Shop all,Frozen/Frozen Meals & Snacks,710335471,https://www.walmart.com/ip/Marie-Callender-s-Country-Fried-Chicken-Gravy-13-1-oz/710335471?fulfillmentIntent=Pickup,"Marie Callender's Country Fried Chicken & Gravy, 13.1 oz",Marie Callender's,3.48,3.48,13.1,,2022-09-11 21:20:04,16482721
318918,66062,Frozen,Frozen Meals & Snacks,Shop all,Frozen/Frozen Meals & Snacks,542272202,https://www.walmart.com/ip/Banquet-Mega-Bowls-Buffalo-Style-Chicken-Mac-n-Cheese-14-oz/542272202?fulfillmentIntent=Pickup,"Banquet Mega Bowls Buffalo-Style Chicken Mac 'n Cheese, 14 oz",Homestyle Bakes,2.98,2.98,14,,2022-09-11 21:20:04,16482722
318919,66062,Frozen,Frozen Meals & Snacks,Shop all,Frozen/Frozen Meals & Snacks,173195766,https://www.walmart.com/ip/Great-Value-Cheese-Pepperoni-Mini-Pizza-Bagels-7-oz-9-Count/173195766?fulfillmentIntent=Pickup,"Great Value Cheese & Pepperoni Mini Pizza Bagels, 7 oz, 9 Count",Great Value,1.98,1.98,7,,2022-09-11 21:20:04,16482723
318920,66062,Frozen,Frozen Meals & Snacks,Shop all,Frozen/Frozen Meals & Snacks,10804843,https://www.walmart.com/ip/Stouffer-s-Cheddar-Potato-Bake-Frozen-Meal-10-oz/10804843?fulfillmentIntent=Pickup,Stouffer's Cheddar Potato Bake Frozen Meal 10 oz,Ezekiel 4:9,3.27,3.27,10,,2022-09-11 21:20:04,16482724
318921,66062,Frozen,Frozen Meals & Snacks,Shop all,Frozen/Frozen Meals & Snacks,137963254,https://www.walmart.com/ip/Healthy-Choice-Simply-Steamers-Creamy-Spinach-Tomato-Linguini-Frozen-Meal-9-oz/137963254?fulfillmentIntent=Pickup,"Healthy Choice Simply Steamers Creamy Spinach & Tomato Linguini Frozen Meal, 9 oz.",Healthy Choice,3.42,3.42,9,,2022-09-11 21:20:04,16482725
318922,66062,Frozen,Frozen Meals & Snacks,Shop all,Frozen/Frozen Meals & Snacks,10804761,https://www.walmart.com/ip/Stouffer-s-Roast-Turkey-Frozen-Meal-9-625-oz/10804761?fulfillmentIntent=Pickup,Stouffer's Roast Turkey Frozen Meal 9.625 oz,Stouffer's,3.48,3.48,9.625,,2022-09-11 21:20:04,16482726
318923,66062,Frozen,Frozen Meals & Snacks,Shop all,Frozen/Frozen Meals & Snacks,10813520,https://www.walmart.com/ip/Coles-Mozzarella-Filled-Garlic-Cheese-Sticks-14-oz/10813520?fulfillmentIntent=Pickup,"Coles Mozzarella Filled Garlic Cheese Sticks, 14 oz",Cole's Trout,2.9,2.9,14,,2022-09-11 21:20:04,16482727
318924,66062,Frozen,Frozen Meals & Snacks,Shop all,Frozen/Frozen Meals & Snacks,14562659,https://www.walmart.com/ip/Stouffer-s-Macaroni-and-Beef-Frozen-Meal-12-875-Ounce-12-875-oz/14562659?fulfillmentIntent=Pickup,"Stouffer's Macaroni and Beef Frozen Meal, 12.875 Ounce 12.875 oz",Stouffer's,3.48,3.48,12.875,,2022-09-11 21:20:04,16482728
318925,66062,Frozen,Frozen Meals & Snacks,Shop all,Frozen/Frozen Meals & Snacks,21312088,https://www.walmart.com/ip/Healthy-Choice-Caf-Steamers-Four-Cheese-Ravioli-Chicken-Marinara-Frozen-Meal-10-oz/21312088?fulfillmentIntent=Pickup,"Healthy Choice Caf Steamers Four Cheese Ravioli & Chicken Marinara Frozen Meal, 10 oz.",Healthy Choice,3.12,3.12,10,,2022-09-11 21:20:04,16482729
318926,66062,Frozen,Frozen Meals & Snacks,Shop all,Frozen/Frozen Meals & Snacks,10813506,https://www.walmart.com/ip/Healthy-Choice-Caf-Steamers-Barbecue-Steak-Potatoes-Frozen-Meal-9-5-oz/10813506?fulfillmentIntent=Pickup,"Healthy Choice Caf Steamers Barbecue Steak Potatoes Frozen Meal, 9.5 oz.",Healthy Choice,3.12,3.12,9.5,,2022-09-11 21:20:04,16482730
318927,66062,Frozen,Frozen Meals & Snacks,Shop all,Frozen/Frozen Meals & Snacks,857503098,https://www.walmart.com/ip/Marie-Callender-s-Roasted-Turkey-Breast-Stuffing-11-85-oz/857503098?fulfillmentIntent=Pickup,"Marie Callender's Roasted Turkey Breast & Stuffing, 11.85 oz",Marie Callender's,3.48,3.48,11.85,,2022-09-11 21:20:04,16482731
318928,66062,Frozen,Frozen Meals & Snacks,Shop all,Frozen/Frozen Meals & Snacks,47394250,https://www.walmart.com/ip/Banquet-Classic-Chicken-Strips-Frozen-Single-Serve-Meal-8-9-Ounce/47394250?fulfillmentIntent=Pickup,"Banquet Classic Chicken Strips Frozen Single Serve Meal, 8.9 Ounce",Homestyle Bakes,1.48,1.48,8.9,,2022-09-11 21:20:04,16482732
318929,66062,Frozen,Frozen Meals & Snacks,Shop all,Frozen/Frozen Meals & Snacks,488248546,https://www.walmart.com/ip/Great-Value-Breaded-Okra-Frozen-Okra-Bites-12-oz-Bag/488248546?fulfillmentIntent=Pickup,"Great Value Breaded Okra, Frozen Okra Bites, 12 oz Bag",Great Value,1.2,1.2,12,,2022-09-11 21:20:04,16482733
318930,66062,Frozen,Frozen Meals & Snacks,Shop all,Frozen/Frozen Meals & Snacks,47386171,https://www.walmart.com/ip/Banquet-Classic-Backyard-BBQ-Frozen-Single-Serve-Meal-10-45-Ounce/47386171?fulfillmentIntent=Pickup,"Banquet Classic Backyard BBQ Frozen Single Serve Meal, 10.45 Ounce",Homestyle Bakes,1.48,1.48,10.45,,2022-09-11 21:20:04,16482734
318931,66062,Frozen,Frozen Meals & Snacks,Shop all,Frozen/Frozen Meals & Snacks,10790952,https://www.walmart.com/ip/Birds-Eye-Voila-Alfredo-Chicken-Skillet-Meal-21-Oz/10790952?fulfillmentIntent=Pickup,"Birds Eye Voila! Alfredo Chicken, Skillet Meal, 21 Oz",Birdseye,5.28,5.28,21,,2022-09-11 21:20:04,16482735
318937,66062,Frozen,Frozen Meals & Snacks,Shop all,Frozen/Frozen Meals & Snacks,159575057,https://www.walmart.com/ip/Tai-Pei-Frozen-Chicken-Vegetable-Rice-Sweet-Sour-Chicken-11-oz/159575057?fulfillmentIntent=Pickup,Tai Pei Frozen Chicken Vegetable Rice Sweet & Sour Chicken 11 oz,Tai Pei,2.98,2.98,11,,2022-09-11 21:20:04,16482741
318938,66062,Frozen,Frozen Meals & Snacks,Shop all,Frozen/Frozen Meals & Snacks,43002354,https://www.walmart.com/ip/Healthy-Choice-Simply-Steamers-Chicken-Fried-Rice-Frozen-Meal-10-oz/43002354?fulfillmentIntent=Pickup,"Healthy Choice Simply Steamers Chicken Fried Rice Frozen Meal, 10 oz.",Healthy Choice,3.42,3.42,10,,2022-09-11 21:20:04,16482742
318939,66062,Frozen,Frozen Meals & Snacks,Shop all,Frozen/Frozen Meals & Snacks,10804838,https://www.walmart.com/ip/Stouffer-s-Family-Size-Stuffed-Peppers-Frozen-Dinner-32-oz/10804838?fulfillmentIntent=Pickup,Stouffer's Family Size Stuffed Peppers Frozen Dinner 32 oz,Stouffer's,9.84,9.84,32,,2022-09-11 21:20:04,16482743
318940,66062,Frozen,Frozen Meals & Snacks,Shop all,Frozen/Frozen Meals & Snacks,10804818,https://www.walmart.com/ip/Lean-Cuisine-Favorites-Chicken-Enchilada-Suiza-Frozen-Meal-9-oz/10804818?fulfillmentIntent=Pickup,Lean Cuisine Favorites Chicken Enchilada Suiza Frozen Meal 9 oz,Lean Cuisine,3.14,3.14,9,,2022-09-11 21:20:04,16482744
318941,66062,Frozen,Frozen Meals & Snacks,Shop all,Frozen/Frozen Meals & Snacks,629111831,https://www.walmart.com/ip/Great-Value-Pepperoni-Pizza-Snack-Rolls-40-Count/629111831?fulfillmentIntent=Pickup,"Great Value Pepperoni Pizza Snack Rolls, 40 Count",Great Value,3.12,3.12,,,2022-09-11 21:20:04,16482745
318942,66062,Frozen,Frozen Meals & Snacks,Shop all,Frozen/Frozen Meals & Snacks,162230237,https://www.walmart.com/ip/Healthy-Choice-Caf-Steamers-Spaghetti-Meatballs-Frozen-Meal-9-5-oz/162230237?fulfillmentIntent=Pickup,"Healthy Choice Caf Steamers Spaghetti & Meatballs Frozen Meal, 9.5 oz.",Healthy Choice,3.12,3.12,9.5,,2022-09-11 21:20:04,16482746
318943,66062,Frozen,Frozen Meals & Snacks,Shop all,Frozen/Frozen Meals & Snacks,37912497,https://www.walmart.com/ip/Healthy-Choice-Simply-Steamers-Grilled-Basil-Chicken-Frozen-Meal-9-9-oz/37912497?fulfillmentIntent=Pickup,"Healthy Choice Simply Steamers Grilled Basil Chicken Frozen Meal, 9.9 oz.",Healthy Choice,3.42,3.42,9.9,,2022-09-11 21:20:04,16482747
318944,66062,Frozen,Frozen Meals & Snacks,Shop all,Frozen/Frozen Meals & Snacks,14940857,https://www.walmart.com/ip/Michelina-s-Chicken-Fried-Rice-8-0-Oz-Frozen/14940857?fulfillmentIntent=Pickup,Michelina's Chicken Fried Rice 8.0 Oz. (Frozen),Michelina's,1.24,1.24,8.0,,2022-09-11 21:20:04,16482748
318945,66062,Frozen,Frozen Meals & Snacks,Shop all,Frozen/Frozen Meals & Snacks,10318304,https://www.walmart.com/ip/Stouffer-s-Salisbury-Steak-Individual-Frozen-Meal-9-625-oz/10318304?fulfillmentIntent=Pickup,Stouffer's Salisbury Steak Individual Frozen Meal 9.625 oz,Stouffer's,3.48,3.48,9.625,,2022-09-11 21:20:04,16482749
318946,66062,Frozen,Frozen Meals & Snacks,Shop all,Frozen/Frozen Meals & Snacks,863907254,https://www.walmart.com/ip/Great-Value-Frozen-Classic-Corn-Dogs-16-oz-6-Count/863907254?fulfillmentIntent=Pickup,"Great Value Frozen Classic Corn Dogs, 16 oz, 6 Count",Great Value,3.98,3.98,16,,2022-09-11 21:20:04,16482750
318947,66062,Frozen,Frozen Meals & Snacks,Shop all,Frozen/Frozen Meals & Snacks,12444063,https://www.walmart.com/ip/State-Fair-Honey-Sweetened-Batter-Classic-Corn-Dogs-42-72-oz-16-Ct-Frozen/12444063?fulfillmentIntent=Pickup,"State Fair Honey Sweetened Batter Classic Corn Dogs, 42.72 oz, 16 Ct (Frozen)",State Fair,9.47,9.47,42.72,,2022-09-11 21:20:04,16482751
318948,66062,Frozen,Frozen Meals & Snacks,Shop all,Frozen/Frozen Meals & Snacks,10534211,https://www.walmart.com/ip/Great-Value-Steak-Cut-French-Fried-Potatoes-28-oz/10534211?fulfillmentIntent=Pickup,"Great Value Steak Cut French Fried Potatoes, 28 oz",Great Value,1.98,1.98,28,,2022-09-11 21:20:04,16482752
318949,66062,Frozen,Frozen Meals & Snacks,Shop all,Frozen/Frozen Meals & Snacks,37912486,https://www.walmart.com/ip/Healthy-Choice-Cafe-Steamers-Beef-Merlot-Frozen-Meal-9-5-OZ/37912486?fulfillmentIntent=Pickup,"Healthy Choice Cafe Steamers Beef Merlot, Frozen Meal, 9.5 OZ",Healthy Choice,3.12,3.12,9.5,,2022-09-11 21:20:04,16482753
318950,66062,Frozen,Frozen Meals & Snacks,Shop all,Frozen/Frozen Meals & Snacks,47386169,https://www.walmart.com/ip/Banquet-Classic-Sweet-and-Sour-Chicken-Frozen-Single-Serve-Meal-9-25-Ounce/47386169?fulfillmentIntent=Pickup,"Banquet Classic Sweet and Sour Chicken Frozen Single Serve Meal, 9.25 Ounce",Homestyle Bakes,1.48,1.48,9.25,,2022-09-11 21:20:04,16482754
318951,66062,Frozen,Frozen Meals & Snacks,Shop all,Frozen/Frozen Meals & Snacks,10804449,https://www.walmart.com/ip/Odom-s-Tennessee-Pride-Snack-Size-Sausage-Buttermilk-Biscuits-19-2-oz-12-Ct-Frozen/10804449?fulfillmentIntent=Pickup,"Odom's Tennessee Pride Snack Size Sausage & Buttermilk Biscuits, 19.2 oz, 12 Ct (Frozen)",Odom's Tennessee Pride,6.22,6.22,19.2,,2022-09-11 21:20:04,16482755
318952,66062,Frozen,Frozen Meals & Snacks,Shop all,Frozen/Frozen Meals & Snacks,17177003,https://www.walmart.com/ip/Stouffer-s-Lasagna-with-Meat-Sauce-Frozen-Meal-19-oz/17177003?fulfillmentIntent=Pickup,Stouffer's Lasagna with Meat & Sauce Frozen Meal 19 oz,Stouffer's,4.98,4.98,19,,2022-09-11 21:20:04,16482756
318953,66062,Frozen,Frozen Meals & Snacks,Shop all,Frozen/Frozen Meals & Snacks,630611681,https://www.walmart.com/ip/Marie-Callender-s-Frozen-Meal-Turkey-Pot-Pie-15-Ounce/630611681?fulfillmentIntent=Pickup,"Marie Callender's Frozen Meal, Turkey Pot Pie, 15 Ounce",Marie Callender's,3.48,3.48,15,,2022-09-11 21:20:04,16482757
318954,66062,Frozen,Frozen Meals & Snacks,Shop all,Frozen/Frozen Meals & Snacks,10849766,https://www.walmart.com/ip/Hungry-Man-Boneless-Fried-Chicken-Frozen-Dinner-16-oz/10849766?fulfillmentIntent=Pickup,"Hungry Man Boneless Fried Chicken Frozen Dinner, 16 oz.",Hungry-Man,3.74,3.74,16,,2022-09-11 21:20:04,16482758
318955,66062,Frozen,Frozen Meals & Snacks,Shop all,Frozen/Frozen Meals & Snacks,37912494,https://www.walmart.com/ip/Healthy-Choice-Caf-Steamers-Honey-Glazed-Turkey-Potatoes-Frozen-Meal-9-5-oz/37912494?fulfillmentIntent=Pickup,"Healthy Choice Caf Steamers Honey Glazed Turkey & Potatoes Frozen Meal, 9.5 oz.",Healthy Choice,3.12,3.12,9.5,,2022-09-11 21:20:04,16482759
318956,66062,Frozen,Frozen Meals & Snacks,Shop all,Frozen/Frozen Meals & Snacks,10804755,https://www.walmart.com/ip/Stouffer-s-Creamed-Chipped-Beef-Frozen-Meal-11-oz/10804755?fulfillmentIntent=Pickup,Stouffer's Creamed Chipped Beef Frozen Meal 11 oz,Stouffer's,3.48,3.48,11,,2022-09-11 21:20:04,16482760
318957,66062,Frozen,Frozen Meals & Snacks,Shop all,Frozen/Frozen Meals & Snacks,607781149,https://www.walmart.com/ip/Banquet-Mega-Bowls-Frozen-Meal-Dynamite-Penne-Meatballs-14-Ounce/607781149?fulfillmentIntent=Pickup,"Banquet Mega Bowls Frozen Meal, Dynamite Penne & Meatballs, 14 Ounce",Homestyle Bakes,2.98,2.98,14,,2022-09-11 21:20:04,16482761
318958,66062,Frozen,Frozen Meals & Snacks,Shop all,Frozen/Frozen Meals & Snacks,790498202,https://www.walmart.com/ip/Marie-Callender-s-Grilled-Chicken-Alfredo-Bake-Bowl-Frozen-Meals-11-6-oz/790498202?fulfillmentIntent=Pickup,"Marie Callender's Grilled Chicken Alfredo Bake Bowl, Frozen Meals, 11.6 oz.",Marie Callender's,2.98,2.98,11.6,,2022-09-11 21:20:04,16482762
318959,66062,Frozen,Frozen Meals & Snacks,Shop all,Frozen/Frozen Meals & Snacks,10813739,https://www.walmart.com/ip/Marie-Callender-s-Salisbury-Steak-14-oz/10813739?fulfillmentIntent=Pickup,"Marie Callender's Salisbury Steak, 14 oz",Marie Callender's,3.48,3.48,14,,2022-09-11 21:20:04,16482763
318960,66062,Frozen,Frozen Meals & Snacks,Shop all,Frozen/Frozen Meals & Snacks,14335914,https://www.walmart.com/ip/Tai-Pei-Chicken-Egg-Rolls-Frozen-Asian-Appetizers-24-5-Oz/14335914?fulfillmentIntent=Pickup&athbdg=L1600,Tai Pei Chicken Egg Rolls Frozen Asian Appetizers 24.5 Oz,Tai Pei,5.98,5.98,24.5,,2022-09-11 21:20:04,16482764
318961,66062,Frozen,Frozen Meals & Snacks,Shop all,Frozen/Frozen Meals & Snacks,15754263,https://www.walmart.com/ip/Hungry-Man-Selects-Classic-Fried-Chicken-Frozen-Meal-16-oz/15754263?fulfillmentIntent=Pickup,"Hungry Man Selects Classic Fried Chicken Frozen Meal, 16 oz.",Hungry-Man,4.78,4.78,16,,2022-09-11 21:20:04,16482765
318962,66062,Frozen,Frozen Meals & Snacks,Shop all,Frozen/Frozen Meals & Snacks,19757423,https://www.walmart.com/ip/Tyson-Any-tizers-Homestyle-Chicken-Fries-1-75-lb-Bag-Frozen/19757423?fulfillmentIntent=Pickup,"Tyson Any'tizers Homestyle Chicken Fries, 1.75 lb Bag (Frozen)",Tyson Any'tizers,9.98,9.98,1.75,,2022-09-11 21:20:04,16482766
318963,66062,Frozen,Frozen Meals & Snacks,Shop all,Frozen/Frozen Meals & Snacks,10794555,https://www.walmart.com/ip/Banquet-Frozen-Pot-Pie-Dinner-Beef-7-Ounce/10794555?fulfillmentIntent=Pickup,"Banquet Frozen Pot Pie Dinner, Beef, 7-Ounce",Homestyle Bakes,1.18,1.18,7,,2022-09-11 21:20:04,16482767
318964,66062,Frozen,Frozen Meals & Snacks,Shop all,Frozen/Frozen Meals & Snacks,170394216,https://www.walmart.com/ip/DEVOUR-Buffalo-Style-Chicken-Mac-Cheese-with-Buffalo-Cheddar-Cheese-Sauce-Blue-Cheese-Frozen-Meal-12-oz-Box/170394216?fulfillmentIntent=Pickup&athbdg=L1300,"DEVOUR Buffalo Style Chicken Mac & Cheese with Buffalo Cheddar Cheese Sauce & Blue Cheese Frozen Meal, 12 oz Box",DEVOUR,3.26,2.93,12,,2022-09-11 21:20:04,16482768
318965,66062,Frozen,Frozen Meals & Snacks,Shop all,Frozen/Frozen Meals & Snacks,10324290,https://www.walmart.com/ip/InnovAsian-General-Tso-s-Chicken-Meal-18-oz-Frozen/10324290?fulfillmentIntent=Pickup,"InnovAsian General Tso's Chicken Meal, 18 oz (Frozen)",InnovAsian Cuisine,6.48,6.48,18,,2022-09-11 21:20:04,16482769
318966,66062,Frozen,Frozen Meals & Snacks,Shop all,Frozen/Frozen Meals & Snacks,12444065,https://www.walmart.com/ip/State-Fair-Classic-Mini-Corn-Dogs-30-36-oz-46-Ct-Frozen/12444065?fulfillmentIntent=Pickup,"State Fair Classic Mini Corn Dogs, 30.36 oz, 46 Ct (Frozen)",State Fair,9.47,9.47,30.36,,2022-09-11 21:20:04,16482770
318967,66062,Frozen,Frozen Meals & Snacks,Shop all,Frozen/Frozen Meals & Snacks,14149967,https://www.walmart.com/ip/Tyson-Perfectly-Crispy-Chicken-Strips-1-56-lb-Bag-Frozen/14149967?fulfillmentIntent=Pickup,"Tyson Perfectly Crispy Chicken Strips, 1.56 lb Bag (Frozen)",Tyson,9.98,9.98,1.56,,2022-09-11 21:20:04,16482771
318968,66062,Frozen,Frozen Meals & Snacks,Shop all,Frozen/Frozen Meals & Snacks,46695581,https://www.walmart.com/ip/Great-Value-Garlic-Bread-Sticks-10-5-oz-Frozen/46695581?fulfillmentIntent=Pickup,"Great Value Garlic Bread Sticks, 10.5 oz (Frozen)",Great Value,2.32,2.32,10.5,,2022-09-11 21:20:04,16482772
318969,66062,Frozen,Frozen Meals & Snacks,Shop all,Frozen/Frozen Meals & Snacks,32272824,https://www.walmart.com/ip/InnovAsian-Vegetable-Fried-Rice-18-oz-Frozen/32272824?fulfillmentIntent=Pickup,"InnovAsian Vegetable Fried Rice, 18 oz (Frozen)",InnovAsian Cuisine,4.24,4.24,18,,2022-09-11 21:20:04,16482773
318970,66062,Frozen,Frozen Meals & Snacks,Shop all,Frozen/Frozen Meals & Snacks,14574567,https://www.walmart.com/ip/Stouffer-s-Rigatoni-with-Chicken-Pesto-Frozen-Meal-8-375-oz/14574567?fulfillmentIntent=Pickup,Stouffer's Rigatoni with Chicken & Pesto Frozen Meal 8.375 oz,Stouffer's,3.48,3.48,8.375,,2022-09-11 21:20:04,16482774
318971,66062,Frozen,Frozen Meals & Snacks,Shop all,Frozen/Frozen Meals & Snacks,104785864,https://www.walmart.com/ip/Tai-Pei-Beef-Broccoli-Frozen-Asian-Entr-e-10oz/104785864?fulfillmentIntent=Pickup,Tai Pei Beef & Broccoli Frozen Asian Entre 10oz,Tai Pei,2.98,2.98,10,,2022-09-11 21:20:04,16482775
318972,66062,Frozen,Frozen Meals & Snacks,Shop all,Frozen/Frozen Meals & Snacks,355259322,https://www.walmart.com/ip/Banquet-Mega-Bowls-Chicken-Fried-Beef-Steak-14-oz/355259322?fulfillmentIntent=Pickup,"Banquet Mega Bowls Chicken Fried Beef Steak, 14 oz",Homestyle Bakes,2.98,2.98,14,,2022-09-11 21:20:04,16482776
318973,66062,Frozen,Frozen Meals & Snacks,Shop all,Frozen/Frozen Meals & Snacks,127099746,https://www.walmart.com/ip/Marie-Callender-s-Frozen-Meal-Beef-Pot-Pie-15-oz/127099746?fulfillmentIntent=Pickup,"Marie Callender's Frozen Meal, Beef Pot Pie, 15 oz",Marie Callender's,3.48,3.48,15,,2022-09-11 21:20:04,16482777
318974,66062,Frozen,Frozen Meals & Snacks,Shop all,Frozen/Frozen Meals & Snacks,43002353,https://www.walmart.com/ip/Healthy-Choice-Simply-Steamers-Meatball-Marinara-Frozen-Meal-10-oz/43002353?fulfillmentIntent=Pickup,"Healthy Choice Simply Steamers Meatball Marinara Frozen Meal, 10 oz.",Healthy Choice,3.42,3.42,10,,2022-09-11 21:20:04,16482778
318975,66062,Frozen,Frozen Meals & Snacks,Shop all,Frozen/Frozen Meals & Snacks,166245058,https://www.walmart.com/ip/InnovAsian-Crispy-Honey-Chicken-Meal-18-oz-Frozen/166245058?fulfillmentIntent=Pickup,"InnovAsian Crispy Honey Chicken Meal, 18 oz (Frozen)",InnovAsian Cuisine,6.48,6.48,18,,2022-09-11 21:20:04,16482779
318976,66062,Frozen,Frozen Meals & Snacks,Shop all,Frozen/Frozen Meals & Snacks,12166650,https://www.walmart.com/ip/Hot-Pockets-Frozen-Snacks-Pepperoni-Pizza-Frozen-Sandwiches-22-5-oz/12166650?fulfillmentIntent=Pickup,Hot Pockets Frozen Snacks Pepperoni Pizza Frozen Sandwiches 22.5 oz,Hot Pockets,6.48,6.48,22.5,,2022-09-11 21:20:04,16482780
319009,66062,Frozen,Frozen Meals & Snacks,Shop all,Frozen/Frozen Meals & Snacks,532906145,https://www.walmart.com/ip/Tai-Pei-Shrimp-Fried-Rice-Frozen-Asian-Entr-e-9-oz/532906145?fulfillmentIntent=Pickup,Tai Pei Shrimp Fried Rice Frozen Asian Entre 9 oz,Tai Pei,2.98,2.98,9,,2022-09-11 21:20:04,16482813
319010,66062,Frozen,Frozen Meals & Snacks,Shop all,Frozen/Frozen Meals & Snacks,12444427,https://www.walmart.com/ip/Jimmy-Dean-Sausage-Egg-Cheese-Croissant-Sandwich-36-oz-8-Ct-Frozen/12444427?fulfillmentIntent=Pickup&athbdg=L1300,"Jimmy Dean Sausage Egg & Cheese Croissant Sandwich, 36 oz, 8 Ct (Frozen)",Jimmy Dean,9.98,9.88,36,,2022-09-11 21:20:04,16482814
319011,66062,Frozen,Frozen Meals & Snacks,Shop all,Frozen/Frozen Meals & Snacks,10321935,https://www.walmart.com/ip/Fast-Fixin-Restaurant-Style-Country-Fried-Steak-with-Gravy-1-4-lb-Bag-Frozen/10321935?fulfillmentIntent=Pickup,"Fast Fixin' Restaurant Style Country Fried Steak with Gravy, 1.4 lb Bag (Frozen)",Fast Fixin',8.98,8.98,1.4,,2022-09-11 21:20:04,16482815
319012,66062,Frozen,Frozen Meals & Snacks,Shop all,Frozen/Frozen Meals & Snacks,14562655,https://www.walmart.com/ip/Stouffer-s-Fettuccini-Alfredo-Frozen-Meal-11-5-oz/14562655?fulfillmentIntent=Pickup,Stouffer's Fettuccini Alfredo Frozen Meal 11.5 oz,Stouffer's,3.48,3.48,11.5,,2022-09-11 21:20:04,16482816
319013,66062,Frozen,Frozen Meals & Snacks,Shop all,Frozen/Frozen Meals & Snacks,37912498,https://www.walmart.com/ip/Healthy-Choice-Caf-Steamers-Pineapple-Chicken-Frozen-Meal-9-9-oz/37912498?fulfillmentIntent=Pickup,"Healthy Choice Caf Steamers Pineapple Chicken Frozen Meal, 9.9 oz.",Healthy Choice,3.12,3.12,9.9,,2022-09-11 21:20:04,16482817
319014,66062,Frozen,Frozen Meals & Snacks,Shop all,Frozen/Frozen Meals & Snacks,37912500,https://www.walmart.com/ip/Healthy-Choice-Caf-Steamers-Crustless-Chicken-Pot-Pie-9-6-oz/37912500?fulfillmentIntent=Pickup,"Healthy Choice Caf Steamers Crustless Chicken Pot Pie, 9.6 oz",Healthy Choice,3.12,3.12,9.6,,2022-09-11 21:20:04,16482818
319015,66062,Frozen,Frozen Meals & Snacks,Shop all,Frozen/Frozen Meals & Snacks,10804839,https://www.walmart.com/ip/Stouffer-s-Party-Size-Chicken-Enchiladas-Frozen-Meal-57-oz/10804839?fulfillmentIntent=Pickup,Stouffer's Party Size Chicken Enchiladas Frozen Meal 57 oz,Stouffer's,16.48,16.48,57,,2022-09-11 21:20:04,16482819
319016,66062,Frozen,Frozen Meals & Snacks,Shop all,Frozen/Frozen Meals & Snacks,580021400,https://www.walmart.com/ip/Totino-s-Pepperoni-Frozen-Pizza-Rolls-100-Count/580021400?fulfillmentIntent=Pickup,"Totino's Pepperoni Frozen Pizza Rolls, 100 Count",Totino's,9.88,9.88,,,2022-09-11 21:20:04,16482820
319017,66062,Frozen,Frozen Meals & Snacks,Shop all,Frozen/Frozen Meals & Snacks,15556207,https://www.walmart.com/ip/Hungry-Man-Roasted-Turkey-Breast-Frozen-Dinner-16-oz/15556207?fulfillmentIntent=Pickup,"Hungry Man Roasted Turkey Breast Frozen Dinner, 16 oz.",Hungry-Man,3.74,3.74,16,,2022-09-11 21:20:04,16482821
319018,66062,Frozen,Frozen Meals & Snacks,Shop all,Frozen/Frozen Meals & Snacks,10804767,https://www.walmart.com/ip/Stouffer-s-Spaghetti-with-Meatballs-Frozen-Meal-12-625-oz/10804767?fulfillmentIntent=Pickup,Stouffer's Spaghetti with Meatballs Frozen Meal 12.625 oz,Stouffer's,3.48,3.48,12.625,,2022-09-11 21:20:04,16482822
319019,66062,Frozen,Frozen Meals & Snacks,Shop all,Frozen/Frozen Meals & Snacks,22002576,https://www.walmart.com/ip/Jose-Ole-Beef-Cheese-Chimichanga-5-oz/22002576?fulfillmentIntent=Pickup,"Jose Ole Beef & Cheese Chimichanga, 5 oz",José Olé,1.22,1.22,5,,2022-09-11 21:20:04,16482823
319020,66062,Frozen,Frozen Meals & Snacks,Shop all,Frozen/Frozen Meals & Snacks,15435631,https://www.walmart.com/ip/Hungry-Man-Salisbury-Steak-Frozen-Dinner-16-oz/15435631?fulfillmentIntent=Pickup,"Hungry Man Salisbury Steak Frozen Dinner, 16 oz.",Hungry-Man,3.74,3.74,16,,2022-09-11 21:20:04,16482824
319021,66062,Frozen,Frozen Meals & Snacks,Shop all,Frozen/Frozen Meals & Snacks,10804841,https://www.walmart.com/ip/Stouffer-s-Family-Size-Grandma-s-Chicken-Vegetable-Rice-Bake-Frozen-Meal-36-oz/10804841?fulfillmentIntent=Pickup,Stouffer's Family Size Grandma's Chicken & Vegetable Rice Bake Frozen Meal 36 oz,Stouffer's,9.84,9.84,36,,2022-09-11 21:20:04,16482825
319022,66062,Frozen,Frozen Meals & Snacks,Shop all,Frozen/Frozen Meals & Snacks,14940646,https://www.walmart.com/ip/Smart-Ones-Three-Cheese-Ziti-Pasta-Marinara-with-Mozzarella-Monterey-Jack-Parmesan-Cheeses-Frozen-Meal-9-oz-Box/14940646?fulfillmentIntent=Pickup&athbdg=L1300,"Smart Ones Three Cheese Ziti Pasta Marinara with Mozzarella, Monterey Jack & Parmesan Cheeses Frozen Meal, 9 oz Box",SMART ONES,2.18,1.96,9,,2022-09-11 21:20:04,16482826
319023,66062,Frozen,Frozen Meals & Snacks,Shop all,Frozen/Frozen Meals & Snacks,10794884,https://www.walmart.com/ip/Marie-Callender-s-Chicken-Pot-Pie-10-oz/10794884?fulfillmentIntent=Pickup,"Marie Callender's Chicken Pot Pie, 10 oz",Marie Callender's,2.98,2.98,10,,2022-09-11 21:20:04,16482827
319024,66062,Frozen,Frozen Meals & Snacks,Shop all,Frozen/Frozen Meals & Snacks,10790949,https://www.walmart.com/ip/Birds-Eye-Voila-Garlic-Chicken-Skillet-Meal-21-Oz/10790949?fulfillmentIntent=Pickup,"Birds Eye Voila! Garlic Chicken, Skillet Meal, 21 Oz",Birdseye,5.28,5.28,21,,2022-09-11 21:20:04,16482828
319025,66062,Frozen,Frozen Meals & Snacks,Shop all,Frozen/Frozen Meals & Snacks,20971335,https://www.walmart.com/ip/Great-Value-Croissant-Sandwiches-Bacon-Egg-and-Cheese-4-Count-Frozen/20971335?fulfillmentIntent=Pickup,"Great Value Croissant Sandwiches Bacon Egg and Cheese, 4 Count (Frozen)",Great Value,5.78,5.78,,,2022-09-11 21:20:04,16482829
319026,66062,Frozen,Frozen Meals & Snacks,Shop all,Frozen/Frozen Meals & Snacks,14149969,https://www.walmart.com/ip/Tyson-Fully-Cooked-Honey-Battered-Breast-Tenders-1-59-lb-Bag-Frozen/14149969?fulfillmentIntent=Pickup,"Tyson Fully Cooked Honey Battered Breast Tenders, 1.59 lb Bag (Frozen)",Tyson,6.98,6.98,1.59,,2022-09-11 21:20:04,16482830
319027,66062,Frozen,Frozen Meals & Snacks,Shop all,Frozen/Frozen Meals & Snacks,10804760,https://www.walmart.com/ip/Stouffer-s-Baked-Chicken-Frozen-Meal-8-875-oz/10804760?fulfillmentIntent=Pickup,Stouffer's Baked Chicken Frozen Meal 8.875 oz,Stouffer's,3.48,3.48,8.875,,2022-09-11 21:20:04,16482831
319028,66062,Frozen,Frozen Meals & Snacks,Shop all,Frozen/Frozen Meals & Snacks,14149974,https://www.walmart.com/ip/Tyson-Any-tizers-Honey-BBQ-Boneless-Chicken-Bites-1-5-lb-Bag-Frozen/14149974?fulfillmentIntent=Pickup,"Tyson Any'tizers Honey BBQ Boneless Chicken Bites, 1.5 lb Bag (Frozen)",Tyson Any'tizers,9.98,9.98,1.5,,2022-09-11 21:20:04,16482832
319029,66062,Frozen,Frozen Meals & Snacks,Shop all,Frozen/Frozen Meals & Snacks,264225278,https://www.walmart.com/ip/Healthy-Choice-Power-Bowls-Spicy-Black-Bean-Chicken-9-75-oz/264225278?fulfillmentIntent=Pickup,"Healthy Choice Power Bowls Spicy Black Bean & Chicken, 9.75 oz",Healthy Choice,3.98,3.98,9.75,,2022-09-11 21:20:04,16482833
319030,66062,Frozen,Frozen Meals & Snacks,Shop all,Frozen/Frozen Meals & Snacks,10849171,https://www.walmart.com/ip/Zatarain-s-Frozen-Meal-Blackened-Chicken-Alfredo-10-5-oz/10849171?fulfillmentIntent=Pickup,"Zatarain's Frozen Meal - Blackened Chicken Alfredo, 10.5 oz",Zatarain's,3.98,3.98,10.5,,2022-09-11 21:20:04,16482834
319031,66062,Frozen,Frozen Meals & Snacks,Shop all,Frozen/Frozen Meals & Snacks,10324293,https://www.walmart.com/ip/InnovAsian-Sweet-Sour-Chicken-Meal-18-oz-Frozen/10324293?fulfillmentIntent=Pickup,"InnovAsian Sweet & Sour Chicken Meal, 18 oz (Frozen)",InnovAsian Cuisine,6.48,6.48,18,,2022-09-11 21:20:04,16482835
319032,66062,Frozen,Frozen Meals & Snacks,Shop all,Frozen/Frozen Meals & Snacks,10804813,https://www.walmart.com/ip/Lean-Cuisine-Favorites-Lasagna-With-Meat-Sauce-Frozen-Meal-10-5-oz/10804813?fulfillmentIntent=Pickup,Lean Cuisine Favorites Lasagna With Meat Sauce Frozen Meal 10.5 oz,Lean Cuisine,2.62,2.62,10.5,,2022-09-11 21:20:04,16482836
319033,66062,Frozen,Frozen Meals & Snacks,Shop all,Frozen/Frozen Meals & Snacks,14940813,https://www.walmart.com/ip/Michelina-s-Macaroni-and-Cheese-8-0-Oz-Frozen/14940813?fulfillmentIntent=Pickup,Michelina's Macaroni and Cheese  8.0 Oz. (Frozen),Michelina's,1.24,1.24,8.0,,2022-09-11 21:20:04,16482837
319034,66062,Frozen,Frozen Meals & Snacks,Shop all,Frozen/Frozen Meals & Snacks,12165927,https://www.walmart.com/ip/Smart-Ones-Santa-Fe-Rice-Beans-with-Zucchini-Zesty-Green-Chile-Sour-Cream-Sauce-Mozzarella-Cheese-Frozen-Meal-9-oz-Box/12165927?fulfillmentIntent=Pickup&athbdg=L1300,"Smart Ones Santa Fe Rice & Beans with Zucchini, Zesty Green Chile Sour Cream Sauce & Mozzarella Cheese Frozen Meal, 9 oz Box",SMART ONES,2.18,1.96,9,,2022-09-11 21:20:04,16482838
319035,66062,Frozen,Frozen Meals & Snacks,Shop all,Frozen/Frozen Meals & Snacks,10849454,https://www.walmart.com/ip/Stouffer-s-Family-Size-Meatloaf-Frozen-Meal-33-oz/10849454?fulfillmentIntent=Pickup,Stouffer's Family Size Meatloaf Frozen Meal 33 oz,Stouffer's,9.84,9.84,33,,2022-09-11 21:20:04,16482839
319036,66062,Frozen,Frozen Meals & Snacks,Shop all,Frozen/Frozen Meals & Snacks,37523997,https://www.walmart.com/ip/Healthy-Choice-Cafe-Steamers-Chicken-Margherita-with-Balsamic-Frozen-Meal-9-5-OZ/37523997?fulfillmentIntent=Pickup,"Healthy Choice Cafe Steamers Chicken Margherita with Balsamic, Frozen Meal, 9.5 OZ",Healthy Choice,3.12,3.12,9.5,,2022-09-11 21:20:04,16482840
319037,66062,Frozen,Frozen Meals & Snacks,Shop all,Frozen/Frozen Meals & Snacks,196158083,https://www.walmart.com/ip/Great-Value-Pepperoni-Cheese-Filled-Sandwiches-9-oz-2-Count/196158083?fulfillmentIntent=Pickup,"Great Value Pepperoni & Cheese Filled Sandwiches, 9 oz, 2 Count",Great Value,1.98,1.98,9,,2022-09-11 21:20:04,16482841
319038,66062,Frozen,Frozen Meals & Snacks,Shop all,Frozen/Frozen Meals & Snacks,35245810,https://www.walmart.com/ip/Stouffer-s-Family-Size-Meat-Lovers-Lasagna-Frozen-Meal-34-oz/35245810?fulfillmentIntent=Pickup,Stouffer's Family Size Meat Lovers Lasagna Frozen Meal 34 oz,Stouffer's,9.84,9.84,34,,2022-09-11 21:20:04,16482842
319039,66062,Frozen,Frozen Meals & Snacks,Shop all,Frozen/Frozen Meals & Snacks,12166184,https://www.walmart.com/ip/Lean-Cuisine-Favorites-Five-Cheese-Rigatoni-Frozen-Meal-10-oz/12166184?fulfillmentIntent=Pickup,Lean Cuisine Favorites Five Cheese Rigatoni Frozen Meal 10 oz,Lean Cuisine,3.14,3.14,10,,2022-09-11 21:20:04,16482843
319040,66062,Frozen,Frozen Meals & Snacks,Shop all,Frozen/Frozen Meals & Snacks,10324291,https://www.walmart.com/ip/InnovAsian-Orange-Chicken-Meal-18-oz-Frozen/10324291?fulfillmentIntent=Pickup,"InnovAsian Orange Chicken Meal, 18 oz (Frozen)",InnovAsian Cuisine,6.48,6.48,18,,2022-09-11 21:20:04,16482844
319041,66062,Frozen,Frozen Meals & Snacks,Shop all,Frozen/Frozen Meals & Snacks,10790950,https://www.walmart.com/ip/Birds-Eye-Voila-Three-Cheese-Chicken-Skillet-Meal-21-Oz/10790950?fulfillmentIntent=Pickup,"Birds Eye Voila! Three Cheese Chicken, Skillet Meal, 21 Oz",Birdseye,5.28,5.28,21,,2022-09-11 21:20:04,16482845
319042,66062,Frozen,Frozen Meals & Snacks,Shop all,Frozen/Frozen Meals & Snacks,20971337,https://www.walmart.com/ip/Great-Value-Croissant-Sandwiches-Sausage-Egg-and-Cheese-4-Count-Frozen/20971337?fulfillmentIntent=Pickup,"Great Value Croissant Sandwiches Sausage Egg and Cheese, 4 Count (Frozen)",Great Value,5.78,5.78,,,2022-09-11 21:20:04,16482846
319043,66062,Frozen,Frozen Meals & Snacks,Shop all,Frozen/Frozen Meals & Snacks,156799461,https://www.walmart.com/ip/Hot-Pockets-Pepperoni-Pizza-Crispy-Crust-Frozen-Snacks-12-Count-Box-54-oz/156799461?fulfillmentIntent=Pickup,"Hot Pockets Pepperoni Pizza Crispy Crust Frozen Snacks, 12 Count Box 54 oz",Hot Pockets,13.48,13.48,54,,2022-09-11 21:20:04,16482847
319044,66062,Frozen,Frozen Meals & Snacks,Shop all,Frozen/Frozen Meals & Snacks,37912489,https://www.walmart.com/ip/Healthy-Choice-Cafe-Steamers-General-Tso-s-Spicy-Chicken-Frozen-Meal-10-3-OZ/37912489?fulfillmentIntent=Pickup,"Healthy Choice Cafe Steamers General Tso's Spicy Chicken, Frozen Meal, 10.3 OZ",Healthy Choice,3.12,3.12,10.3,,2022-09-11 21:20:04,16482848
319045,66062,Frozen,Frozen Meals & Snacks,Shop all,Frozen/Frozen Meals & Snacks,16504551,https://www.walmart.com/ip/Great-Value-Pancake-Sausage-on-a-Stick-25-oz-10-Count-Frozen/16504551?fulfillmentIntent=Pickup,"Great Value Pancake & Sausage on a Stick, 25 oz, 10 Count (Frozen)",Great Value,6.26,6.26,25,,2022-09-11 21:20:04,16482849
319046,66062,Frozen,Frozen Meals & Snacks,Shop all,Frozen/Frozen Meals & Snacks,14574570,https://www.walmart.com/ip/Stouffer-s-Chicken-Fettuccini-Alfredo-Frozen-Meal-10-5-oz/14574570?fulfillmentIntent=Pickup,Stouffer's Chicken Fettuccini Alfredo Frozen Meal 10.5 oz,Stouffer's,3.48,3.48,10.5,,2022-09-11 21:20:04,16482850
319047,66062,Frozen,Frozen Meals & Snacks,Shop all,Frozen/Frozen Meals & Snacks,32250866,https://www.walmart.com/ip/Great-Value-Breaded-Chicken-Nuggets-70-oz/32250866?fulfillmentIntent=Pickup,"Great Value Breaded Chicken Nuggets, 70 oz",Great Value,12.48,12.48,70,,2022-09-11 21:20:04,16482851
319048,66062,Frozen,Frozen Meals & Snacks,Shop all,Frozen/Frozen Meals & Snacks,47456196,https://www.walmart.com/ip/Banquet-Mega-Meals-Boneless-Fried-Chicken-Frozen-Dinner-12-Ounce/47456196?fulfillmentIntent=Pickup,"Banquet Mega Meals Boneless Fried Chicken Frozen Dinner, 12 Ounce",Homestyle Bakes,3.12,3.12,12,,2022-09-11 21:20:04,16482852
319084,66062,Frozen,Frozen Meals & Snacks,Shop all,Frozen/Frozen Meals & Snacks,37912488,https://www.walmart.com/ip/Healthy-Choice-Caf-Steamers-Sweet-Sesame-Glazed-Chicken-Frozen-Meal-9-75-oz/37912488?fulfillmentIntent=Pickup,"Healthy Choice Caf Steamers Sweet Sesame Glazed Chicken Frozen Meal, 9.75 oz.",Healthy Choice,3.12,3.12,9.75,,2022-09-11 21:20:04,16482888
319085,66062,Frozen,Frozen Meals & Snacks,Shop all,Frozen/Frozen Meals & Snacks,10794556,https://www.walmart.com/ip/Banquet-Frozen-Pot-Pie-Dinner-Turkey-7-Ounce/10794556?fulfillmentIntent=Pickup,"Banquet Frozen Pot Pie Dinner,Turkey, 7-Ounce",Homestyle Bakes,1.18,1.18,7,,2022-09-11 21:20:04,16482889
319086,66062,Frozen,Frozen Meals & Snacks,Shop all,Frozen/Frozen Meals & Snacks,15729022,https://www.walmart.com/ip/Tyson-All-Natural-Fully-Cooked-Breaded-Chicken-Patties-Family-Pack-3-7-lb-Frozen/15729022?fulfillmentIntent=Pickup,"Tyson All Natural* Fully Cooked & Breaded Chicken Patties Family Pack, 3.7 lb (Frozen)",Tyson,13.98,13.98,3.7,,2022-09-11 21:20:04,16482890
319087,66062,Frozen,Frozen Meals & Snacks,Shop all,Frozen/Frozen Meals & Snacks,10804811,https://www.walmart.com/ip/Lean-Cuisine-Favorites-Spaghetti-With-Meat-Sauce-Frozen-Meal-11-5-oz/10804811?fulfillmentIntent=Pickup,Lean Cuisine Favorites Spaghetti With Meat Sauce Frozen Meal 11.5 oz,Lean Cuisine,3.12,3.12,11.5,,2022-09-11 21:20:04,16482891
319088,66062,Frozen,Frozen Meals & Snacks,Shop all,Frozen/Frozen Meals & Snacks,53989286,https://www.walmart.com/ip/Jimmy-Dean-Cinnamon-French-Toast-Sausage-on-a-Stick-30-oz-12-Ct-Frozen/53989286?fulfillmentIntent=Pickup,"Jimmy Dean Cinnamon French Toast & Sausage on a Stick, 30 oz, 12 Ct (Frozen)",Jimmy Dean,9.64,9.64,30,,2022-09-11 21:20:04,16482892
319089,66062,Frozen,Frozen Meals & Snacks,Shop all,Frozen/Frozen Meals & Snacks,10324295,https://www.walmart.com/ip/InnovAsian-Orange-Chicken-Meal-36-oz-Frozen/10324295?fulfillmentIntent=Pickup,"InnovAsian Orange Chicken Meal, 36 oz (Frozen)",InnovAsian Cuisine,10.58,10.58,36,,2022-09-11 21:20:04,16482893
319090,66062,Frozen,Frozen Meals & Snacks,Shop all,Frozen/Frozen Meals & Snacks,14940752,https://www.walmart.com/ip/Zatarain-s-Frozen-Meal-Shrimp-Alfredo-10-5-oz/14940752?fulfillmentIntent=Pickup,"Zatarain's Frozen Meal - Shrimp Alfredo, 10.5 oz",Zatarain's,3.98,3.98,10.5,,2022-09-11 21:20:04,16482894
319091,66062,Frozen,Frozen Meals & Snacks,Shop all,Frozen/Frozen Meals & Snacks,54593972,https://www.walmart.com/ip/Bar-S-Classic-Corn-Dogs-42-72-oz-16-Ct-Frozen/54593972?fulfillmentIntent=Pickup,"Bar-S Classic Corn Dogs, 42.72 oz, 16 Ct (Frozen)",Bar-S,6.97,6.97,42.72,,2022-09-11 21:20:04,16482895
319092,66062,Frozen,Frozen Meals & Snacks,Shop all,Frozen/Frozen Meals & Snacks,22002577,https://www.walmart.com/ip/Jose-Ole-Chicken-Cheese-Chimichanga-5-oz/22002577?fulfillmentIntent=Pickup,"Jose Ole Chicken & Cheese Chimichanga, 5 oz",José Olé,1.22,1.22,5,,2022-09-11 21:20:04,16482896
319093,66062,Frozen,Frozen Meals & Snacks,Shop all,Frozen/Frozen Meals & Snacks,10804807,https://www.walmart.com/ip/Lean-Cuisine-Features-Herb-Roasted-Chicken-Frozen-Meal-8-oz/10804807?fulfillmentIntent=Pickup,Lean Cuisine Features Herb Roasted Chicken Frozen Meal 8 oz,Lean Cuisine,3.58,3.58,8,,2022-09-11 21:20:04,16482897
319094,66062,Frozen,Frozen Meals & Snacks,Shop all,Frozen/Frozen Meals & Snacks,10849747,https://www.walmart.com/ip/Smucker-s-Uncrustables-Peanut-Butter-Grape-Jelly-Sandwich-4-Count-Pack/10849747?fulfillmentIntent=Pickup,"Smucker's Uncrustables Peanut Butter & Grape Jelly Sandwich, 4-Count Pack",Smucker's,4.18,4.18,,,2022-09-11 21:20:04,16482898
319095,66062,Frozen,Frozen Meals & Snacks,Shop all,Frozen/Frozen Meals & Snacks,46629645,https://www.walmart.com/ip/State-Fair-100-Beef-Corn-Dogs-42-72-oz-16-Ct-Frozen/46629645?fulfillmentIntent=Pickup,"State Fair 100% Beef Corn Dogs, 42.72 oz, 16 Ct (Frozen)",State Fair,12.27,12.27,42.72,,2022-09-11 21:20:04,16482899
319096,66062,Frozen,Frozen Meals & Snacks,Shop all,Frozen/Frozen Meals & Snacks,15716510,https://www.walmart.com/ip/Smart-Ones-Ham-Cheese-Scramble-with-Egg-Whites-Ham-Potatoes-Cheese-Frozen-Meal-6-49-oz-Box/15716510?fulfillmentIntent=Pickup&athbdg=L1300,"Smart Ones Ham & Cheese Scramble with Egg Whites, Ham, Potatoes & Cheese Frozen Meal, 6.49 oz Box",SMART ONES,2.18,1.96,6.49,,2022-09-11 21:20:04,16482900
319097,66062,Frozen,Frozen Meals & Snacks,Shop all,Frozen/Frozen Meals & Snacks,20670246,https://www.walmart.com/ip/Zatarain-s-Frozen-Meal-Blackened-Chicken-Alfredo-24-oz/20670246?fulfillmentIntent=Pickup,"Zatarain's Frozen Meal - Blackened Chicken Alfredo, 24 oz",Zatarain's,7.68,7.68,24,,2022-09-11 21:20:04,16482901
319098,66062,Frozen,Frozen Meals & Snacks,Shop all,Frozen/Frozen Meals & Snacks,520413154,https://www.walmart.com/ip/Totino-s-Pizza-Rolls-Combination-Frozen-Snacks-24-8-oz-50-ct/520413154?fulfillmentIntent=Pickup&athbdg=L1300,"Totino's Pizza Rolls, Combination, Frozen Snacks, 24.8 oz, 50 ct",Totino's,4.98,4.48,24.8,,2022-09-11 21:20:04,16482902
319099,66062,Frozen,Frozen Meals & Snacks,Shop all,Frozen/Frozen Meals & Snacks,10804765,https://www.walmart.com/ip/Stouffer-s-Large-Size-Macaroni-Cheese-Frozen-Meal-20-oz/10804765?fulfillmentIntent=Pickup,Stouffer's Large Size Macaroni & Cheese Frozen Meal 20 oz,Stouffer's,4.98,4.98,20,,2022-09-11 21:20:04,16482903
319100,66062,Frozen,Frozen Meals & Snacks,Shop all,Frozen/Frozen Meals & Snacks,16777526,https://www.walmart.com/ip/Tyson-Fully-Cooked-Chicken-Nuggets-2-lb-Bag-Frozen/16777526?fulfillmentIntent=Pickup,"Tyson Fully Cooked Chicken Nuggets, 2 lb Bag (Frozen)",Tyson,6.98,6.98,2,,2022-09-11 21:20:04,16482904
319101,66062,Frozen,Frozen Meals & Snacks,Shop all,Frozen/Frozen Meals & Snacks,34880928,https://www.walmart.com/ip/Delimex-Chicken-Cheese-Large-Flour-Taquitos-Frozen-Snacks-42-ct-Box/34880928?fulfillmentIntent=Pickup,"Delimex Chicken & Cheese Large Flour Taquitos Frozen Snacks, 42 ct Box",Delimex,10.88,10.88,42,,2022-09-11 21:20:04,16482905
319102,66062,Frozen,Frozen Meals & Snacks,Shop all,Frozen/Frozen Meals & Snacks,14940693,https://www.walmart.com/ip/Hot-Pockets-Frozen-Snacks-Hickory-Ham-Cheddar-Croissant-Crust-Frozen-Sandwiches-9-oz/14940693?fulfillmentIntent=Pickup,Hot Pockets Frozen Snacks Hickory Ham & Cheddar Croissant Crust Frozen Sandwiches 9 oz,Hot Pockets,2.98,2.98,9,,2022-09-11 21:20:04,16482906
319103,66062,Frozen,Frozen Meals & Snacks,Shop all,Frozen/Frozen Meals & Snacks,650921984,https://www.walmart.com/ip/Birds-Eye-Steamfresh-Veggie-Pasta-Rotini-Marinara-Made-With-Zucchini-and-Lentils-Frozen-10-oz/650921984?fulfillmentIntent=Pickup&athbdg=L1600,"Birds Eye Steamfresh Veggie Pasta Rotini Marinara Made With Zucchini and Lentils, Frozen, 10 oz.",Birdseye,3.34,3.34,10,,2022-09-11 21:20:04,16482907
319104,66062,Frozen,Frozen Meals & Snacks,Shop all,Frozen/Frozen Meals & Snacks,35103134,https://www.walmart.com/ip/Delimex-Beef-Corn-Taquitos-Frozen-Snacks-23-ct-Box/35103134?fulfillmentIntent=Pickup,"Delimex Beef Corn Taquitos Frozen Snacks, 23 ct Box",Delimex,5.38,5.38,23,,2022-09-11 21:20:04,16482908
319105,66062,Frozen,Frozen Meals & Snacks,Shop all,Frozen/Frozen Meals & Snacks,10324292,https://www.walmart.com/ip/InnovAsian-Chicken-Fried-Rice-Meal-18-oz-Frozen/10324292?fulfillmentIntent=Pickup,"InnovAsian Chicken Fried Rice Meal, 18 oz (Frozen)",InnovAsian Cuisine,6.48,6.48,18,,2022-09-11 21:20:04,16482909
319106,66062,Frozen,Frozen Meals & Snacks,Shop all,Frozen/Frozen Meals & Snacks,14940692,https://www.walmart.com/ip/Hot-Pockets-Frozen-Snacks-Premium-Pepperoni-Pizza-Crispy-Crust-Frozen-Sandwiches-9-oz/14940692?fulfillmentIntent=Pickup,Hot Pockets Frozen Snacks Premium Pepperoni Pizza Crispy Crust Frozen Sandwiches 9 oz,Hot Pockets,2.98,2.98,9,,2022-09-11 21:20:04,16482910
319107,66062,Frozen,Frozen Meals & Snacks,Shop all,Frozen/Frozen Meals & Snacks,401493180,https://www.walmart.com/ip/Jimmy-Dean-Sausage-Egg-Cheese-Biscuit-Rollups-12-8-oz-8-Ct-Frozen/401493180?fulfillmentIntent=Pickup,"Jimmy Dean Sausage, Egg & Cheese Biscuit Rollups, 12.8 oz, 8 Ct (Frozen)",Jimmy Dean,6.58,6.58,12.8,,2022-09-11 21:20:04,16482911
319108,66062,Frozen,Frozen Meals & Snacks,Shop all,Frozen/Frozen Meals & Snacks,14149973,https://www.walmart.com/ip/Tyson-Fully-Cooked-Fun-Chicken-Nuggets-1-81-lb-Bag-Frozen/14149973?fulfillmentIntent=Pickup,"Tyson Fully Cooked Fun Chicken Nuggets, 1.81 lb Bag (Frozen)",Tyson,6.98,6.98,1.81,,2022-09-11 21:20:04,16482912
319109,66062,Frozen,Frozen Meals & Snacks,Shop all,Frozen/Frozen Meals & Snacks,14647290,https://www.walmart.com/ip/Stouffer-s-Family-Size-Salisbury-Steak-Frozen-Meal-28-oz/14647290?fulfillmentIntent=Pickup,Stouffer's Family Size Salisbury Steak Frozen Meal 28 oz,Stouffer's,9.84,9.84,28,,2022-09-11 21:20:04,16482913
319110,66062,Frozen,Frozen Meals & Snacks,Shop all,Frozen/Frozen Meals & Snacks,10789419,https://www.walmart.com/ip/Amy-s-Non-GMO-Mexican-Casserole-Bowl-9-5oz-Box-Frozen/10789419?fulfillmentIntent=Pickup,"Amy's Non GMO Mexican Casserole Bowl, 9.5oz Box (Frozen)",Amy's Kitchen,4.42,4.42,9.5,,2022-09-11 21:20:04,16482914
319111,66062,Frozen,Frozen Meals & Snacks,Shop all,Frozen/Frozen Meals & Snacks,15056028,https://www.walmart.com/ip/Farm-Rich-Breaded-Mozzarella-Cheese-Sticks-High-Protein-Snack-Frozen-52-oz/15056028?fulfillmentIntent=Pickup,"Farm Rich Breaded Mozzarella Cheese Sticks, High Protein Snack, Frozen, 52 oz",Farm Rich,11.98,11.98,52,,2022-09-11 21:20:04,16482915
319112,66062,Frozen,Frozen Meals & Snacks,Shop all,Frozen/Frozen Meals & Snacks,10805143,https://www.walmart.com/ip/Smucker-s-Uncrustables-Peanut-Butter-Strawberry-Jam-Sandwich-4-Count/10805143?fulfillmentIntent=Pickup,"Smucker's Uncrustables Peanut Butter & Strawberry Jam Sandwich, 4-Count",Smucker's,4.18,4.18,,,2022-09-11 21:20:04,16482916
319113,66062,Frozen,Frozen Meals & Snacks,Shop all,Frozen/Frozen Meals & Snacks,16381752,https://www.walmart.com/ip/Tyson-All-Natural-Fully-Cooked-Chicken-Nuggets-4-4-lb-Bag-Frozen/16381752?fulfillmentIntent=Pickup&athbdg=L1300,Tyson All Natural Fully Cooked Chicken Nuggets 4.4 lb Bag (Frozen),Tyson,14.98,12.96,4.4,,2022-09-11 21:20:04,16482917
319114,66062,Frozen,Frozen Meals & Snacks,Shop all,Frozen/Frozen Meals & Snacks,10789418,https://www.walmart.com/ip/Amy-s-Gluten-Free-Non-GMO-Cheese-Enchilada-9oz-Box-Frozen/10789418?fulfillmentIntent=Pickup,"Amy's Gluten Free Non GMO Cheese Enchilada, 9oz Box (Frozen)",Amy's Kitchen,4.42,4.42,9,,2022-09-11 21:20:04,16482918
319115,66062,Frozen,Frozen Meals & Snacks,Shop all,Frozen/Frozen Meals & Snacks,13398039,https://www.walmart.com/ip/Michelina-s-Fettuccine-Alfredo-8-5-Oz-Frozen/13398039?fulfillmentIntent=Pickup,Michelina's Fettuccine Alfredo 8.5 Oz. (Frozen),Michelina's,1.24,1.24,8.5,,2022-09-11 21:20:04,16482919
319116,66062,Frozen,Frozen Meals & Snacks,Shop all,Frozen/Frozen Meals & Snacks,810908610,https://www.walmart.com/ip/Great-Value-Yellow-Corn-Masa-Beef-Taquitos-20-oz-20-Count/810908610?fulfillmentIntent=Pickup,"Great Value Yellow Corn Masa Beef Taquitos, 20 oz, 20 Count",Great Value,4.28,4.28,20,,2022-09-11 21:20:04,16482920
319117,66062,Frozen,Frozen Meals & Snacks,Shop all,Frozen/Frozen Meals & Snacks,49303128,https://www.walmart.com/ip/Tina-s-Beef-Bean-Green-Chili-Burrito-4-oz/49303128?fulfillmentIntent=Pickup&athbdg=L1600,"Tina's Beef & Bean/Green Chili Burrito, 4 oz",Tina's,0.58,0.58,4,,2022-09-11 21:20:04,16482921
319118,66062,Frozen,Frozen Meals & Snacks,Shop all,Frozen/Frozen Meals & Snacks,10850023,https://www.walmart.com/ip/El-Monterey-Beef-Bean-Chimichangas-32-oz-Family-Size-8-Ct-Frozen/10850023?fulfillmentIntent=Pickup,"El Monterey Beef & Bean Chimichangas, 32 oz Family Size, 8 Ct (Frozen)",El Monterey,4.88,4.88,32,,2022-09-11 21:20:04,16482922
319119,66062,Frozen,Frozen Meals & Snacks,Shop all,Frozen/Frozen Meals & Snacks,15754284,https://www.walmart.com/ip/El-Monterey-Bean-Cheese-Burritos-32-oz-Family-Size-8-Ct-Frozen/15754284?fulfillmentIntent=Pickup,"El Monterey Bean & Cheese Burritos, 32 oz Family Size, 8 Ct (Frozen)",El Monterey,4.88,4.88,32,,2022-09-11 21:20:04,16482923
319120,66062,Frozen,Frozen Meals & Snacks,Shop all,Frozen/Frozen Meals & Snacks,10804831,https://www.walmart.com/ip/Lean-Cuisine-Favorites-Alfredo-Pasta-with-Chicken-Broccoli-Frozen-Meal-10-oz/10804831?fulfillmentIntent=Pickup,Lean Cuisine Favorites Alfredo Pasta with Chicken & Broccoli Frozen Meal 10 oz,Lean Cuisine,3.14,3.14,10,,2022-09-11 21:20:04,16482924
319121,66062,Frozen,Frozen Meals & Snacks,Shop all,Frozen/Frozen Meals & Snacks,46879782,https://www.walmart.com/ip/Birds-Eye-Teriyaki-Stir-Fry-Vegetables-Frozen-52-2-oz/46879782?fulfillmentIntent=Pickup,"Birds Eye Teriyaki Stir-Fry Vegetables, Frozen, 52.2 oz",Birdseye,6.92,6.92,52.2,,2022-09-11 21:20:04,16482925
319122,66062,Frozen,Frozen Meals & Snacks,Shop all,Frozen/Frozen Meals & Snacks,465453871,https://www.walmart.com/ip/Birds-Eye-Voila-Family-Size-Cheesy-Chicken-Frozen-Meal-60-OZ/465453871?fulfillmentIntent=Pickup,"Birds Eye Voila! Family Size Cheesy Chicken, Frozen Meal, 60 OZ",VOILA,11.77,11.77,60,,2022-09-11 21:20:04,16482926
319123,66062,Frozen,Frozen Meals & Snacks,Shop all,Frozen/Frozen Meals & Snacks,14335915,https://www.walmart.com/ip/Tai-Pei-Vegetable-Egg-Rolls-Frozen-Asian-Appetizers-24-5-Oz/14335915?fulfillmentIntent=Pickup,Tai Pei Vegetable Egg Rolls Frozen Asian Appetizers 24.5 Oz,Tai Pei,5.98,5.98,24.5,,2022-09-11 21:20:04,16482927
319296,66062,Frozen,Frozen Meals & Snacks,Shop all,Frozen/Frozen Meals & Snacks,15716883,https://www.walmart.com/ip/Alexia-Sweet-Potato-Fries-with-Sea-Salt-Non-GMO-Ingredients-20-oz-Frozen/15716883?fulfillmentIntent=Pickup,"Alexia Sweet Potato Fries with Sea Salt, Non-GMO Ingredients, 20 oz (Frozen)",Alexia,4.4,4.4,20,,2022-09-11 21:20:04,16483100
319297,66062,Frozen,Frozen Meals & Snacks,Shop all,Frozen/Frozen Meals & Snacks,10804832,https://www.walmart.com/ip/Lean-Cuisine-Favorites-Chicken-Fettuccini-Frozen-Meal-9-25-oz/10804832?fulfillmentIntent=Pickup,Lean Cuisine Favorites Chicken Fettuccini Frozen Meal 9.25 oz,Lean Cuisine,3.14,3.14,9.25,,2022-09-11 21:20:04,16483101
319298,66062,Frozen,Frozen Meals & Snacks,Shop all,Frozen/Frozen Meals & Snacks,12166651,https://www.walmart.com/ip/Hot-Pockets-Frozen-Snacks-Hickory-Ham-Cheddar-Crispy-Buttery-Crust-Frozen-Sandwiches-22-5-oz/12166651?fulfillmentIntent=Pickup,Hot Pockets Frozen Snacks Hickory Ham & Cheddar Crispy Buttery Crust Frozen Sandwiches 22.5 oz,Hot Pockets,6.48,6.48,22.5,,2022-09-11 21:20:04,16483102
319299,66062,Frozen,Frozen Meals & Snacks,Shop all,Frozen/Frozen Meals & Snacks,14122460,https://www.walmart.com/ip/Hot-Pockets-Frozen-Snack-Hickory-Ham-Cheddar-Crispy-Buttery-Crust-Frozen-Sandwiches-54-oz/14122460?fulfillmentIntent=Pickup,Hot Pockets Frozen Snack Hickory Ham & Cheddar Crispy Buttery Crust Frozen Sandwiches 54 oz,Hot Pockets,13.48,13.48,54,,2022-09-11 21:20:04,16483103
319300,66062,Frozen,Frozen Meals & Snacks,Shop all,Frozen/Frozen Meals & Snacks,45368977,https://www.walmart.com/ip/Great-Value-Fully-Cooked-Homestyle-Meatballs-Family-Size-48-oz/45368977?fulfillmentIntent=Pickup,"Great Value Fully Cooked Homestyle Meatballs, Family Size, 48 oz",Great Value,8.94,8.94,48,,2022-09-11 21:20:04,16483104
319301,66062,Frozen,Frozen Meals & Snacks,Shop all,Frozen/Frozen Meals & Snacks,33426038,https://www.walmart.com/ip/Tai-Pei-Pork-Potstickers-Frozen-Asian-Appetizers-46-5-oz/33426038?fulfillmentIntent=Pickup,Tai Pei Pork Potstickers Frozen Asian Appetizers 46.5 oz,Tai Pei,10.98,10.98,46.5,,2022-09-11 21:20:04,16483105
319302,66062,Frozen,Frozen Meals & Snacks,Shop all,Frozen/Frozen Meals & Snacks,156218335,https://www.walmart.com/ip/Green-Giant-Broccoli-Cheese-Veggie-Tots-14-oz/156218335?fulfillmentIntent=Pickup,Green Giant Broccoli & Cheese Veggie Tots 14 oz,Green Giant,4.12,4.12,14,,2022-09-11 21:20:04,16483106
319303,66062,Frozen,Frozen Meals & Snacks,Shop all,Frozen/Frozen Meals & Snacks,10804816,https://www.walmart.com/ip/Lean-Cuisine-Features-Meatloaf-with-Mashed-Potatoes-Frozen-Meal-9-375-oz/10804816?fulfillmentIntent=Pickup,Lean Cuisine Features Meatloaf with Mashed Potatoes Frozen Meal 9.375 oz,Lean Cuisine,3.58,3.58,9.375,,2022-09-11 21:20:04,16483107
319304,66062,Frozen,Frozen Meals & Snacks,Shop all,Frozen/Frozen Meals & Snacks,10850024,https://www.walmart.com/ip/El-Monterey-Beef-Bean-Green-Chili-Burritos-32-oz-Family-Size-8-Ct-Frozen/10850024?fulfillmentIntent=Pickup,"El Monterey Beef & Bean Green Chili Burritos, 32 oz Family Size, 8 Ct (Frozen)",El Monterey,4.88,4.88,32,,2022-09-11 21:20:04,16483108
319305,66062,Frozen,Frozen Meals & Snacks,Shop all,Frozen/Frozen Meals & Snacks,12444062,https://www.walmart.com/ip/State-Fair-Classic-Corn-Dogs-58-7-oz-22-Ct-Frozen/12444062?fulfillmentIntent=Pickup,"State Fair Classic Corn Dogs, 58.7 oz, 22 Ct (Frozen)",State Fair,12.27,12.27,58.7,,2022-09-11 21:20:04,16483109
319306,66062,Frozen,Frozen Meals & Snacks,Shop all,Frozen/Frozen Meals & Snacks,14122353,https://www.walmart.com/ip/Tyson-Any-tizers-Buffalo-Style-Boneless-Chicken-Bites-1-5-lb-Bag-Frozen/14122353?fulfillmentIntent=Pickup,"Tyson Any'tizers Buffalo Style Boneless Chicken Bites, 1.5 lb Bag (Frozen)",Tyson Any'tizers,9.98,9.98,1.5,,2022-09-11 21:20:04,16483110
319307,66062,Frozen,Frozen Meals & Snacks,Shop all,Frozen/Frozen Meals & Snacks,313263803,https://www.walmart.com/ip/Bertolli-Frozen-Skillet-Meals-Family-Size-Chicken-Florentine-Farfalle-36-Oz/313263803?fulfillmentIntent=Pickup,"Bertolli Frozen Skillet Meals Family Size Chicken Florentine & Farfalle, 36 Oz",Bertolli,10.77,10.77,36,,2022-09-11 21:20:04,16483111
319308,66062,Frozen,Frozen Meals & Snacks,Shop all,Frozen/Frozen Meals & Snacks,22863022,https://www.walmart.com/ip/Amy-s-Non-GMO-Broccoli-Cheddar-Bake-Bowl-9-5oz-Box-Frozen/22863022?fulfillmentIntent=Pickup,"Amy's Non GMO Broccoli & Cheddar Bake Bowl, 9.5oz Box (Frozen)",Amy's Kitchen,4.42,4.42,9.5,,2022-09-11 21:20:04,16483112
319309,66062,Frozen,Frozen Meals & Snacks,Shop all,Frozen/Frozen Meals & Snacks,10533811,https://www.walmart.com/ip/Great-Value-Garlic-Bread-16-oz/10533811?fulfillmentIntent=Pickup,"Great Value Garlic Bread, 16 oz",Great Value,1.74,1.74,16,,2022-09-11 21:20:04,16483113
319310,66062,Frozen,Frozen Meals & Snacks,Shop all,Frozen/Frozen Meals & Snacks,395758411,https://www.walmart.com/ip/Totino-s-Pizza-Rolls-Triple-Cheese-Flavored-Frozen-Snacks-24-8-oz-50-ct/395758411?fulfillmentIntent=Pickup&athbdg=L1300,"Totino's Pizza Rolls, Triple Cheese Flavored, Frozen Snacks, 24.8 oz, 50 ct",Totino's,4.98,4.48,24.8,,2022-09-11 21:20:04,16483114
319311,66062,Frozen,Frozen Meals & Snacks,Shop all,Frozen/Frozen Meals & Snacks,15561359,https://www.walmart.com/ip/Stouffer-s-Party-Size-Lasagna-with-Meat-Sauce-Frozen-Holiday-Meal/15561359?fulfillmentIntent=Pickup,Stouffer's Party Size Lasagna with Meat & Sauce Frozen Holiday Meal,Stouffer's,16.48,16.48,,,2022-09-11 21:20:04,16483115
319312,66062,Frozen,Frozen Meals & Snacks,Shop all,Frozen/Frozen Meals & Snacks,14711301,https://www.walmart.com/ip/Jimmy-Dean-Maple-Pancakes-Sausage-Griddle-Cake-Sandwich-32-oz-8-Ct-Frozen/14711301?fulfillmentIntent=Pickup&athbdg=L1300,"Jimmy Dean Maple Pancakes & Sausage Griddle Cake Sandwich, 32 oz, 8 Ct (Frozen)",Jimmy Dean,9.98,9.88,32,,2022-09-11 21:20:04,16483116
319313,66062,Frozen,Frozen Meals & Snacks,Shop all,Frozen/Frozen Meals & Snacks,46829544,https://www.walmart.com/ip/Lean-Cuisine-Vermont-White-Cheddar-Mac-Cheese-Frozen-Meal-8-oz/46829544?fulfillmentIntent=Pickup,Lean Cuisine Vermont White Cheddar Mac & Cheese Frozen Meal 8 oz,Lean Cuisine,3.58,3.58,8,,2022-09-11 21:20:04,16483117
319314,66062,Frozen,Frozen Meals & Snacks,Shop all,Frozen/Frozen Meals & Snacks,10804812,https://www.walmart.com/ip/Lean-Cuisine-Features-Roasted-Turkey-Breast-Frozen-Meal-9-75-oz/10804812?fulfillmentIntent=Pickup,Lean Cuisine Features Roasted Turkey Breast Frozen Meal 9.75 oz,Lean Cuisine,3.58,3.58,9.75,,2022-09-11 21:20:04,16483118
319315,66062,Frozen,Frozen Meals & Snacks,Shop all,Frozen/Frozen Meals & Snacks,47041336,https://www.walmart.com/ip/Great-Value-Biscuit-Sandwiches-Sausage-Egg-and-Cheese-4-Count-Frozen/47041336?fulfillmentIntent=Pickup,"Great Value Biscuit Sandwiches Sausage Egg and Cheese, 4 Count (Frozen)",Great Value,5.78,5.78,,,2022-09-11 21:20:04,16483119
319316,66062,Frozen,Frozen Meals & Snacks,Shop all,Frozen/Frozen Meals & Snacks,40839820,https://www.walmart.com/ip/Hot-Pockets-Frozen-Snacks-Applewood-Bacon-Egg-Cheese-Croissant-Crust-Frozen-Breakfast-Sandwiches-21-25-oz/40839820?fulfillmentIntent=Pickup,"Hot Pockets Frozen Snacks Applewood Bacon, Egg & Cheese Croissant Crust Frozen Breakfast Sandwiches 21.25 oz",Hot Pockets,6.84,6.84,21.25,,2022-09-11 21:20:04,16483120
319317,66062,Frozen,Frozen Meals & Snacks,Shop all,Frozen/Frozen Meals & Snacks,10324294,https://www.walmart.com/ip/InnovAsian-General-Tso-s-Chicken-Meal-36-oz-Frozen/10324294?fulfillmentIntent=Pickup,"InnovAsian General Tso's Chicken Meal, 36 oz (Frozen)",InnovAsian Cuisine,10.58,10.58,36,,2022-09-11 21:20:04,16483121
319318,66062,Frozen,Frozen Meals & Snacks,Shop all,Frozen/Frozen Meals & Snacks,365002816,https://www.walmart.com/ip/Yummy-Dino-Buddies-Gluten-Free-Chicken-Breast-Nuggets-18oz-30-CT-Box-Frozen/365002816?fulfillmentIntent=Pickup,"Yummy Dino Buddies Gluten Free Chicken Breast Nuggets, 18oz, 30 CT Box (Frozen)",YUMMY,5.92,5.92,18,,2022-09-11 21:20:04,16483122
319319,66062,Frozen,Frozen Meals & Snacks,Shop all,Frozen/Frozen Meals & Snacks,35103135,https://www.walmart.com/ip/Delimex-White-Meat-Chicken-Corn-Taquitos-Frozen-Snacks-23-ct-Box/35103135?fulfillmentIntent=Pickup,"Delimex White Meat Chicken Corn Taquitos Frozen Snacks, 23 ct Box",Delimex,5.38,5.38,23,,2022-09-11 21:20:04,16483123
319320,66062,Frozen,Frozen Meals & Snacks,Shop all,Frozen/Frozen Meals & Snacks,14122355,https://www.walmart.com/ip/Tyson-Any-tizers-Popcorn-Chicken-1-5-lb-Bag-Frozen/14122355?fulfillmentIntent=Pickup,"Tyson Any'tizers Popcorn Chicken, 1.5 lb Bag (Frozen)",Tyson,9.98,9.98,1.5,,2022-09-11 21:20:04,16483124
319321,66062,Frozen,Frozen Meals & Snacks,Shop all,Frozen/Frozen Meals & Snacks,16940549,https://www.walmart.com/ip/Great-Value-Chicken-Wings-with-Garlic-Butter-Dry-Rub-1-lb-6-oz/16940549?fulfillmentIntent=Pickup,"Great Value Chicken Wings with Garlic Butter Dry Rub, 1 lb 6 oz",Great Value,10.48,10.48,6,,2022-09-11 21:20:04,16483125
319322,66062,Frozen,Frozen Meals & Snacks,Shop all,Frozen/Frozen Meals & Snacks,10804763,https://www.walmart.com/ip/Stouffer-s-Family-Size-Macaroni-Cheese-Frozen-Meal-Thanksgiving-Side/10804763?fulfillmentIntent=Pickup,Stouffer's Family Size Macaroni & Cheese Frozen Meal Thanksgiving Side,Stouffer's,8.18,8.18,,,2022-09-11 21:20:04,16483126
319323,66062,Frozen,Frozen Meals & Snacks,Shop all,Frozen/Frozen Meals & Snacks,42794626,https://www.walmart.com/ip/Odom-s-Tennessee-Pride-Snack-Size-Sausage-Buttermilk-Biscuits-34-8-oz-24-Ct-Frozen/42794626?fulfillmentIntent=Pickup,"Odom's Tennessee Pride Snack Size Sausage & Buttermilk Biscuits, 34.8 oz, 24 Ct (Frozen)",Odom's Tennessee Pride,10.54,10.54,34.8,,2022-09-11 21:20:04,16483127
319324,66062,Frozen,Frozen Meals & Snacks,Shop all,Frozen/Frozen Meals & Snacks,899222720,https://www.walmart.com/ip/Totino-s-Pizza-Rolls-Combination-Frozen-Snacks-63-5-oz-130-ct/899222720?fulfillmentIntent=Pickup,"Totino's Pizza Rolls, Combination, Frozen Snacks, 63.5 oz, 130 ct",Totino's,11.98,11.98,63.5,,2022-09-11 21:20:04,16483128
319325,66062,Frozen,Frozen Meals & Snacks,Shop all,Frozen/Frozen Meals & Snacks,14122459,https://www.walmart.com/ip/Hot-Pockets-Frozen-Snack-Pepperoni-Pizza-Frozen-Sandwiches-54-oz/14122459?fulfillmentIntent=Pickup,Hot Pockets Frozen Snack Pepperoni Pizza Frozen Sandwiches 54 oz,Hot Pockets,13.48,13.48,54,,2022-09-11 21:20:04,16483129
319326,66062,Frozen,Frozen Meals & Snacks,Shop all,Frozen/Frozen Meals & Snacks,12166197,https://www.walmart.com/ip/Birds-Eye-Steamfresh-Seasoned-Chicken-Flavored-Rice-10-OZ/12166197?fulfillmentIntent=Pickup,"Birds Eye Steamfresh Seasoned Chicken Flavored Rice, 10 OZ",Birdseye,2.36,2.36,10,,2022-09-11 21:20:04,16483130
319327,66062,Frozen,Frozen Meals & Snacks,Shop all,Frozen/Frozen Meals & Snacks,15435608,https://www.walmart.com/ip/Tyson-Perfectly-Crispy-Chicken-Strips-2-5-lb-Bag-Frozen/15435608?fulfillmentIntent=Pickup,"Tyson Perfectly Crispy Chicken Strips, 2.5 lb Bag (Frozen)",Tyson,14.98,14.98,2.5,,2022-09-11 21:20:04,16483131
319328,66062,Frozen,Frozen Meals & Snacks,Shop all,Frozen/Frozen Meals & Snacks,423850625,https://www.walmart.com/ip/Sambazon-Amazon-Superberry-Acai-Bowl-6-1oz-Cup-Frozen/423850625?fulfillmentIntent=Pickup,"Sambazon Amazon Superberry Acai Bowl, 6.1oz Cup (Frozen)",Sambazon,3.28,3.28,6.1,,2022-09-11 21:20:04,16483132
319329,66062,Frozen,Frozen Meals & Snacks,Shop all,Frozen/Frozen Meals & Snacks,33426037,https://www.walmart.com/ip/Tai-Pei-Chicken-Potstickers-Frozen-Asian-Appetizers-46-5-oz/33426037?fulfillmentIntent=Pickup,Tai Pei Chicken Potstickers Frozen Asian Appetizers 46.5 oz,Tai Pei,10.98,10.98,46.5,,2022-09-11 21:20:04,16483133
319330,66062,Frozen,Frozen Meals & Snacks,Shop all,Frozen/Frozen Meals & Snacks,24217387,https://www.walmart.com/ip/Jimmy-Dean-Ham-Cheese-Croissant-Sandwich-27-2-oz-8-Ct-Frozen/24217387?fulfillmentIntent=Pickup&athbdg=L1300,"Jimmy Dean Ham & Cheese Croissant Sandwich, 27.2 oz, 8 Ct (Frozen)",Jimmy Dean,9.98,9.88,27.2,,2022-09-11 21:20:04,16483134
319331,66062,Frozen,Frozen Meals & Snacks,Shop all,Frozen/Frozen Meals & Snacks,152841447,https://www.walmart.com/ip/Jimmy-Dean-Sausage-Biscuit-Snack-Size-Sandwich-34-oz-20-Ct-Frozen/152841447?fulfillmentIntent=Pickup,"Jimmy Dean Sausage Biscuit Snack Size Sandwich, 34 oz, 20 Ct (Frozen)",Jimmy Dean,11.98,11.98,34,,2022-09-11 21:20:04,16483135
319332,66062,Frozen,Frozen Meals & Snacks,Shop all,Frozen/Frozen Meals & Snacks,10804863,https://www.walmart.com/ip/Lean-Cuisine-Features-Sesame-Chicken-Frozen-Meal-9-oz/10804863?fulfillmentIntent=Pickup,Lean Cuisine Features Sesame Chicken Frozen Meal 9 oz,Lean Cuisine,3.58,3.58,9,,2022-09-11 21:20:04,16483136
319333,66062,Frozen,Frozen Meals & Snacks,Shop all,Frozen/Frozen Meals & Snacks,41588796,https://www.walmart.com/ip/Odom-s-Tennessee-Pride-Frozen-Sausage-Biscuits-24-Ct-34-8-oz/41588796?fulfillmentIntent=Pickup,"Odom's Tennessee Pride Frozen Sausage Biscuits, 24 Ct, 34.8 oz",Odom's Tennessee Pride,10.54,10.54,34.8,,2022-09-11 21:20:04,16483137
319334,66062,Frozen,Frozen Meals & Snacks,Shop all,Frozen/Frozen Meals & Snacks,317125417,https://www.walmart.com/ip/Tina-s-Big-Burrito-Bean-Cheese-Deli-Heat-Eat/317125417?fulfillmentIntent=Pickup,"Tina's Big Burrito Bean & Cheese, (Deli Heat & Eat)",Tina's,1.27,1.27,,,2022-09-11 21:20:04,16483138
319335,66062,Frozen,Frozen Meals & Snacks,Shop all,Frozen/Frozen Meals & Snacks,497204640,https://www.walmart.com/ip/Dole-Original-Acai-Bowl-Frozen-Acai-Bowl-with-Fruit-and-Granola-6-Oz/497204640?fulfillmentIntent=Pickup,"Dole Original Acai Bowl, Frozen Acai Bowl with Fruit and Granola, 6 Oz",Dole,3.64,3.64,6,,2022-09-11 21:20:04,16483139
319354,66062,Frozen,Frozen Meals & Snacks,Shop all,Frozen/Frozen Meals & Snacks,40839825,https://www.walmart.com/ip/Hot-Pockets-Frozen-Snacks-Sausage-Egg-Cheese-Croissant-Crust-Frozen-Breakfast-Sandwiches-21-25-oz/40839825?fulfillmentIntent=Pickup,"Hot Pockets Frozen Snacks Sausage, Egg & Cheese Croissant Crust Frozen Breakfast Sandwiches 21.25 oz",Hot Pockets,6.84,6.84,21.25,,2022-09-11 21:20:04,16483158
319355,66062,Frozen,Frozen Meals & Snacks,Shop all,Frozen/Frozen Meals & Snacks,937004482,https://www.walmart.com/ip/Sambazon-Berry-Bliss-Acai-Bowl-6-1oz-Cup-Frozen/937004482?fulfillmentIntent=Pickup,"Sambazon Berry Bliss Acai Bowl, 6.1oz Cup (Frozen)",Sambazon,3.28,3.28,6.1,,2022-09-11 21:20:04,16483159
319356,66062,Frozen,Frozen Meals & Snacks,Shop all,Frozen/Frozen Meals & Snacks,573898069,https://www.walmart.com/ip/Tina-s-Big-Burrito-Beef-Bean-Deli-Heat-Eat/573898069?fulfillmentIntent=Pickup,"Tina's Big Burrito Beef & Bean,(Deli Heat & Eat)",Tina's,1.27,1.27,,,2022-09-11 21:20:04,16483160
319357,66062,Frozen,Frozen Meals & Snacks,Shop all,Frozen/Frozen Meals & Snacks,16672614,https://www.walmart.com/ip/Tyson-Fully-Cooked-and-Breaded-Southern-Style-Chicken-Breast-Tenderloins-2-5-lb-Bag-Frozen/16672614?fulfillmentIntent=Pickup,"Tyson Fully Cooked and Breaded Southern Style Chicken Breast Tenderloins, 2.5 lb Bag (Frozen)",Tyson,14.98,14.98,2.5,,2022-09-11 21:20:04,16483161
319358,66062,Frozen,Frozen Meals & Snacks,Shop all,Frozen/Frozen Meals & Snacks,763855999,https://www.walmart.com/ip/Tyson-Any-tizers-Honey-BBQ-Seasoned-Chicken-Wings-1-37-lb-Bag-Frozen/763855999?fulfillmentIntent=Pickup,"Tyson Any'tizers Honey BBQ Seasoned Chicken Wings, 1.37 lb Bag (Frozen)",Tyson Any'tizers,9.88,9.88,1.37,,2022-09-11 21:20:04,16483162
319359,66062,Frozen,Frozen Meals & Snacks,Shop all,Frozen/Frozen Meals & Snacks,12444428,https://www.walmart.com/ip/Jimmy-Dean-Sausage-Egg-Cheese-Biscuit-Sandwich-36-oz-8-Ct-Frozen/12444428?fulfillmentIntent=Pickup&athbdg=L1300,"Jimmy Dean Sausage Egg & Cheese Biscuit Sandwich, 36 oz, 8 Ct (Frozen)",Jimmy Dean,9.98,9.88,36,,2022-09-11 21:20:04,16483163
319360,66062,Frozen,Frozen Meals & Snacks,Shop all,Frozen/Frozen Meals & Snacks,36406052,https://www.walmart.com/ip/Jimmy-Dean-Sausage-Egg-Cheese-Croissant-Sandwich-54-oz-12-Ct-Frozen/36406052?fulfillmentIntent=Pickup,"Jimmy Dean Sausage Egg & Cheese Croissant Sandwich, 54 oz, 12 Ct (Frozen)",Jimmy Dean,15.98,15.98,54,,2022-09-11 21:20:04,16483164
319361,66062,Frozen,Frozen Meals & Snacks,Shop all,Frozen/Frozen Meals & Snacks,104907203,https://www.walmart.com/ip/Applegate-Natural-Gluten-Free-Chicken-Nuggets-16oz-30-CT-Resealable-Bag-Frozen/104907203?fulfillmentIntent=Pickup,"Applegate Natural Gluten Free Chicken Nuggets, 16oz, 30 CT Resealable Bag (Frozen)",Applegate,12.58,12.58,16,,2022-09-11 21:20:04,16483165
319362,66062,Frozen,Frozen Meals & Snacks,Shop all,Frozen/Frozen Meals & Snacks,331853414,https://www.walmart.com/ip/Jimmy-Dean-Bacon-Egg-Cheese-Croissant-Sandwich-28-8-oz-8-Ct-Frozen/331853414?fulfillmentIntent=Pickup&athbdg=L1300,"Jimmy Dean Bacon Egg & Cheese Croissant Sandwich, 28.8 oz, 8 Ct (Frozen)",Jimmy Dean,9.98,9.88,28.8,,2022-09-11 21:20:04,16483166
319363,66062,Frozen,Frozen Meals & Snacks,Shop all,Frozen/Frozen Meals & Snacks,36073880,https://www.walmart.com/ip/Jimmy-Dean-Sausage-Egg-Cheese-English-Muffin-Sandwich-36-8-oz-8-Ct-Frozen/36073880?fulfillmentIntent=Pickup&athbdg=L1300,"Jimmy Dean Sausage Egg & Cheese English Muffin Sandwich, 36.8 oz, 8 Ct (Frozen)",Jimmy Dean,9.98,9.88,36.8,,2022-09-11 21:20:04,16483167
319364,66062,Frozen,Frozen Meals & Snacks,Shop all,Frozen/Frozen Meals & Snacks,12444426,https://www.walmart.com/ip/Jimmy-Dean-Delights-Turkey-Sausage-Egg-White-Cheese-Croissant-Sandwiches-19-2-oz-4-Ct-Frozen/12444426?fulfillmentIntent=Pickup,"Jimmy Dean Delights Turkey Sausage, Egg White & Cheese Croissant Sandwiches, 19.2 oz, 4 Ct (Frozen)",Jimmy Dean,7.58,7.58,19.2,,2022-09-11 21:20:04,16483168
319365,66062,Frozen,Frozen Meals & Snacks,Shop all,Frozen/Frozen Meals & Snacks,207718423,https://www.walmart.com/ip/Jimmy-Dean-Delights-Egg-wich-Parmesan-Egg-Frittatas-Turkey-Sausage-and-Cheese-16-4-oz-4-Ct-Frozen/207718423?fulfillmentIntent=Pickup,"Jimmy Dean Delights Egg'wich Parmesan Egg Frittatas Turkey Sausage and Cheese, 16.4 oz, 4 Ct (Frozen)",Jimmy Dean,7.58,7.58,16.4,,2022-09-11 21:20:04,16483169
319366,66062,Frozen,Frozen Meals & Snacks,Shop all,Frozen/Frozen Meals & Snacks,106178227,https://www.walmart.com/ip/Hot-Pockets-Frozen-Snacks-Hickory-Ham-Cheddar-Croissant-Crust-Frozen-Sandwiches-54-oz/106178227?fulfillmentIntent=Pickup,Hot Pockets Frozen Snacks Hickory Ham & Cheddar Croissant Crust Frozen Sandwiches 54 oz,Hot Pockets,13.48,13.48,54,,2022-09-11 21:20:04,16483170
319367,66062,Frozen,Frozen Meals & Snacks,Shop all,Frozen/Frozen Meals & Snacks,16777522,https://www.walmart.com/ip/Hot-Pockets-Frozen-Snacks-Four-Meat-and-Four-Cheese-Pizza-Garlic-Buttery-Crust-Frozen-Sandwiches-12-Count-54-oz/16777522?fulfillmentIntent=Pickup,"Hot Pockets Frozen Snacks Four Meat and Four Cheese Pizza Garlic Buttery Crust Frozen Sandwiches, 12 Count 54 oz.",Hot Pockets,13.48,13.48,54,,2022-09-11 21:20:04,16483171
319368,66062,Frozen,Frozen Meals & Snacks,Shop all,Frozen/Frozen Meals & Snacks,12444424,https://www.walmart.com/ip/Jimmy-Dean-Delights-Turkey-Sausage-Egg-White-Cheese-English-Muffin-Sandwiches-20-4-oz-4-Ct-Frozen/12444424?fulfillmentIntent=Pickup,"Jimmy Dean Delights Turkey Sausage, Egg White & Cheese English Muffin Sandwiches, 20.4 oz, 4 Ct (Frozen)",Jimmy Dean,7.58,7.58,20.4,,2022-09-11 21:20:04,16483172
319369,66062,Frozen,Frozen Meals & Snacks,Shop all,Frozen/Frozen Meals & Snacks,49015183,https://www.walmart.com/ip/MorningStar-Farms-Meatless-Sausage-Patties-Original-16-Oz-Bag-Frozen/49015183?fulfillmentIntent=Pickup,"MorningStar Farms Meatless Sausage Patties, Original, 16 Oz, Bag, Frozen",MorningStar Farms,7.78,7.78,16,,2022-09-11 21:20:04,16483173
319370,66062,Frozen,Frozen Meals & Snacks,Shop all,Frozen/Frozen Meals & Snacks,575538283,https://www.walmart.com/ip/Impossible-Foods-Plant-Based-Chicken-Nuggets-13-5oz/575538283?fulfillmentIntent=Pickup,"Impossible Foods Plant Based Chicken Nuggets, 13.5oz",Impossible Foods,7.28,7.28,13.5,,2022-09-11 21:20:04,16483174
319371,66062,Frozen,Frozen Meals & Snacks,Shop all,Frozen/Frozen Meals & Snacks,198945721,https://www.walmart.com/ip/Gardein-Plant-Based-Vegan-Ultimate-Beefless-Ground-Crumbles-13-7oz-Resealable-Bag-Frozen/198945721?fulfillmentIntent=Pickup,"Gardein Plant-Based Vegan Ultimate Beefless Ground Crumbles, 13.7oz Resealable Bag (Frozen)",Gardein,4.23,4.23,13.7,,2022-09-11 21:20:04,16483175
319372,66062,Frozen,Frozen Meals & Snacks,Shop all,Frozen/Frozen Meals & Snacks,10891736,https://www.walmart.com/ip/MorningStar-Farms-Meatless-Corn-Dogs-Original-10-Oz-Box-Frozen/10891736?fulfillmentIntent=Pickup,"MorningStar Farms Meatless Corn Dogs, Original, 10 Oz, Box, Frozen",MorningStar Farms,4.58,4.58,10,,2022-09-11 21:20:04,16483176
319373,66062,Frozen,Frozen Meals & Snacks,Shop all,Frozen/Frozen Meals & Snacks,49358456,https://www.walmart.com/ip/MorningStar-Farms-Meatless-Chicken-Nuggets-Original-10-5-Oz-Bag-Frozen/49358456?fulfillmentIntent=Pickup,"MorningStar Farms Meatless Chicken Nuggets, Original, 10.5 Oz, Bag, Frozen",MorningStar Farms,4.58,4.58,10.5,,2022-09-11 21:20:04,16483177
319374,66062,Frozen,Frozen Meals & Snacks,Shop all,Frozen/Frozen Meals & Snacks,934492849,https://www.walmart.com/ip/Totino-s-Pizza-Rolls-Combination-Frozen-Snacks-48-85-oz-100-ct/934492849?fulfillmentIntent=Pickup,"Totino's Pizza Rolls, Combination, Frozen Snacks, 48.85 oz, 100 ct",Totino's,9.88,9.88,48.85,,2022-09-11 21:20:04,16483178
319375,66062,Frozen,Frozen Meals & Snacks,Shop all,Frozen/Frozen Meals & Snacks,10789417,https://www.walmart.com/ip/Amy-s-Cheddar-Cheese-Bean-and-Rice-Burrito-6oz-Pouch-Frozen/10789417?fulfillmentIntent=Pickup,"Amy's Cheddar Cheese Bean and Rice Burrito, 6oz Pouch (Frozen)",Amy's Kitchen,2.98,2.98,6,,2022-09-11 21:20:04,16483179
319376,66062,Frozen,Frozen Meals & Snacks,Shop all,Frozen/Frozen Meals & Snacks,45067843,https://www.walmart.com/ip/Amy-s-Gluten-Free-Bean-Rice-Burrito-5-5oz-Pouch-Frozen/45067843?fulfillmentIntent=Pickup,"Amy's Gluten Free Bean & Rice Burrito, 5.5oz Pouch (Frozen)",Amy's Kitchen,4.0,4.0,5.5,,2022-09-11 21:20:04,16483180
319377,66062,Frozen,Frozen Meals & Snacks,Shop all,Frozen/Frozen Meals & Snacks,402496313,https://www.walmart.com/ip/Tina-s-Big-Burrito-Red-Hot-Beef-Deli-Heat-Eat/402496313?fulfillmentIntent=Pickup,"Tina's Big Burrito Red Hot Beef, (Deli Heat & Eat)",Tina's,1.27,1.27,,,2022-09-11 21:20:04,16483181
319378,66062,Frozen,Frozen Meals & Snacks,Shop all,Frozen/Frozen Meals & Snacks,10801195,https://www.walmart.com/ip/SuperPretzel-Sofistix-Cheddar-Cheese-Filled-Soft-Pretzel-Sticks-9-oz/10801195?fulfillmentIntent=Pickup,"SuperPretzel Sofistix Cheddar Cheese Filled Soft Pretzel Sticks, 9 oz",SUPERPRETZEL,2.78,2.78,9,,2022-09-11 21:20:04,16483182
319379,66062,Frozen,Frozen Meals & Snacks,Shop all,Frozen/Frozen Meals & Snacks,52433347,https://www.walmart.com/ip/Great-Value-Spaghetti-with-Meat-Sauce-10-oz/52433347?fulfillmentIntent=Pickup,"Great Value Spaghetti with Meat Sauce, 10 oz",Great Value,2.87,2.87,10,,2022-09-11 21:20:04,16483183
319380,66062,Frozen,Frozen Meals & Snacks,Shop all,Frozen/Frozen Meals & Snacks,52807662,https://www.walmart.com/ip/Bosco-Mozzarella-Cheese-Stuffed-Breadsticks-14-5-oz-9-Ct-Frozen/52807662?fulfillmentIntent=Pickup,"Bosco Mozzarella Cheese Stuffed Breadsticks, 14.5 oz, 9 Ct (Frozen)",Bosco,3.08,3.08,14.5,,2022-09-11 21:20:04,16483184
319381,66062,Frozen,Frozen Meals & Snacks,Shop all,Frozen/Frozen Meals & Snacks,365707741,https://www.walmart.com/ip/Great-Value-Sausage-Pepperoni-Pizza-Snack-Rolls-40-count-20-oz/365707741?fulfillmentIntent=Pickup,"Great Value Sausage & Pepperoni Pizza Snack Rolls, 40 count, 20 oz",Great Value,3.12,3.12,20,,2022-09-11 21:20:04,16483185
319382,66062,Frozen,Frozen Meals & Snacks,Shop all,Frozen/Frozen Meals & Snacks,941861305,https://www.walmart.com/ip/Great-Value-Fully-Cooked-Chicken-Fries/941861305?fulfillmentIntent=Pickup,Great Value Fully Cooked Chicken Fries,Great Value,6.78,6.78,,,2022-09-11 21:20:04,16483186
319383,66062,Frozen,Frozen Meals & Snacks,Shop all,Frozen/Frozen Meals & Snacks,35103136,https://www.walmart.com/ip/Delimex-Beef-Cheese-Large-Flour-Taquitos-Frozen-Snacks-42-ct-Box/35103136?fulfillmentIntent=Pickup,"Delimex Beef & Cheese Large Flour Taquitos Frozen Snacks, 42 ct Box",Delimex,10.88,10.88,42,,2022-09-11 21:20:04,16483187
319384,66062,Frozen,Frozen Meals & Snacks,Shop all,Frozen/Frozen Meals & Snacks,10804751,https://www.walmart.com/ip/Lean-Cuisine-Supreme-Traditional-Pizza-6-oz-Frozen/10804751?fulfillmentIntent=Pickup,"Lean Cuisine Supreme, Traditional Pizza, 6 oz (Frozen)",Lean Cuisine,3.58,3.58,6,,2022-09-11 21:20:04,16483188
319385,66062,Frozen,Frozen Meals & Snacks,Shop all,Frozen/Frozen Meals & Snacks,10789413,https://www.walmart.com/ip/Amy-s-Gluten-Free-Enchilada-with-Spanish-Rice-Beans-Whole-Meals-10oz-Box-Frozen/10789413?fulfillmentIntent=Pickup,"Amy's Gluten Free Enchilada with Spanish Rice & Beans, Whole Meals, 10oz Box (Frozen)",Amy's Kitchen,4.42,4.42,10,,2022-09-11 21:20:04,16483189
319386,66062,Frozen,Frozen Meals & Snacks,Shop all,Frozen/Frozen Meals & Snacks,355035216,https://www.walmart.com/ip/Birds-Eye-Voila-Family-Size-Chicken-Stir-Fry-Frozen-Meal-60-OZ/355035216?fulfillmentIntent=Pickup,"Birds Eye Voila! Family Size Chicken Stir Fry, Frozen Meal, 60 OZ",VOILA,11.77,11.77,60,,2022-09-11 21:20:04,16483190
319387,66062,Frozen,Frozen Meals & Snacks,Shop all,Frozen/Frozen Meals & Snacks,16004712,https://www.walmart.com/ip/Tai-Pei-Pork-Egg-Rolls-Frozen-Asian-Appetizers-24-5-Oz/16004712?fulfillmentIntent=Pickup,"Tai Pei Pork Egg Rolls Frozen Asian Appetizers, 24.5 Oz",Tai Pei,5.98,5.98,24.5,,2022-09-11 21:20:04,16483191
319388,66062,Frozen,Frozen Meals & Snacks,Shop all,Frozen/Frozen Meals & Snacks,118974234,https://www.walmart.com/ip/Amy-s-Gluten-Free-Non-GMO-Chile-Relleno-Casserole-Bowl-9oz-Box-Frozen/118974234?fulfillmentIntent=Pickup,"Amy's Gluten Free Non GMO Chile Relleno Casserole Bowl, 9oz Box (Frozen)",Amy's Kitchen,4.42,4.42,9,,2022-09-11 21:20:04,16483192
319389,66062,Frozen,Frozen Meals & Snacks,Shop all,Frozen/Frozen Meals & Snacks,861723775,https://www.walmart.com/ip/State-Fair-Beef-Corn-Dogs-with-Honey-Sweetened-Batter-Frozen-6-Count/861723775?fulfillmentIntent=Pickup,"State Fair Beef Corn Dogs with Honey Sweetened Batter, Frozen, 6 Count",State Fair,4.77,4.77,,,2022-09-11 21:20:04,16483193
319390,66062,Frozen,Frozen Meals & Snacks,Shop all,Frozen/Frozen Meals & Snacks,898730091,https://www.walmart.com/ip/Scott-Jon-s-Shrimp-Scampi-Pasta-Bowl-Frozen-Meal-8oz/898730091?fulfillmentIntent=Pickup,"Scott & Jon's Shrimp Scampi Pasta Bowl Frozen Meal, 8oz",Scott & Jon's,4.74,4.74,8,,2022-09-11 21:20:04,16483194
319391,66062,Frozen,Frozen Meals & Snacks,Shop all,Frozen/Frozen Meals & Snacks,15754244,https://www.walmart.com/ip/Hot-Pockets-Frozen-Snacks-Philly-Steak-Cheese-Seasoned-Crust-Frozen-Sandwiches-54-oz/15754244?fulfillmentIntent=Pickup,Hot Pockets Frozen Snacks Philly Steak & Cheese Seasoned Crust Frozen Sandwiches 54 oz,Hot Pockets,13.48,13.48,54,,2022-09-11 21:20:04,16483195
319392,66062,Frozen,Frozen Meals & Snacks,Shop all,Frozen/Frozen Meals & Snacks,49065924,https://www.walmart.com/ip/MorningStar-Farms-Meatless-Chicken-Patties-Buffalo-10-Oz-Bag-Frozen/49065924?fulfillmentIntent=Pickup,"MorningStar Farms Meatless Chicken Patties, Buffalo, 10 Oz, Bag, Frozen",MorningStar Farms,4.18,4.18,10,,2022-09-11 21:20:04,16483196
319393,66062,Frozen,Frozen Meals & Snacks,Shop all,Frozen/Frozen Meals & Snacks,763105294,https://www.walmart.com/ip/DEVOUR-Chicken-Cordon-Bleu-Mac-Cheese-Frozen-Meal-10-5-oz-Box/763105294?fulfillmentIntent=Pickup&athbdg=L1300,"DEVOUR Chicken Cordon Bleu Mac & Cheese Frozen Meal, 10.5 oz Box",DEVOUR,3.26,2.93,10.5,,2022-09-11 21:20:04,16483197
319410,66062,Frozen,Frozen Meals & Snacks,Shop all,Frozen/Frozen Meals & Snacks,34701149,https://www.walmart.com/ip/Farm-Rich-Breaded-Jalapeno-Peppers-Stuffed-with-100-Real-Cream-Cheese-18-oz/34701149?fulfillmentIntent=Pickup,"Farm Rich Breaded Jalapeno Peppers Stuffed with 100% Real Cream Cheese, 18 oz",Farm Rich,6.68,6.68,18,,2022-09-11 21:20:04,16483214
319411,66062,Frozen,Frozen Meals & Snacks,Shop all,Frozen/Frozen Meals & Snacks,29767935,https://www.walmart.com/ip/Annie-Chun-s-Korean-Sweet-Chili-Noodle-Bowl-Meal-Shelf-Stable-8-oz/29767935?fulfillmentIntent=Pickup,"Annie Chun's Korean Sweet Chili Noodle Bowl Meal, Shelf Stable, 8 oz",Annie Chun's,2.98,2.98,8,,2022-09-11 21:20:04,16483215
319412,66062,Frozen,Frozen Meals & Snacks,Shop all,Frozen/Frozen Meals & Snacks,15435634,https://www.walmart.com/ip/Hungry-Man-Country-Fried-Chicken-Frozen-Dinner-16-oz/15435634?fulfillmentIntent=Pickup,"Hungry Man Country Fried Chicken Frozen Dinner, 16 oz.",Hungry-Man,3.74,3.74,16,,2022-09-11 21:20:04,16483216
319413,66062,Frozen,Frozen Meals & Snacks,Shop all,Frozen/Frozen Meals & Snacks,14140835,https://www.walmart.com/ip/Stouffer-s-Fish-Filet-Frozen-Meal-9-oz/14140835?fulfillmentIntent=Pickup,Stouffer's Fish Filet Frozen Meal 9 oz,Stouffer's,4.98,4.98,9,,2022-09-11 21:20:04,16483217
319414,66062,Frozen,Frozen Meals & Snacks,Shop all,Frozen/Frozen Meals & Snacks,26058090,https://www.walmart.com/ip/Amy-s-Pad-Thai-Made-with-Organic-Rice-Noodles-Vegetables-Tofu-9-5oz-Box-Frozen/26058090?fulfillmentIntent=Pickup&athbdg=L1600,"Amy's Pad Thai Made with Organic Rice Noodles Vegetables & Tofu, 9.5oz Box (Frozen)",Amy's Kitchen,4.42,4.42,9.5,,2022-09-11 21:20:04,16483218
319415,66062,Frozen,Frozen Meals & Snacks,Shop all,Frozen/Frozen Meals & Snacks,47041337,https://www.walmart.com/ip/Great-Value-Biscuit-Sandwiches-Bacon-Egg-and-Cheese-4-Count-Frozen/47041337?fulfillmentIntent=Pickup,"Great Value Biscuit Sandwiches Bacon Egg and Cheese, 4 Count (Frozen)",Great Value,5.78,5.78,,,2022-09-11 21:20:04,16483219
319416,66062,Frozen,Frozen Meals & Snacks,Shop all,Frozen/Frozen Meals & Snacks,35606592,https://www.walmart.com/ip/P-F-Chang-s-Home-Menu-Beef-with-Broccoli-Skillet-Meal-Frozen-Meal-22-OZ/35606592?fulfillmentIntent=Pickup,"P.F. Chang's Home Menu Beef with Broccoli Skillet Meal, Frozen Meal, 22 OZ",P.F. Chang's,7.78,7.78,22,,2022-09-11 21:20:04,16483220
319417,66062,Frozen,Frozen Meals & Snacks,Shop all,Frozen/Frozen Meals & Snacks,24704913,https://www.walmart.com/ip/Banquet-Family-Size-Backyard-BBQ-Boneless-Patties-Frozen-Meal/24704913?fulfillmentIntent=Pickup,"Banquet Family Size Backyard BBQ Boneless Patties, Frozen Meal",Homestyle Bakes,3.57,3.57,,,2022-09-11 21:20:04,16483221
319418,66062,Frozen,Frozen Meals & Snacks,Shop all,Frozen/Frozen Meals & Snacks,516494650,https://www.walmart.com/ip/Great-Value-Meat-Lover-s-Lasagna-12-oz/516494650?fulfillmentIntent=Pickup,"Great Value Meat Lover's Lasagna, 12 oz",Great Value,3.12,3.12,12,,2022-09-11 21:20:04,16483222
319419,66062,Frozen,Frozen Meals & Snacks,Shop all,Frozen/Frozen Meals & Snacks,10849328,https://www.walmart.com/ip/BOCA-All-American-Veggie-Burgers-4-ct-Box/10849328?fulfillmentIntent=Pickup,"BOCA All American Veggie Burgers, 4 ct Box",Boca,3.46,3.46,4,,2022-09-11 21:20:04,16483223
319420,66062,Frozen,Frozen Meals & Snacks,Shop all,Frozen/Frozen Meals & Snacks,10804840,https://www.walmart.com/ip/Stouffer-s-Family-Size-Chicken-Broccoli-Pasta-Bake-Frozen-Meal-40-oz/10804840?fulfillmentIntent=Pickup,Stouffer's Family Size Chicken & Broccoli Pasta Bake Frozen Meal 40 oz,Stouffer's,9.84,9.84,40,,2022-09-11 21:20:04,16483224
319421,66062,Frozen,Frozen Meals & Snacks,Shop all,Frozen/Frozen Meals & Snacks,199021676,https://www.walmart.com/ip/Totino-s-Pizza-Rolls-Triple-Cheese-100-Rolls-48-8-oz-Bag/199021676?fulfillmentIntent=Pickup,"Totino's Pizza Rolls, Triple Cheese, 100 Rolls, 48.8 oz Bag",Totino's,9.88,9.88,48.8,,2022-09-11 21:20:04,16483225
319422,66062,Frozen,Frozen Meals & Snacks,Shop all,Frozen/Frozen Meals & Snacks,20743477,https://www.walmart.com/ip/El-Monterey-Signature-Shredded-Steak-Cheese-Rice-Burritos-57-6-oz-12-Ct-Frozen/20743477?fulfillmentIntent=Pickup,"El Monterey Signature Shredded Steak, Cheese & Rice Burritos, 57.6 oz, 12 Ct (Frozen)",El Monterey,14.88,14.88,57.6,,2022-09-11 21:20:04,16483226
319423,66062,Frozen,Frozen Meals & Snacks,Shop all,Frozen/Frozen Meals & Snacks,52433349,https://www.walmart.com/ip/Great-Value-Meatloaf-and-Mashed-Potatoes-10-oz-Frozen/52433349?fulfillmentIntent=Pickup,"Great Value Meatloaf and Mashed Potatoes, 10 oz (Frozen)",Great Value,3.12,3.12,10,,2022-09-11 21:20:04,16483227
319424,66062,Frozen,Frozen Meals & Snacks,Shop all,Frozen/Frozen Meals & Snacks,10794826,https://www.walmart.com/ip/Smart-Ones-Broccoli-Cheddar-Roasted-Potatoes-Frozen-Meal-9-oz-Box/10794826?fulfillmentIntent=Pickup&athbdg=L1300,"Smart Ones Broccoli & Cheddar Roasted Potatoes Frozen Meal, 9 oz Box",SMART ONES,2.18,1.96,9,,2022-09-11 21:20:04,16483228
319425,66062,Frozen,Frozen Meals & Snacks,Shop all,Frozen/Frozen Meals & Snacks,358877743,https://www.walmart.com/ip/Applegate-Organic-Chicken-Strips-8oz-7-5-CT-Box-Frozen/358877743?fulfillmentIntent=Pickup,"Applegate Organic Chicken Strips, 8oz, 7.5 CT Box (Frozen)",Applegate,7.47,7.47,8,,2022-09-11 21:20:04,16483229
319426,66062,Frozen,Frozen Meals & Snacks,Shop all,Frozen/Frozen Meals & Snacks,10804806,https://www.walmart.com/ip/Lean-Cuisine-Features-Steak-Portabella-Frozen-Meal-7-5-oz/10804806?fulfillmentIntent=Pickup,Lean Cuisine Features Steak Portabella Frozen Meal 7.5 oz,Lean Cuisine,3.76,3.76,7.5,,2022-09-11 21:20:04,16483230
319427,66062,Frozen,Frozen Meals & Snacks,Shop all,Frozen/Frozen Meals & Snacks,47502362,https://www.walmart.com/ip/Amy-s-Non-GMO-3-Cheese-Kale-Bake-Bowl-8-5oz-Box-Frozen/47502362?fulfillmentIntent=Pickup,"Amy's Non GMO 3 Cheese & Kale Bake Bowl, 8.5oz Box (Frozen)",Amy's Kitchen,4.42,4.42,8.5,,2022-09-11 21:20:04,16483231
319428,66062,Frozen,Frozen Meals & Snacks,Shop all,Frozen/Frozen Meals & Snacks,538649993,https://www.walmart.com/ip/Great-Value-Five-Cheese-Lasagna-Pasta-12-oz/538649993?fulfillmentIntent=Pickup,"Great Value Five Cheese Lasagna Pasta, 12 oz",Great Value,3.12,3.12,12,,2022-09-11 21:20:04,16483232
319429,66062,Frozen,Frozen Meals & Snacks,Shop all,Frozen/Frozen Meals & Snacks,605198861,https://www.walmart.com/ip/Birds-Eye-Steamfresh-Veggie-Pasta-Penne-With-Cheddar-Cheese-Sauce-Frozen-10-oz/605198861?fulfillmentIntent=Pickup,"Birds Eye Steamfresh Veggie Pasta Penne With Cheddar Cheese Sauce, Frozen, 10 oz.",Birdseye,3.34,3.34,10,,2022-09-11 21:20:04,16483233
319430,66062,Frozen,Frozen Meals & Snacks,Shop all,Frozen/Frozen Meals & Snacks,20743478,https://www.walmart.com/ip/El-Monterey-Signature-Shredded-Steak-Cheese-Rice-Chimichangas-54-oz-Family-Size-12-Ct-Frozen/20743478?fulfillmentIntent=Pickup,"El Monterey Signature Shredded Steak, Cheese & Rice Chimichangas, 54 oz Family Size, 12 Ct (Frozen)",El Monterey,14.88,14.88,54,,2022-09-11 21:20:04,16483234
319431,66062,Frozen,Frozen Meals & Snacks,Shop all,Frozen/Frozen Meals & Snacks,21806555,https://www.walmart.com/ip/Stouffer-s-Family-Size-Chicken-Alfredo-Frozen-Meal-31-oz/21806555?fulfillmentIntent=Pickup,Stouffer's Family Size Chicken Alfredo Frozen Meal 31 oz,Stouffer's,9.84,9.84,31,,2022-09-11 21:20:04,16483235
319432,66062,Frozen,Frozen Meals & Snacks,Shop all,Frozen/Frozen Meals & Snacks,306099424,https://www.walmart.com/ip/Marie-Callender-s-White-Wine-and-Butter-Shrimp-Mac-Cheese-Bowl-Frozen-Pasta-Meals-10-5-oz/306099424?fulfillmentIntent=Pickup,"Marie Callender's White Wine and Butter Shrimp Mac & Cheese Bowl, Frozen Pasta Meals, 10.5 oz.",Marie Callender's,2.98,2.98,10.5,,2022-09-11 21:20:04,16483236
319433,66062,Frozen,Frozen Meals & Snacks,Shop all,Frozen/Frozen Meals & Snacks,26542396,https://www.walmart.com/ip/Amy-s-Gluten-Free-Cheddar-Cheese-Burrito-5-5oz-Pouch-Frozen/26542396?fulfillmentIntent=Pickup,"Amy's Gluten Free Cheddar Cheese Burrito, 5.5oz Pouch (Frozen)",Amy's Kitchen,4.0,4.0,5.5,,2022-09-11 21:20:04,16483237
319434,66062,Frozen,Frozen Meals & Snacks,Shop all,Frozen/Frozen Meals & Snacks,915831744,https://www.walmart.com/ip/Great-Value-Honey-Barbeque-Seasoned-Boneless-Fully-Cooked-Breaded-Chicken-Wyngz-24-oz/915831744?fulfillmentIntent=Pickup,"Great Value Honey Barbeque Seasoned Boneless Fully Cooked Breaded Chicken Wyngz, 24 oz",Great Value,8.22,8.22,24,,2022-09-11 21:20:04,16483238
319435,66062,Frozen,Frozen Meals & Snacks,Shop all,Frozen/Frozen Meals & Snacks,112060586,https://www.walmart.com/ip/Daiya-Dairy-Free-Cheeze-Lover-s-Gluten-Free-Pizza-15-7oz-Frozen/112060586?fulfillmentIntent=Pickup&athbdg=L1300,Daiya Dairy Free Cheeze Lover's Gluten Free Pizza - 15.7oz (Frozen),Daiya,6.94,6.24,15.7,,2022-09-11 21:20:04,16483239
319436,66062,Frozen,Frozen Meals & Snacks,Shop all,Frozen/Frozen Meals & Snacks,214624534,https://www.walmart.com/ip/Totino-s-Pizza-Rolls-Triple-Meat-50-ct-24-8-oz-Bag-frozen/214624534?fulfillmentIntent=Pickup&athbdg=L1300,"Totino's Pizza Rolls, Triple Meat, 50 ct, 24.8 oz Bag (frozen)",Totino's,4.98,4.48,24.8,,2022-09-11 21:20:04,16483240
319437,66062,Frozen,Frozen Meals & Snacks,Shop all,Frozen/Frozen Meals & Snacks,518221331,https://www.walmart.com/ip/Lean-Cuisine-Bowls-Chicken-Teriyaki-Frozen-Meal-11-Ounce-11-oz/518221331?fulfillmentIntent=Pickup,"Lean Cuisine Bowls Chicken Teriyaki Frozen Meal, 11 Ounce 11 oz",Lean Cuisine,4.14,4.14,11,,2022-09-11 21:20:04,16483241
319438,66062,Frozen,Frozen Meals & Snacks,Shop all,Frozen/Frozen Meals & Snacks,46615896,https://www.walmart.com/ip/Gardein-Plant-Based-Vegan-Mandarin-Orange-Crispy-Chick-n-10-5oz-16-CT-Resealable-Bag-Frozen/46615896?fulfillmentIntent=Pickup,"Gardein Plant-Based Vegan Mandarin Orange Crispy Chick'n, 10.5oz, 16 CT Resealable Bag (Frozen)",Gardein,4.23,4.23,10.5,,2022-09-11 21:20:04,16483242
319439,66062,Frozen,Frozen Meals & Snacks,Shop all,Frozen/Frozen Meals & Snacks,400091463,https://www.walmart.com/ip/Healthy-Choice-Simply-Steamers-Beef-Chimichurri-Frozen-Meal-9-oz/400091463?fulfillmentIntent=Pickup,"Healthy Choice Simply Steamers Beef Chimichurri Frozen Meal, 9 oz.",Healthy Choice,3.42,3.42,9,,2022-09-11 21:20:04,16483243
319440,66062,Frozen,Frozen Meals & Snacks,Shop all,Frozen/Frozen Meals & Snacks,46491648,https://www.walmart.com/ip/Amy-s-Non-Dairy-Bean-Rice-Burrito-6oz-Pouch-Frozen/46491648?fulfillmentIntent=Pickup,"Amy's Non-Dairy Bean & Rice Burrito, 6oz Pouch (Frozen)",Amy's Kitchen,2.98,2.98,6,,2022-09-11 21:20:04,16483244
319441,66062,Frozen,Frozen Meals & Snacks,Shop all,Frozen/Frozen Meals & Snacks,429164277,https://www.walmart.com/ip/Birds-Eye-Voila-Garlic-Chicken-Bulk-Skillet-Meal-60-Oz/429164277?fulfillmentIntent=Pickup,"Birds Eye Voila! Garlic Chicken, Bulk Skillet Meal, 60 Oz",Birdseye,11.77,11.77,60,,2022-09-11 21:20:04,16483245
319442,66062,Frozen,Frozen Meals & Snacks,Shop all,Frozen/Frozen Meals & Snacks,966485793,https://www.walmart.com/ip/Marie-Callender-s-Scalloped-Potatoes-Cheese-Sauce-Ham-27-oz/966485793?fulfillmentIntent=Pickup,"Marie Callender's Scalloped Potatoes, Cheese Sauce, Ham, 27 oz",Marie Callender's,6.57,6.57,27,,2022-09-11 21:20:04,16483246
319443,66062,Frozen,Frozen Meals & Snacks,Shop all,Frozen/Frozen Meals & Snacks,10292984,https://www.walmart.com/ip/Pagoda-Snacks-Cream-Cheese-Wontons-17-27-oz/10292984?fulfillmentIntent=Pickup,"Pagoda Snacks Cream Cheese Wontons, 17.27 oz",PAGODA,3.64,3.64,17.27,,2022-09-11 21:20:04,16483247
319444,66062,Frozen,Frozen Meals & Snacks,Shop all,Frozen/Frozen Meals & Snacks,21048456,https://www.walmart.com/ip/Stouffer-s-Large-Family-Size-Baked-Ziti-Frozen-Meal-57-oz/21048456?fulfillmentIntent=Pickup,Stouffer's Large Family Size Baked Ziti Frozen Meal 57 oz,Stouffer's,13.48,13.48,57,,2022-09-11 21:20:04,16483248
319445,66062,Frozen,Frozen Meals & Snacks,Shop all,Frozen/Frozen Meals & Snacks,262180242,https://www.walmart.com/ip/Great-Value-Stuffed-Shells-Pasta-32-oz/262180242?fulfillmentIntent=Pickup,"Great Value Stuffed Shells Pasta, 32 oz",Great Value,8.77,8.77,32,,2022-09-11 21:20:04,16483249
319446,66062,Frozen,Frozen Meals & Snacks,Shop all,Frozen/Frozen Meals & Snacks,10804836,https://www.walmart.com/ip/Stouffer-s-Party-Size-Macaroni-Cheese-Frozen-Meal/10804836?fulfillmentIntent=Pickup,Stouffer's Party Size Macaroni & Cheese Frozen Meal,Stouffer's,13.48,13.48,,,2022-09-11 21:20:04,16483250
319447,66062,Frozen,Frozen Meals & Snacks,Shop all,Frozen/Frozen Meals & Snacks,39670305,https://www.walmart.com/ip/Stouffer-s-Large-Family-Size-Meat-Lovers-Lasagna-Frozen-Meal-57-oz/39670305?fulfillmentIntent=Pickup,Stouffer's Large Family Size Meat Lovers Lasagna Frozen Meal 57 oz,Stouffer's,13.48,13.48,57,,2022-09-11 21:20:04,16483251
319448,66062,Frozen,Frozen Meals & Snacks,Shop all,Frozen/Frozen Meals & Snacks,123503179,https://www.walmart.com/ip/Saffron-Road-Gluten-Free-Chicken-Tikka-Masala-with-Basmati-Rice-Frozen-Dinner-10-oz/123503179?fulfillmentIntent=Pickup,"Saffron Road Gluten-Free Chicken Tikka Masala with Basmati Rice Frozen Dinner, 10 oz",Saffron Road,5.34,5.34,10,,2022-09-11 21:20:04,16483252
319449,66062,Frozen,Frozen Meals & Snacks,Shop all,Frozen/Frozen Meals & Snacks,289977310,https://www.walmart.com/ip/Totino-s-Pizza-Rolls-Triple-Meat-Frozen-Snacks-63-5-oz-130-ct/289977310?fulfillmentIntent=Pickup,"Totino's Pizza Rolls, Triple Meat, Frozen Snacks, 63.5 oz, 130 ct",Totino's,11.98,11.98,63.5,,2022-09-11 21:20:04,16483253
319492,66062,Frozen,Frozen Meals & Snacks,Shop all,Frozen/Frozen Meals & Snacks,45067842,https://www.walmart.com/ip/Amy-s-Non-GMO-Pesto-Tortellini-Bowl-9-5oz-Box-Frozen/45067842?fulfillmentIntent=Pickup,"Amy's Non GMO Pesto Tortellini Bowl, 9.5oz Box (Frozen)",Amy's Kitchen,4.42,4.42,9.5,,2022-09-11 21:20:04,16483296
319493,66062,Frozen,Frozen Meals & Snacks,Shop all,Frozen/Frozen Meals & Snacks,20435305,https://www.walmart.com/ip/Jose-Ole-Chicken-Cheese-Flour-Taquitos-22-5-oz/20435305?fulfillmentIntent=Pickup,Jose Ole Chicken & Cheese Flour Taquitos 22.5 oz,José Olé,5.98,5.98,22.5,,2022-09-11 21:20:04,16483297
319494,66062,Frozen,Frozen Meals & Snacks,Shop all,Frozen/Frozen Meals & Snacks,47502363,https://www.walmart.com/ip/Amy-s-Gluten-Free-Chili-Mac-Bowl-9oz-Box-Frozen/47502363?fulfillmentIntent=Pickup,"Amy's Gluten Free Chili Mac Bowl, 9oz Box (Frozen)",Amy's Kitchen,4.42,4.42,9,,2022-09-11 21:20:04,16483298
319495,66062,Frozen,Frozen Meals & Snacks,Shop all,Frozen/Frozen Meals & Snacks,20918324,https://www.walmart.com/ip/Birds-Eye-Voila-Sweet-Sour-Chicken-Family-Size-Skillet-Meal-42-Oz/20918324?fulfillmentIntent=Pickup,"Birds Eye Voila! Sweet & Sour Chicken, Family Size Skillet Meal, 42 Oz",Birdseye,8.48,8.48,42,,2022-09-11 21:20:04,16483299
319496,66062,Frozen,Frozen Meals & Snacks,Shop all,Frozen/Frozen Meals & Snacks,406323625,https://www.walmart.com/ip/Scott-Jon-s-Garlic-Butter-Shrimp-Rice-Bowl-Frozen-Meal-8-oz/406323625?fulfillmentIntent=Pickup,"Scott & Jon's Garlic Butter Shrimp Rice Bowl Frozen Meal, 8 oz",Scott & Jon's,4.74,4.74,8,,2022-09-11 21:20:04,16483300
319497,66062,Frozen,Frozen Meals & Snacks,Shop all,Frozen/Frozen Meals & Snacks,35103137,https://www.walmart.com/ip/Delimex-Beef-Corn-Taquitos-Frozen-Snacks-56-ct-Box/35103137?fulfillmentIntent=Pickup,"Delimex Beef Corn Taquitos Frozen Snacks, 56 ct Box",Delimex,10.88,10.88,56,,2022-09-11 21:20:04,16483301
319498,66062,Frozen,Frozen Meals & Snacks,Shop all,Frozen/Frozen Meals & Snacks,256572734,https://www.walmart.com/ip/Applegate-Natural-Gluten-Free-Chicken-Tenders-16oz-Frozen/256572734?fulfillmentIntent=Pickup,"Applegate Natural Gluten-Free Chicken Tenders, 16oz (Frozen)",Applegate,12.58,12.58,16,,2022-09-11 21:20:04,16483302
319499,66062,Frozen,Frozen Meals & Snacks,Shop all,Frozen/Frozen Meals & Snacks,36073881,https://www.walmart.com/ip/Jimmy-Dean-Bacon-Egg-Cheese-Biscuit-Sandwich-28-8-oz-8-Ct-Frozen/36073881?fulfillmentIntent=Pickup&athbdg=L1300,"Jimmy Dean Bacon Egg & Cheese Biscuit Sandwich, 28.8 oz, 8 Ct (Frozen)",Jimmy Dean,9.98,9.88,28.8,,2022-09-11 21:20:04,16483303
319500,66062,Frozen,Frozen Meals & Snacks,Shop all,Frozen/Frozen Meals & Snacks,54778118,https://www.walmart.com/ip/PAGODA-SNACKS-Crab-Rangoons-6-07-oz/54778118?fulfillmentIntent=Pickup,"PAGODA SNACKS Crab Rangoons, 6.07 oz",PAGODA,3.64,3.64,6.07,,2022-09-11 21:20:04,16483304
319501,66062,Frozen,Frozen Meals & Snacks,Shop all,Frozen/Frozen Meals & Snacks,50039778,https://www.walmart.com/ip/MorningStar-Farms-Veggie-Burgers-Grillers-Original-9-Oz-Bag-Frozen/50039778?fulfillmentIntent=Pickup&athbdg=L1300,"MorningStar Farms Veggie Burgers, Grillers Original, 9 Oz, Bag, Frozen",MorningStar Farms,4.18,3.76,9,,2022-09-11 21:20:04,16483305
319502,66062,Frozen,Frozen Meals & Snacks,Shop all,Frozen/Frozen Meals & Snacks,893760465,https://www.walmart.com/ip/Dole-Acai-Bowl-Frozen-Protein-Acai-Blend-with-Fruit-and-Granola-6-oz/893760465?fulfillmentIntent=Pickup,"Dole Acai Bowl, Frozen Protein Acai Blend with Fruit and Granola, 6 oz",Dole,3.64,3.64,6,,2022-09-11 21:20:04,16483306
319503,66062,Frozen,Frozen Meals & Snacks,Shop all,Frozen/Frozen Meals & Snacks,10849463,https://www.walmart.com/ip/Lean-Cuisine-Features-Tortilla-Crusted-Fish-Frozen-Meal-8-oz/10849463?fulfillmentIntent=Pickup,Lean Cuisine Features Tortilla Crusted Fish Frozen Meal 8 oz.,Lean Cuisine,3.58,3.58,8,,2022-09-11 21:20:04,16483307
319504,66062,Frozen,Frozen Meals & Snacks,Shop all,Frozen/Frozen Meals & Snacks,142995175,https://www.walmart.com/ip/Jimmy-Dean-Sausage-Egg-Cheese-Croissant-Sandwiches-18-oz-4-Ct-Frozen/142995175?fulfillmentIntent=Pickup,"Jimmy Dean Sausage, Egg & Cheese Croissant Sandwiches, 18 oz, 4 Ct (Frozen)",Jimmy Dean,6.58,6.58,18,,2022-09-11 21:20:04,16483308
319505,66062,Frozen,Frozen Meals & Snacks,Shop all,Frozen/Frozen Meals & Snacks,705673790,https://www.walmart.com/ip/Great-Value-Cheese-Pepperoni-Mini-Pizza-Bagels-28-oz-36-Count/705673790?fulfillmentIntent=Pickup,"Great Value Cheese & Pepperoni Mini Pizza Bagels, 28 oz, 36 Count",Great Value,5.98,5.98,28,,2022-09-11 21:20:04,16483309
319506,66062,Frozen,Frozen Meals & Snacks,Shop all,Frozen/Frozen Meals & Snacks,45743150,https://www.walmart.com/ip/Smart-Ones-Three-Cheese-Ziti-Marinara-Pasta-with-Meatballs-Mozzarella-Monterey-Jack-Parmesan-Cheeses-Frozen-Meal-9-oz-Box/45743150?fulfillmentIntent=Pickup&athbdg=L1300,"Smart Ones Three Cheese Ziti Marinara Pasta with Meatballs, Mozzarella, Monterey Jack & Parmesan Cheeses Frozen Meal, 9 oz Box",SMART ONES,2.18,1.96,9,,2022-09-11 21:20:04,16483310
319507,66062,Frozen,Frozen Meals & Snacks,Shop all,Frozen/Frozen Meals & Snacks,10849456,https://www.walmart.com/ip/Stouffer-s-Large-Family-Size-Chicken-Alfredo-Frozen-Meal-57-oz/10849456?fulfillmentIntent=Pickup,Stouffer's Large Family Size Chicken Alfredo Frozen Meal 57 oz,Stouffer's,13.48,13.48,57,,2022-09-11 21:20:04,16483311
319508,66062,Frozen,Frozen Meals & Snacks,Shop all,Frozen/Frozen Meals & Snacks,49358449,https://www.walmart.com/ip/MorningStar-Farms-Veggie-Burgers-Spicy-Black-Bean-9-5-Oz-Bag-Frozen/49358449?fulfillmentIntent=Pickup&athbdg=L1300,"MorningStar Farms Veggie Burgers, Spicy Black Bean, 9.5 Oz, Bag, Frozen",MorningStar Farms,4.18,3.76,9.5,,2022-09-11 21:20:04,16483312
319509,66062,Frozen,Frozen Meals & Snacks,Shop all,Frozen/Frozen Meals & Snacks,774365667,https://www.walmart.com/ip/Pagoda-Snacks-Pork-Egg-Rolls-8-Count-22-00-oz/774365667?fulfillmentIntent=Pickup,"Pagoda Snacks, Pork Egg Rolls, 8 Count, 22.00 oz",PAGODA,6.28,6.28,22.00,,2022-09-11 21:20:04,16483313
319510,66062,Frozen,Frozen Meals & Snacks,Shop all,Frozen/Frozen Meals & Snacks,401190725,https://www.walmart.com/ip/Healthy-Choice-Power-Bowls-Korean-Inspired-Beef-Frozen-Meals-9-5-oz/401190725?fulfillmentIntent=Pickup,"Healthy Choice Power Bowls Korean-Inspired Beef Frozen Meals, 9.5 oz.",Healthy Choice,3.98,3.98,9.5,,2022-09-11 21:20:04,16483314
319511,66062,Frozen,Frozen Meals & Snacks,Shop all,Frozen/Frozen Meals & Snacks,15610425,https://www.walmart.com/ip/Smart-Ones-Cheesy-Scramble-with-Hash-Browns-Eggs-Cheddar-Monterey-Jack-Mozzarella-Cheeses-Frozen-Meal-6-49-oz-Box/15610425?fulfillmentIntent=Pickup&athbdg=L1300,"Smart Ones Cheesy Scramble with Hash Browns, Eggs & Cheddar, Monterey Jack & Mozzarella Cheeses Frozen Meal, 6.49 oz Box",SMART ONES,2.18,1.96,6.49,,2022-09-11 21:20:04,16483315
319512,66062,Frozen,Frozen Meals & Snacks,Shop all,Frozen/Frozen Meals & Snacks,812870354,https://www.walmart.com/ip/Marie-Callender-s-Sweet-Savory-Sesame-Chicken-Bowl-12-3-oz/812870354?fulfillmentIntent=Pickup,"Marie Callender's Sweet & Savory Sesame Chicken Bowl, 12.3 oz",Marie Callender's,2.98,2.98,12.3,,2022-09-11 21:20:04,16483316
319513,66062,Frozen,Frozen Meals & Snacks,Shop all,Frozen/Frozen Meals & Snacks,22153293,https://www.walmart.com/ip/SeaPak-Shrimp-Spring-Rolls-with-Sweet-Chili-Sauce-Easy-to-Bake-Frozen-20-oz/22153293?fulfillmentIntent=Pickup,"SeaPak Shrimp Spring Rolls with Sweet Chili Sauce, Easy to Bake, Frozen, 20 oz",SeaPak,10.34,10.34,20,,2022-09-11 21:20:04,16483317
319514,66062,Frozen,Frozen Meals & Snacks,Shop all,Frozen/Frozen Meals & Snacks,54522977,https://www.walmart.com/ip/Farm-Rich-Breaded-Wisconsin-Cheddar-Cheese-Curds-in-a-Crispy-Coating-Frozen-16-oz/54522977?fulfillmentIntent=Pickup,"Farm Rich Breaded Wisconsin Cheddar Cheese Curds in a Crispy Coating, Frozen, 16 oz",Farm Rich,6.68,6.68,16,,2022-09-11 21:20:04,16483318
319515,66062,Frozen,Frozen Meals & Snacks,Shop all,Frozen/Frozen Meals & Snacks,22617048,https://www.walmart.com/ip/Atkins-Crustless-Chicken-Pot-Pie-Bowl-9-Oz-Frozen/22617048?fulfillmentIntent=Pickup,Atkins Crustless Chicken Pot Pie Bowl 9 Oz. (Frozen),Atkins,4.24,4.24,9,,2022-09-11 21:20:04,16483319
319516,66062,Frozen,Frozen Meals & Snacks,Shop all,Frozen/Frozen Meals & Snacks,49028498,https://www.walmart.com/ip/MorningStar-Farms-Veggie-Burgers-Grillers-Original-18-Oz-Bag-Frozen/49028498?fulfillmentIntent=Pickup,"MorningStar Farms Veggie Burgers, Grillers Original, 18 Oz, Bag, Frozen",MorningStar Farms,8.46,8.46,18,,2022-09-11 21:20:04,16483320
319517,66062,Frozen,Frozen Meals & Snacks,Shop all,Frozen/Frozen Meals & Snacks,49238640,https://www.walmart.com/ip/MorningStar-Farms-Meatless-Chicken-Wings-Buffalo-10-5-Oz-Bag-Frozen/49238640?fulfillmentIntent=Pickup,"MorningStar Farms Meatless Chicken Wings, Buffalo, 10.5 Oz, Bag, Frozen",MorningStar Farms,4.58,4.58,10.5,,2022-09-11 21:20:04,16483321
319518,66062,Frozen,Frozen Meals & Snacks,Shop all,Frozen/Frozen Meals & Snacks,10789414,https://www.walmart.com/ip/Amy-s-Cheese-Enchilada-Whole-Meals-9oz-Box-Frozen/10789414?fulfillmentIntent=Pickup,"Amy's Cheese Enchilada, Whole Meals, 9oz Box (Frozen)",Amy's Kitchen,4.42,4.42,9,,2022-09-11 21:20:04,16483322
319519,66062,Frozen,Frozen Meals & Snacks,Shop all,Frozen/Frozen Meals & Snacks,49358450,https://www.walmart.com/ip/MorningStar-Farms-Veggie-Burgers-Garden-Veggie-9-5-Oz-Bag-Frozen/49358450?fulfillmentIntent=Pickup&athbdg=L1300,"MorningStar Farms Veggie Burgers, Garden Veggie, 9.5 Oz, Bag, Frozen",MorningStar Farms,4.18,3.76,9.5,,2022-09-11 21:20:04,16483323
319520,66062,Frozen,Frozen Meals & Snacks,Shop all,Frozen/Frozen Meals & Snacks,20435302,https://www.walmart.com/ip/Jose-Ole-Beef-Corn-Taquitos-20-oz-20-Ct-Frozen/20435302?fulfillmentIntent=Pickup,"Jose Ole Beef Corn Taquitos 20 oz, 20 Ct (Frozen)",José Olé,5.98,5.98,20,,2022-09-11 21:20:04,16483324
319521,66062,Frozen,Frozen Meals & Snacks,Shop all,Frozen/Frozen Meals & Snacks,15716599,https://www.walmart.com/ip/Hot-Pockets-Frozen-Snack-Italian-Style-Meatballs-Mozzarella-Garlic-Buttery-Crust-Frozen-Sandwiches-54-oz/15716599?fulfillmentIntent=Pickup,Hot Pockets Frozen Snack Italian Style Meatballs & Mozzarella Garlic Buttery Crust Frozen Sandwiches 54 oz.,Hot Pockets,13.48,13.48,54,,2022-09-11 21:20:04,16483325
319522,66062,Frozen,Frozen Meals & Snacks,Shop all,Frozen/Frozen Meals & Snacks,16940550,https://www.walmart.com/ip/Great-Value-Chicken-Wings-with-Cajun-Dry-Rub-1-lb-6-oz/16940550?fulfillmentIntent=Pickup,"Great Value Chicken Wings with Cajun Dry Rub, 1 lb 6 oz",Great Value,10.48,10.48,6,,2022-09-11 21:20:04,16483326
319523,66062,Frozen,Frozen Meals & Snacks,Shop all,Frozen/Frozen Meals & Snacks,46615895,https://www.walmart.com/ip/Gardein-Plant-Based-Vegan-Seven-Grain-Crispy-Chick-n-Tenders-9oz-10-CT-Resealable-Bag-Frozen/46615895?fulfillmentIntent=Pickup,"Gardein Plant-Based Vegan Seven Grain Crispy Chick'n Tenders, 9oz, 10 CT Resealable Bag (Frozen)",Gardein,4.23,4.23,9,,2022-09-11 21:20:04,16483327
319524,66062,Frozen,Frozen Meals & Snacks,Shop all,Frozen/Frozen Meals & Snacks,10318311,https://www.walmart.com/ip/Stouffer-s-Tuna-Noodle-Casserole-Frozen-Meal-12-oz/10318311?fulfillmentIntent=Pickup,Stouffer's Tuna Noodle Casserole Frozen Meal 12 oz,Stouffer's,3.48,3.48,12,,2022-09-11 21:20:04,16483328
319525,66062,Frozen,Frozen Meals & Snacks,Shop all,Frozen/Frozen Meals & Snacks,443722197,https://www.walmart.com/ip/Green-Giant-Crispy-Crunchy-Zucchini-Garlic-Parmesan-Veggie-Fries-12-oz/443722197?fulfillmentIntent=Pickup,Green Giant Crispy & Crunchy Zucchini Garlic & Parmesan Veggie Fries 12 oz,Green Giant,3.87,3.87,12,,2022-09-11 21:20:04,16483329
319526,66062,Frozen,Frozen Meals & Snacks,Shop all,Frozen/Frozen Meals & Snacks,169352571,https://www.walmart.com/ip/Great-Value-Pork-Egg-Rolls-10-8-oz-4-Count/169352571?fulfillmentIntent=Pickup,"Great Value Pork Egg Rolls, 10.8 oz, 4 Count",Great Value,2.98,2.98,10.8,,2022-09-11 21:20:04,16483330
319527,66062,Frozen,Frozen Meals & Snacks,Shop all,Frozen/Frozen Meals & Snacks,679990736,https://www.walmart.com/ip/Great-Value-Fit-Breakfast-Turkey-Sausage-Breakfast-Sandwich-5-1-oz-4-Count/679990736?fulfillmentIntent=Pickup,"Great Value Fit Breakfast Turkey Sausage Breakfast Sandwich, 5.1 oz, 4 Count",Great Value,5.88,5.88,5.1,,2022-09-11 21:20:04,16483331
319528,66062,Frozen,Frozen Meals & Snacks,Shop all,Frozen/Frozen Meals & Snacks,148148203,https://www.walmart.com/ip/Red-Baron-Pepperoni-Pizza-Melt-5-34-oz/148148203?fulfillmentIntent=Pickup,"Red Baron Pepperoni Pizza Melt, 5.34 oz",Red Baron,3.34,3.34,5.34,,2022-09-11 21:20:04,16483332
319529,66062,Frozen,Frozen Meals & Snacks,Shop all,Frozen/Frozen Meals & Snacks,14651631,https://www.walmart.com/ip/Stouffer-s-Family-Size-Chicken-Enchiladas-Frozen-Meal-30-Ounce-30-oz/14651631?fulfillmentIntent=Pickup,"Stouffer's Family Size Chicken Enchiladas Frozen Meal, 30 Ounce 30 oz",Stouffer's,9.84,9.84,30,,2022-09-11 21:20:04,16483333
319530,66062,Frozen,Frozen Meals & Snacks,Shop all,Frozen/Frozen Meals & Snacks,14053228,https://www.walmart.com/ip/Amy-s-Non-GMO-Cheese-Ravioli-with-Sauce-Bowl-9-5oz-Box-Frozen/14053228?fulfillmentIntent=Pickup,"Amy's Non GMO Cheese Ravioli with Sauce Bowl, 9.5oz Box (Frozen)",Amy's Kitchen,4.42,4.42,9.5,,2022-09-11 21:20:04,16483334
319531,66062,Frozen,Frozen Meals & Snacks,Shop all,Frozen/Frozen Meals & Snacks,20553532,https://www.walmart.com/ip/Louisa-Four-Cheese-Toasted-Ravioli-16-oz/20553532?fulfillmentIntent=Pickup,"Louisa Four Cheese Toasted Ravioli, 16 oz",Louisa Food Products,4.74,4.74,16,,2022-09-11 21:20:04,16483335
319563,66062,Frozen,Frozen Meals & Snacks,Shop all,Frozen/Frozen Meals & Snacks,36213458,https://www.walmart.com/ip/Birds-Eye-Voila-Family-Size-Fajita-Chicken-Frozen-Meal-41-OZ/36213458?fulfillmentIntent=Pickup,"Birds Eye Voila! Family Size Fajita Chicken, Frozen Meal, 41 OZ",Birdseye,8.48,8.48,41,,2022-09-11 21:20:04,16483367
319564,66062,Frozen,Frozen Meals & Snacks,Shop all,Frozen/Frozen Meals & Snacks,47394233,https://www.walmart.com/ip/Blake-s-Gluten-Free-Chicken-Pot-Pie-8oz-Box-Frozen/47394233?fulfillmentIntent=Pickup,"Blake's Gluten Free Chicken Pot Pie, 8oz Box (Frozen)",Blake's,3.34,3.34,8,,2022-09-11 21:20:04,16483368
319565,66062,Frozen,Frozen Meals & Snacks,Shop all,Frozen/Frozen Meals & Snacks,691512678,https://www.walmart.com/ip/CAULIPOWER-Baked-never-fried-Chicken-Tenders-14oz-Frozen/691512678?fulfillmentIntent=Pickup,"CAULIPOWER Baked (never fried) Chicken Tenders, 14oz,(Frozen)",CAULIPOWER,7.24,7.24,14,,2022-09-11 21:20:04,16483369
319566,66062,Frozen,Frozen Meals & Snacks,Shop all,Frozen/Frozen Meals & Snacks,16821253,https://www.walmart.com/ip/Pagoda-Snacks-Chicken-Potstickers-9-49-oz/16821253?fulfillmentIntent=Pickup,"Pagoda Snacks, Chicken Potstickers, 9.49 oz",PAGODA,3.64,3.64,9.49,,2022-09-11 21:20:04,16483370
319567,66062,Frozen,Frozen Meals & Snacks,Shop all,Frozen/Frozen Meals & Snacks,20435304,https://www.walmart.com/ip/Jose-Ole-Beef-Cheese-Flour-Taquitos-22-5-oz/20435304?fulfillmentIntent=Pickup,Jose Ole Beef & Cheese Flour Taquitos 22.5 oz,José Olé,5.98,5.98,22.5,,2022-09-11 21:20:04,16483371
319568,66062,Frozen,Frozen Meals & Snacks,Shop all,Frozen/Frozen Meals & Snacks,17056854,https://www.walmart.com/ip/Pagoda-Pork-Potstickers-9-49-oz-Box/17056854?fulfillmentIntent=Pickup,Pagoda Pork Potstickers 9.49 oz. Box,PAGODA,3.64,3.64,9.49,,2022-09-11 21:20:04,16483372
319569,66062,Frozen,Frozen Meals & Snacks,Shop all,Frozen/Frozen Meals & Snacks,16672423,https://www.walmart.com/ip/Stouffer-s-Family-Size-Veggie-Lovers-Lasagna-Frozen-Meal-37-5-oz/16672423?fulfillmentIntent=Pickup,Stouffer's Family Size Veggie Lovers Lasagna Frozen Meal 37.5 oz.,Stouffer's,9.84,9.84,37.5,,2022-09-11 21:20:04,16483373
319570,66062,Frozen,Frozen Meals & Snacks,Shop all,Frozen/Frozen Meals & Snacks,25820347,https://www.walmart.com/ip/Farm-Rich-Breaded-Mozzarella-Cheese-Sticks-Party-Size-High-Protein-Snack-Frozen-70-oz/25820347?fulfillmentIntent=Pickup,"Farm Rich Breaded Mozzarella Cheese Sticks, Party Size High Protein Snack, Frozen, 70 oz",Farm Rich,13.98,13.98,70,,2022-09-11 21:20:04,16483374
319571,66062,Frozen,Frozen Meals & Snacks,Shop all,Frozen/Frozen Meals & Snacks,49015182,https://www.walmart.com/ip/MorningStar-Farms-Veggie-Burgers-Spicy-Black-Bean-18-9-Oz-Bag-Frozen/49015182?fulfillmentIntent=Pickup,"MorningStar Farms Veggie Burgers, Spicy Black Bean, 18.9 Oz, Bag, Frozen",MorningStar Farms,8.46,8.46,18.9,,2022-09-11 21:20:04,16483375
319572,66062,Frozen,Frozen Meals & Snacks,Shop all,Frozen/Frozen Meals & Snacks,24107864,https://www.walmart.com/ip/Great-Value-Italian-Style-Lasagna-with-Meat-Sauce-90-oz/24107864?fulfillmentIntent=Pickup,"Great Value Italian-Style Lasagna with Meat Sauce, 90 oz",Great Value,14.48,14.48,90,,2022-09-11 21:20:04,16483376
319573,66062,Frozen,Frozen Meals & Snacks,Shop all,Frozen/Frozen Meals & Snacks,42679302,https://www.walmart.com/ip/Atkins-Chicken-Margherita-9-Oz-Frozen/42679302?fulfillmentIntent=Pickup,Atkins Chicken Margherita 9 Oz. (Frozen),Atkins,4.24,4.24,9,,2022-09-11 21:20:04,16483377
319574,66062,Frozen,Frozen Meals & Snacks,Shop all,Frozen/Frozen Meals & Snacks,471085647,https://www.walmart.com/ip/Totino-s-Pizza-Rolls-Triple-Pepperoni-50-ct-24-8-oz-Bag-frozen/471085647?fulfillmentIntent=Pickup&athbdg=L1300,"Totino's Pizza Rolls, Triple Pepperoni, 50 ct, 24.8 oz Bag (frozen)",Totino's,4.98,4.48,24.8,,2022-09-11 21:20:04,16483378
319575,66062,Frozen,Frozen Meals & Snacks,Shop all,Frozen/Frozen Meals & Snacks,10790954,https://www.walmart.com/ip/Birds-Eye-Voila-Chicken-Stir-Fry-Noodles-Skillet-Meal-21-Oz/10790954?fulfillmentIntent=Pickup,"Birds Eye Voila! Chicken Stir-Fry Noodles, Skillet Meal, 21 Oz",Birdseye,5.28,5.28,21,,2022-09-11 21:20:04,16483379
319576,66062,Frozen,Frozen Meals & Snacks,Shop all,Frozen/Frozen Meals & Snacks,220080825,https://www.walmart.com/ip/Marie-Callender-s-Chicken-Pot-Pie-With-Crust-Made-With-Cauliflower-Single-Serve-Frozen-Meal-14-oz/220080825?fulfillmentIntent=Pickup,"Marie Callender's Chicken Pot Pie With Crust Made With Cauliflower, Single Serve Frozen Meal, 14 oz.",Marie Callender's,3.48,3.48,14,,2022-09-11 21:20:04,16483380
319577,66062,Frozen,Frozen Meals & Snacks,Shop all,Frozen/Frozen Meals & Snacks,14053223,https://www.walmart.com/ip/Amy-s-Gluten-Free-Non-GMO-Rice-Mac-Cheese-9oz-Box-Frozen/14053223?fulfillmentIntent=Pickup,"Amy's Gluten Free Non GMO Rice Mac & Cheese, 9oz Box (Frozen)",Amy's Kitchen,3.44,3.44,9,,2022-09-11 21:20:04,16483381
319578,66062,Frozen,Frozen Meals & Snacks,Shop all,Frozen/Frozen Meals & Snacks,295936197,https://www.walmart.com/ip/Great-Value-Beef-Bean-Burritos-32-oz-8-Count/295936197?fulfillmentIntent=Pickup,"Great Value Beef & Bean Burritos, 32 oz, 8 Count",Great Value,3.82,3.82,32,,2022-09-11 21:20:04,16483382
319579,66062,Frozen,Frozen Meals & Snacks,Shop all,Frozen/Frozen Meals & Snacks,35606591,https://www.walmart.com/ip/P-F-Chang-s-Home-Menu-Mongolian-Style-Beef-Skillet-Meal-Frozen-Meal-22-OZ/35606591?fulfillmentIntent=Pickup,"P.F. Chang's Home Menu Mongolian Style Beef Skillet Meal, Frozen Meal, 22 OZ",P.F. Chang's,7.78,7.78,22,,2022-09-11 21:20:04,16483383
319580,66062,Frozen,Frozen Meals & Snacks,Shop all,Frozen/Frozen Meals & Snacks,400582567,https://www.walmart.com/ip/Pagoda-Snacks-White-Meat-Chicken-Egg-Rolls-8-Count-22-00-oz/400582567?fulfillmentIntent=Pickup,"Pagoda Snacks, White Meat Chicken Egg Rolls, 8 Count, 22.00 oz",PAGODA,6.28,6.28,22.00,,2022-09-11 21:20:04,16483384
319581,66062,Frozen,Frozen Meals & Snacks,Shop all,Frozen/Frozen Meals & Snacks,992924422,https://www.walmart.com/ip/Tai-Pei-Frozen-Chicken-Vegetable-Rice-Spicy-Chicken-11-oz/992924422?fulfillmentIntent=Pickup,Tai Pei Frozen Chicken Vegetable Rice Spicy Chicken 11 oz,Tai Pei,2.98,2.98,11,,2022-09-11 21:20:04,16483385
319582,66062,Frozen,Frozen Meals & Snacks,Shop all,Frozen/Frozen Meals & Snacks,49358455,https://www.walmart.com/ip/MorningStar-Farms-Meatless-Chicken-Patties-Original-10-Oz-Bag-Frozen/49358455?fulfillmentIntent=Pickup,"MorningStar Farms Meatless Chicken Patties, Original, 10 Oz, Bag, Frozen",MorningStar Farms,4.18,4.18,10,,2022-09-11 21:20:04,16483386
319583,66062,Frozen,Frozen Meals & Snacks,Shop all,Frozen/Frozen Meals & Snacks,591410271,https://www.walmart.com/ip/Banquet-Mega-Bowls-Sesame-Chicken-Lo-Mein-13-5-oz/591410271?fulfillmentIntent=Pickup,"Banquet Mega Bowls Sesame Chicken Lo Mein, 13.5 oz",Homestyle Bakes,2.98,2.98,13.5,,2022-09-11 21:20:04,16483387
319584,66062,Frozen,Frozen Meals & Snacks,Shop all,Frozen/Frozen Meals & Snacks,21048457,https://www.walmart.com/ip/Stouffer-s-Large-Family-Size-Grandma-s-Chicken-Vegetable-Rice-Bake-Frozen-Meal-55-oz/21048457?fulfillmentIntent=Pickup,Stouffer's Large Family Size Grandma's Chicken & Vegetable Rice Bake Frozen Meal 55 oz,Stouffer's,13.48,13.48,55,,2022-09-11 21:20:04,16483388
319585,66062,Frozen,Frozen Meals & Snacks,Shop all,Frozen/Frozen Meals & Snacks,167205642,https://www.walmart.com/ip/Amy-s-Non-GMO-Roasted-Poblano-Enchilada-9-1oz-Box-Frozen/167205642?fulfillmentIntent=Pickup,"Amy's Non GMO Roasted Poblano Enchilada, 9.1oz Box (Frozen)",Amy's Kitchen,4.42,4.42,9.1,,2022-09-11 21:20:04,16483389
319586,66062,Frozen,Frozen Meals & Snacks,Shop all,Frozen/Frozen Meals & Snacks,39102400,https://www.walmart.com/ip/P-F-Chang-s-Home-Menu-Chicken-Fried-Rice-Skillet-Meal-Frozen-Meal-22-OZ/39102400?fulfillmentIntent=Pickup,"P.F. Chang's Home Menu Chicken Fried Rice Skillet Meal, Frozen Meal, 22 OZ",P.F. Chang's,7.78,7.78,22,,2022-09-11 21:20:04,16483390
319587,66062,Frozen,Frozen Meals & Snacks,Shop all,Frozen/Frozen Meals & Snacks,794109941,https://www.walmart.com/ip/Birds-Eye-Buffalo-Style-Cauliflower-Wings-Frozen-13-5-oz/794109941?fulfillmentIntent=Pickup,"Birds Eye Buffalo Style Cauliflower Wings, Frozen, 13.5 oz",Birdseye,4.38,4.38,13.5,,2022-09-11 21:20:04,16483391
319588,66062,Frozen,Frozen Meals & Snacks,Shop all,Frozen/Frozen Meals & Snacks,14053224,https://www.walmart.com/ip/Amy-s-Gluten-Free-Non-GMO-Tofu-Scramble-9oz-Box-Frozen/14053224?fulfillmentIntent=Pickup,"Amy's Gluten Free Non GMO Tofu Scramble, 9oz Box (Frozen)",Amy's Kitchen,4.42,4.42,9,,2022-09-11 21:20:04,16483392
319589,66062,Frozen,Frozen Meals & Snacks,Shop all,Frozen/Frozen Meals & Snacks,962515628,https://www.walmart.com/ip/Birds-Eye-Steamfresh-Power-Blend-Quinoa-Spinach-Frozen-10-oz/962515628?fulfillmentIntent=Pickup,"Birds Eye Steamfresh Power Blend Quinoa & Spinach, Frozen, 10 oz",Birdseye,2.48,2.48,10,,2022-09-11 21:20:04,16483393
319590,66062,Frozen,Frozen Meals & Snacks,Shop all,Frozen/Frozen Meals & Snacks,10789415,https://www.walmart.com/ip/Amy-s-Non-GMO-Indian-Mattar-Paneer-10oz-Box-Frozen/10789415?fulfillmentIntent=Pickup,"Amy's Non GMO Indian Mattar Paneer, 10oz Box (Frozen)",Amy's Kitchen,4.42,4.42,10,,2022-09-11 21:20:04,16483394
319591,66062,Frozen,Frozen Meals & Snacks,Shop all,Frozen/Frozen Meals & Snacks,37912495,https://www.walmart.com/ip/Healthy-Choice-Caf-Steamers-Cajun-style-Chicken-Shrimp-Frozen-Meal-9-9-oz/37912495?fulfillmentIntent=Pickup,"Healthy Choice Caf Steamers Cajun-style Chicken & Shrimp Frozen Meal, 9.9 oz.",Healthy Choice,3.12,3.12,9.9,,2022-09-11 21:20:04,16483395
319592,66062,Frozen,Frozen Meals & Snacks,Shop all,Frozen/Frozen Meals & Snacks,35606593,https://www.walmart.com/ip/P-F-Chang-s-Home-Menu-Orange-Chicken-Skillet-Meal-Frozen-Meal-22-OZ/35606593?fulfillmentIntent=Pickup,"P.F. Chang's Home Menu Orange Chicken Skillet Meal, Frozen Meal, 22 OZ",P.F. Chang's,7.78,7.78,22,,2022-09-11 21:20:04,16483396
319593,66062,Frozen,Frozen Meals & Snacks,Shop all,Frozen/Frozen Meals & Snacks,10804858,https://www.walmart.com/ip/Stouffer-s-Large-Size-Cheese-Lovers-Lasagna-Frozen-Meal-18-25-oz/10804858?fulfillmentIntent=Pickup,Stouffer's Large Size Cheese Lovers Lasagna Frozen Meal 18.25 oz,Stouffer's,4.98,4.98,18.25,,2022-09-11 21:20:04,16483397
319594,66062,Frozen,Frozen Meals & Snacks,Shop all,Frozen/Frozen Meals & Snacks,677848113,https://www.walmart.com/ip/Totino-s-Pizza-Rolls-Supreme-50-ct-24-8-oz-Bag-frozen/677848113?fulfillmentIntent=Pickup&athbdg=L1300,"Totino's Pizza Rolls, Supreme, 50 ct, 24.8 oz Bag (frozen)",Totino's,4.98,4.48,24.8,,2022-09-11 21:20:04,16483398
319595,66062,Frozen,Frozen Meals & Snacks,Shop all,Frozen/Frozen Meals & Snacks,812324614,https://www.walmart.com/ip/Marie-Callender-s-Spicy-Buffalo-Style-Chicken-Mac-Cheese-Bowl-11-5-oz/812324614?fulfillmentIntent=Pickup,"Marie Callender's Spicy Buffalo Style Chicken Mac & Cheese Bowl, 11.5 oz",Marie Callender's,2.98,2.98,11.5,,2022-09-11 21:20:04,16483399
319596,66062,Frozen,Frozen Meals & Snacks,Shop all,Frozen/Frozen Meals & Snacks,15240673,https://www.walmart.com/ip/Smart-Ones-Chicken-Enchiladas-Suiza-with-Zesty-Light-Sour-Cream-Green-Chile-Sauce-Spanish-Rice-Frozen-Meal-9-oz-Box/15240673?fulfillmentIntent=Pickup&athbdg=L1300,"Smart Ones Chicken Enchiladas Suiza with Zesty Light Sour Cream, Green Chile Sauce & Spanish Rice Frozen Meal, 9 oz Box",SMART ONES,2.18,1.96,9,,2022-09-11 21:20:04,16483400
319597,66062,Frozen,Frozen Meals & Snacks,Shop all,Frozen/Frozen Meals & Snacks,22617047,https://www.walmart.com/ip/Atkins-Farmhouse-Style-Sausage-Scramble-7-Oz-Frozen/22617047?fulfillmentIntent=Pickup,Atkins Farmhouse-Style Sausage Scramble 7 Oz. (Frozen),Atkins,4.24,4.24,7,,2022-09-11 21:20:04,16483401
319598,66062,Frozen,Frozen Meals & Snacks,Shop all,Frozen/Frozen Meals & Snacks,10849327,https://www.walmart.com/ip/BOCA-Original-Vegan-Chik-n-Veggie-Patties-4-ct-Box/10849327?fulfillmentIntent=Pickup,"BOCA Original Vegan Chik'n Veggie Patties, 4 ct Box",Boca,3.46,3.46,4,,2022-09-11 21:20:04,16483402
319599,66062,Frozen,Frozen Meals & Snacks,Shop all,Frozen/Frozen Meals & Snacks,10794891,https://www.walmart.com/ip/Marie-Callender-s-Honey-Roasted-Turkey-Breast-13-oz/10794891?fulfillmentIntent=Pickup,"Marie Callender's Honey Roasted Turkey Breast, 13 oz",Marie Callender's,3.48,3.48,13,,2022-09-11 21:20:04,16483403
319600,66062,Frozen,Frozen Meals & Snacks,Shop all,Frozen/Frozen Meals & Snacks,42350249,https://www.walmart.com/ip/Evol-Fire-Grilled-Steak-9oz-Box-Frozen/42350249?fulfillmentIntent=Pickup,"Evol Fire Grilled Steak, 9oz Box (Frozen)",Evol,3.94,3.94,9,,2022-09-11 21:20:04,16483404
319601,66062,Frozen,Frozen Meals & Snacks,Shop all,Frozen/Frozen Meals & Snacks,36406051,https://www.walmart.com/ip/Jimmy-Dean-Sausage-Egg-Cheese-Biscuit-Sandwich-54-oz-12-Ct-Frozen/36406051?fulfillmentIntent=Pickup,"Jimmy Dean Sausage Egg & Cheese Biscuit Sandwich, 54 oz, 12 Ct (Frozen)",Jimmy Dean,15.98,15.98,54,,2022-09-11 21:20:04,16483405
319602,66062,Frozen,Frozen Meals & Snacks,Shop all,Frozen/Frozen Meals & Snacks,537509077,https://www.walmart.com/ip/Jimmy-Dean-Egg-Ham-Cheese-Biscuit-Roll-Ups-12-8-oz-8-Ct-Frozen/537509077?fulfillmentIntent=Pickup,"Jimmy Dean Egg Ham & Cheese Biscuit Roll Ups, 12.8 oz, 8 Ct (Frozen)",Jimmy Dean,6.58,6.58,12.8,,2022-09-11 21:20:04,16483406
319641,66062,Frozen,Frozen Meals & Snacks,Shop all,Frozen/Frozen Meals & Snacks,252199240,https://www.walmart.com/ip/Real-Good-Foods-Sausage-Egg-Cheese-Breakfast-Sandwiches-4-5oz-Sandwiches/252199240?fulfillmentIntent=Pickup,"Real Good Foods Sausage, Egg & Cheese Breakfast Sandwiches, 4 - 5oz Sandwiches",Realgood Foods Co.,9.34,9.34,5,,2022-09-11 21:20:04,16483445
319642,66062,Frozen,Frozen Meals & Snacks,Shop all,Frozen/Frozen Meals & Snacks,184925764,https://www.walmart.com/ip/Great-Value-Chicken-Wings-with-Asian-Style-7-Spice-Dry-Rub-1-lb-6-oz/184925764?fulfillmentIntent=Pickup,"Great Value Chicken Wings with Asian Style 7 Spice Dry Rub, 1 lb 6 oz",Great Value,10.48,10.48,6,,2022-09-11 21:20:04,16483446
319643,66062,Frozen,Frozen Meals & Snacks,Shop all,Frozen/Frozen Meals & Snacks,477083780,https://www.walmart.com/ip/Green-Giant-Cauliflower-Cheese-Bacon-Veggie-Tots-14-oz-Bag/477083780?fulfillmentIntent=Pickup,"Green Giant Cauliflower, Cheese & Bacon Veggie Tots 14 oz. Bag",Green Giant,3.87,3.87,14,,2022-09-11 21:20:04,16483447
319644,66062,Frozen,Frozen Meals & Snacks,Shop all,Frozen/Frozen Meals & Snacks,655497038,https://www.walmart.com/ip/CAULIPOWER-BAKED-never-fried-Spicy-ish-Chicken-Tenders-14oz-Frozen/655497038?fulfillmentIntent=Pickup,"CAULIPOWER BAKED (never fried) Spicy(ish) Chicken Tenders, 14oz, (Frozen)",CAULIPOWER,7.24,7.24,14,,2022-09-11 21:20:04,16483448
319645,66062,Frozen,Frozen Meals & Snacks,Shop all,Frozen/Frozen Meals & Snacks,533827770,https://www.walmart.com/ip/Stouffer-s-Mac-Cheese-Bites-Frozen-Appetizer-14-oz/533827770?fulfillmentIntent=Pickup,Stouffer's Mac & Cheese Bites Frozen Appetizer 14 oz,Stouffer's,6.48,6.48,14,,2022-09-11 21:20:04,16483449
319646,66062,Frozen,Frozen Meals & Snacks,Shop all,Frozen/Frozen Meals & Snacks,179683274,https://www.walmart.com/ip/Totino-s-Pizza-Stuffers-Triple-Cheese-4-ct-14-1-oz/179683274?fulfillmentIntent=Pickup,"Totino's Pizza Stuffers, Triple Cheese, 4 ct, 14.1 oz",Totino's,4.28,4.28,14.1,,2022-09-11 21:20:04,16483450
319647,66062,Frozen,Frozen Meals & Snacks,Shop all,Frozen/Frozen Meals & Snacks,37559883,https://www.walmart.com/ip/Applegate-Natural-Gluten-Free-Uncured-Beef-Corn-Dogs-10oz-Frozen/37559883?fulfillmentIntent=Pickup,"Applegate Natural Gluten-Free Uncured Beef Corn Dogs, 10oz (Frozen)",Applegate,8.54,8.54,10,,2022-09-11 21:20:04,16483451
319648,66062,Frozen,Frozen Meals & Snacks,Shop all,Frozen/Frozen Meals & Snacks,743454409,https://www.walmart.com/ip/Tina-s-Cantina-Breakfast-Sausage-4oz/743454409?fulfillmentIntent=Pickup,Tina's Cantina Breakfast Sausage 4oz,Tina's,1.14,1.14,4,,2022-09-11 21:20:04,16483452
319649,66062,Frozen,Frozen Meals & Snacks,Shop all,Frozen/Frozen Meals & Snacks,137813514,https://www.walmart.com/ip/Saffron-Road-Gluten-Free-Chicken-Biryani-with-Basmati-Rice-Frozen-Dinner-10-oz/137813514?fulfillmentIntent=Pickup,"Saffron Road Gluten-Free Chicken Biryani with Basmati Rice, Frozen Dinner 10 oz",Saffron Road,5.34,5.34,10,,2022-09-11 21:20:04,16483453
319650,66062,Frozen,Frozen Meals & Snacks,Shop all,Frozen/Frozen Meals & Snacks,239477987,https://www.walmart.com/ip/Great-Value-Frozen-Traditional-Hushpuppies-1-5-lb/239477987?fulfillmentIntent=Pickup,"Great Value Frozen Traditional Hushpuppies, 1.5 lb",Great Value,5.24,5.24,1.5,,2022-09-11 21:20:04,16483454
319651,66062,Frozen,Frozen Meals & Snacks,Shop all,Frozen/Frozen Meals & Snacks,10849457,https://www.walmart.com/ip/Stouffer-s-Large-Family-Size-Chicken-Parmesan-Frozen-Meal-52-5-oz/10849457?fulfillmentIntent=Pickup,Stouffer's Large Family Size Chicken Parmesan Frozen Meal 52.5 oz,Stouffer's,13.48,13.48,52.5,,2022-09-11 21:20:04,16483455
319652,66062,Frozen,Frozen Meals & Snacks,Shop all,Frozen/Frozen Meals & Snacks,10451275,https://www.walmart.com/ip/Van-s-Kitchen-Premium-Pork-Egg-Rolls-13-5-oz-5-count-Tray/10451275?fulfillmentIntent=Pickup,"Van's Kitchen Premium Pork Egg Rolls 13.5 oz, 5 count, Tray",Van's Kitchen,4.77,4.77,13.5,,2022-09-11 21:20:04,16483456
319653,66062,Frozen,Frozen Meals & Snacks,Shop all,Frozen/Frozen Meals & Snacks,508837620,https://www.walmart.com/ip/Impossible-Homestyle-Meatballs-14-oz/508837620?fulfillmentIntent=Pickup,"Impossible Homestyle Meatballs, 14 oz",Impossible,5.58,5.58,14,,2022-09-11 21:20:04,16483457
319654,66062,Frozen,Frozen Meals & Snacks,Shop all,Frozen/Frozen Meals & Snacks,648964963,https://www.walmart.com/ip/Gardein-Ultimate-Plant-Based-Chick-n-Tenders-Vegan-Frozen-15-oz/648964963?fulfillmentIntent=Pickup,"Gardein Ultimate Plant-Based Chick'n Tenders, Vegan, Frozen, 15 oz.",Gardein,7.17,7.17,15,,2022-09-11 21:20:04,16483458
319655,66062,Frozen,Frozen Meals & Snacks,Shop all,Frozen/Frozen Meals & Snacks,681608481,https://www.walmart.com/ip/Totino-s-Pizza-Stuffers-Pepperoni-4-ct-14-1-oz-frozen/681608481?fulfillmentIntent=Pickup,"Totino's Pizza Stuffers, Pepperoni, 4 ct, 14.1 oz (frozen)",Totino's,4.28,4.28,14.1,,2022-09-11 21:20:04,16483459
319656,66062,Frozen,Frozen Meals & Snacks,Shop all,Frozen/Frozen Meals & Snacks,853214073,https://www.walmart.com/ip/Great-Value-Bean-Cheese-Burritos-32-oz-8-Count/853214073?fulfillmentIntent=Pickup,"Great Value Bean & Cheese Burritos, 32 oz, 8 Count",Great Value,3.82,3.82,32,,2022-09-11 21:20:04,16483460
319657,66062,Frozen,Frozen Meals & Snacks,Shop all,Frozen/Frozen Meals & Snacks,405166826,https://www.walmart.com/ip/MorningStar-Farms-Meatless-Chicken-Patties-Original-20-Oz-Bag-Frozen/405166826?fulfillmentIntent=Pickup,"MorningStar Farms Meatless Chicken Patties, Original, 20 Oz, Bag, Frozen",MorningStar Farms,8.46,8.46,20,,2022-09-11 21:20:04,16483461
319658,66062,Frozen,Frozen Meals & Snacks,Shop all,Frozen/Frozen Meals & Snacks,105324223,https://www.walmart.com/ip/Lean-Cuisine-Bowls-Unwrapped-Chicken-Burrito-Frozen-Meal-10-5-oz/105324223?fulfillmentIntent=Pickup,Lean Cuisine Bowls Unwrapped Chicken Burrito Frozen Meal 10.5 oz.,Lean Cuisine,4.14,4.14,10.5,,2022-09-11 21:20:04,16483462
319659,66062,Frozen,Frozen Meals & Snacks,Shop all,Frozen/Frozen Meals & Snacks,12444425,https://www.walmart.com/ip/Jimmy-Dean-Delights-Honey-Wheat-English-Muffin-Bacon-Egg-White-Cheese-Sandwich-18-oz-4-Ct-Frozen/12444425?fulfillmentIntent=Pickup,"Jimmy Dean Delights Honey Wheat English Muffin, Bacon Egg White & Cheese Sandwich, 18 oz, 4 Ct (Frozen)",Jimmy Dean,7.58,7.58,18,,2022-09-11 21:20:04,16483463
319660,66062,Frozen,Frozen Meals & Snacks,Shop all,Frozen/Frozen Meals & Snacks,50860900,https://www.walmart.com/ip/MorningStar-Farms-Meatless-Chicken-Strips-Original-13-5-Oz-Bag-Frozen/50860900?fulfillmentIntent=Pickup,"MorningStar Farms Meatless Chicken Strips, Original, 13.5 Oz, Bag, Frozen",MorningStar Farms,6.12,6.12,13.5,,2022-09-11 21:20:04,16483464
319661,66062,Frozen,Frozen Meals & Snacks,Shop all,Frozen/Frozen Meals & Snacks,959207541,https://www.walmart.com/ip/Green-Giant-Zucchini-Tots-Parmesan-Cheese/959207541?fulfillmentIntent=Pickup,Green Giant Zucchini Tots- Parmesan Cheese,Green Giant,3.87,3.87,,,2022-09-11 21:20:04,16483465
319662,66062,Frozen,Frozen Meals & Snacks,Shop all,Frozen/Frozen Meals & Snacks,45743171,https://www.walmart.com/ip/P-F-Chang-s-Home-Menu-Honey-Chicken-Skillet-Meal-Frozen-Meal-22-OZ/45743171?fulfillmentIntent=Pickup,"P.F. Chang's Home Menu Honey Chicken Skillet Meal, Frozen Meal, 22 OZ",P.F. Chang's,7.78,7.78,22,,2022-09-11 21:20:04,16483466
319663,66062,Frozen,Frozen Meals & Snacks,Shop all,Frozen/Frozen Meals & Snacks,930951262,https://www.walmart.com/ip/Snapps-Mac-Chs/930951262?fulfillmentIntent=Pickup,Snapps Mac & Chs,Snapps,1.24,1.24,,,2022-09-11 21:20:04,16483467
319664,66062,Frozen,Frozen Meals & Snacks,Shop all,Frozen/Frozen Meals & Snacks,13281191,https://www.walmart.com/ip/Lean-Cuisine-Favorites-Chicken-Fried-Rice-Frozen-Meal-9-oz/13281191?fulfillmentIntent=Pickup,Lean Cuisine Favorites Chicken Fried Rice Frozen Meal 9 oz,Lean Cuisine,3.14,3.14,9,,2022-09-11 21:20:04,16483468
319665,66062,Frozen,Frozen Meals & Snacks,Shop all,Frozen/Frozen Meals & Snacks,131903976,https://www.walmart.com/ip/Jimmy-Dean-Delights-Turkey-Sausage-Egg-White-Cheese-English-Muffin-Sandwiches-40-8-oz-8-Ct-Frozen/131903976?fulfillmentIntent=Pickup,"Jimmy Dean Delights Turkey Sausage, Egg White & Cheese English Muffin Sandwiches, 40.8 oz, 8 Ct (Frozen)",Jimmy Dean,14.12,14.12,40.8,,2022-09-11 21:20:04,16483469
319666,66062,Frozen,Frozen Meals & Snacks,Shop all,Frozen/Frozen Meals & Snacks,52433346,https://www.walmart.com/ip/Great-Value-Lasagna-with-Meat-Sauce-12-oz/52433346?fulfillmentIntent=Pickup,"Great Value Lasagna with Meat Sauce, 12 oz",Great Value,3.12,3.12,12,,2022-09-11 21:20:04,16483470
319667,66062,Frozen,Frozen Meals & Snacks,Shop all,Frozen/Frozen Meals & Snacks,548837268,https://www.walmart.com/ip/Marie-Callender-s-Meatless-Chick-n-Pot-Pie-15oz-Box-Frozen/548837268?fulfillmentIntent=Pickup,"Marie Callender's Meatless Chick'n Pot Pie, 15oz Box (Frozen)",Marie Callender's,3.93,3.93,15,,2022-09-11 21:20:04,16483471
319668,66062,Frozen,Frozen Meals & Snacks,Shop all,Frozen/Frozen Meals & Snacks,50812476,https://www.walmart.com/ip/Earth-s-Best-Organic-Toddler-Food-Chicken-Baby-Food-16-Pieces-56g-Bag/50812476?fulfillmentIntent=Pickup,"Earth's Best Organic Toddler Food, Chicken Baby Food, 16 Pieces (56g) Bag",Earth's Best Sesame Street Frozen,7.53,7.53,,,2022-09-11 21:20:04,16483472
319669,66062,Frozen,Frozen Meals & Snacks,Shop all,Frozen/Frozen Meals & Snacks,627125409,https://www.walmart.com/ip/Stouffer-s-Chicken-Pot-Pie-Bites-Frozen-Appetizer-12-oz/627125409?fulfillmentIntent=Pickup,Stouffer's Chicken Pot Pie Bites Frozen Appetizer 12 oz,Stouffer's,6.48,6.48,12,,2022-09-11 21:20:04,16483473
319670,66062,Frozen,Frozen Meals & Snacks,Shop all,Frozen/Frozen Meals & Snacks,10849459,https://www.walmart.com/ip/Stouffer-s-Large-Family-Size-Three-Cheese-Ravioli-With-Meat-Sauce-Frozen-Meal-52-875-oz/10849459?fulfillmentIntent=Pickup,Stouffer's Large Family Size Three Cheese Ravioli With Meat Sauce Frozen Meal 52.875 oz,Stouffer's,13.48,13.48,52.875,,2022-09-11 21:20:04,16483474
319671,66062,Frozen,Frozen Meals & Snacks,Shop all,Frozen/Frozen Meals & Snacks,842643501,https://www.walmart.com/ip/Bertolli-Shrimp-Scampi-Linguine-Frozen-Meals-With-Bell-Peppers-in-a-Creamy-Garlic-Sauce-22-oz/842643501?fulfillmentIntent=Pickup,"Bertolli Shrimp Scampi & Linguine Frozen Meals With Bell Peppers in a Creamy Garlic Sauce, 22 oz.",Bertolli,7.97,7.97,22,,2022-09-11 21:20:04,16483475
319672,66062,Frozen,Frozen Meals & Snacks,Shop all,Frozen/Frozen Meals & Snacks,188292436,https://www.walmart.com/ip/Feel-Good-Foods-Gluten-Free-Chicken-Potstickers-with-Tamari-Dipping-Sauce-10-oz-Box-Frozen/188292436?fulfillmentIntent=Pickup,"Feel Good Foods Gluten-Free Chicken Potstickers with Tamari Dipping Sauce, 10 oz Box (Frozen)",Feel Good Foods,7.74,7.74,10,,2022-09-11 21:20:04,16483476
319673,66062,Frozen,Frozen Meals & Snacks,Shop all,Frozen/Frozen Meals & Snacks,167066442,https://www.walmart.com/ip/Totino-s-Frozen-Pizza-Rolls-Triple-Cheese-130-Rolls-63-5-oz-Bag/167066442?fulfillmentIntent=Pickup,"Totino's Frozen Pizza Rolls, Triple Cheese, 130 Rolls, 63.5 oz Bag",Totino's,11.98,11.98,63.5,,2022-09-11 21:20:04,16483477
319674,66062,Frozen,Frozen Meals & Snacks,Shop all,Frozen/Frozen Meals & Snacks,15249521,https://www.walmart.com/ip/Rice-Gourmet-Chicken-Fried-Rice-Family-Size-Frozen-Meal-2-ct-Bags/15249521?fulfillmentIntent=Pickup,"Rice Gourmet Chicken Fried Rice Family Size Frozen Meal, 2 ct Bags",Delimex,10.98,10.98,2,,2022-09-11 21:20:04,16483478
319675,66062,Frozen,Frozen Meals & Snacks,Shop all,Frozen/Frozen Meals & Snacks,42350247,https://www.walmart.com/ip/Evol-Vegetarian-Truffle-Parmesan-Mac-Cheese-8oz-Box-Frozen/42350247?fulfillmentIntent=Pickup,"Evol Vegetarian Truffle Parmesan Mac & Cheese, 8oz Box (Frozen)",Evol,3.94,3.94,8,,2022-09-11 21:20:04,16483479
319676,66062,Frozen,Frozen Meals & Snacks,Shop all,Frozen/Frozen Meals & Snacks,42679304,https://www.walmart.com/ip/Atkins-Stone-Fired-Three-Meat-Pizza-5-8-Oz-Frozen/42679304?fulfillmentIntent=Pickup,Atkins Stone Fired Three Meat Pizza 5.8 Oz. (Frozen),Atkins,4.24,4.24,5.8,,2022-09-11 21:20:04,16483480
319677,66062,Frozen,Frozen Meals & Snacks,Shop all,Frozen/Frozen Meals & Snacks,45961794,https://www.walmart.com/ip/J-T-M-Beef-Philly-Cheese-Steak-Kit-36-oz/45961794?fulfillmentIntent=Pickup,"J.T.M. Beef Philly Cheese Steak Kit, 36 oz",JTM Food Group,14.84,14.84,36,,2022-09-11 21:20:04,16483481
319678,66062,Frozen,Frozen Meals & Snacks,Shop all,Frozen/Frozen Meals & Snacks,730280132,https://www.walmart.com/ip/Birds-Eye-Garlic-Parmesan-Cauliflower-Wings-Frozen-13-25-oz/730280132?fulfillmentIntent=Pickup,"Birds Eye Garlic Parmesan Cauliflower Wings, Frozen, 13.25 oz",Birdseye,4.38,4.38,13.25,,2022-09-11 21:20:04,16483482
319679,66062,Frozen,Frozen Meals & Snacks,Shop all,Frozen/Frozen Meals & Snacks,845850542,https://www.walmart.com/ip/Jimmy-Dean-Delights-Ham-Peppers-Mushroom-Egg-wich-16-4-oz-4-Ct-Frozen/845850542?fulfillmentIntent=Pickup,"Jimmy Dean Delights Ham Peppers Mushroom Egg'wich, 16.4 oz, 4 Ct (Frozen)",Jimmy Dean,7.58,7.58,16.4,,2022-09-11 21:20:04,16483483
319680,66062,Frozen,Frozen Meals & Snacks,Shop all,Frozen/Frozen Meals & Snacks,55081619,https://www.walmart.com/ip/Green-Giant-Cauliflower-Veggie-Tots-14-oz/55081619?fulfillmentIntent=Pickup,Green Giant Cauliflower Veggie Tots 14 oz,Green Giant,4.12,4.12,14,,2022-09-11 21:20:04,16483484
319682,66062,Frozen,Frozen Meals & Snacks,Shop all,Frozen/Frozen Meals & Snacks,15435633,https://www.walmart.com/ip/Hungry-Man-Homestyle-Meatloaf-Frozen-Dinner-16-oz/15435633?fulfillmentIntent=Pickup,"Hungry Man Homestyle Meatloaf Frozen Dinner, 16 oz.",Hungry-Man,3.74,3.74,16,,2022-09-11 21:20:04,16483486
319683,66062,Frozen,Frozen Meals & Snacks,Shop all,Frozen/Frozen Meals & Snacks,331501801,https://www.walmart.com/ip/MorningStar-Farms-Pizza-Bites-Meatless-Pepperoni-9-5-Oz-Bag-Frozen/331501801?fulfillmentIntent=Pickup,"MorningStar Farms Pizza Bites, Meatless Pepperoni, 9.5 Oz, Bag, Frozen",MorningStar Farms,4.58,4.58,9.5,,2022-09-11 21:20:04,16483487
319684,66062,Frozen,Frozen Meals & Snacks,Shop all,Frozen/Frozen Meals & Snacks,47394232,https://www.walmart.com/ip/Blake-s-All-Natural-Gluten-Free-Shepherd-s-Pie-8oz-Box-Frozen/47394232?fulfillmentIntent=Pickup,"Blake's All-Natural Gluten Free Shepherd's Pie, 8oz Box (Frozen)",Blake's,3.34,3.34,8,,2022-09-11 21:20:04,16483488
319685,66062,Frozen,Frozen Meals & Snacks,Shop all,Frozen/Frozen Meals & Snacks,20435303,https://www.walmart.com/ip/Jos-Ol-Chicken-Corn-Taquitos-20-Oz-20-Ct-Frozen/20435303?fulfillmentIntent=Pickup,"Jos Ol Chicken Corn Taquitos, 20 Oz, 20 Ct (Frozen)",José Olé,5.98,5.98,20,,2022-09-11 21:20:04,16483489
319686,66062,Frozen,Frozen Meals & Snacks,Shop all,Frozen/Frozen Meals & Snacks,46914777,https://www.walmart.com/ip/InnovAsian-Sesame-Chicken-Frozen-Asian-Meal-18-oz/46914777?fulfillmentIntent=Pickup,"InnovAsian Sesame Chicken Frozen Asian Meal, 18 oz",InnovAsian Cuisine,6.48,6.48,18,,2022-09-11 21:20:04,16483490
319687,66062,Frozen,Frozen Meals & Snacks,Shop all,Frozen/Frozen Meals & Snacks,809117255,https://www.walmart.com/ip/Sister-Schubert-s-Premium-Sausage-Cheese-Pinwheel-Rolls-18-oz-16-Ct/809117255?fulfillmentIntent=Pickup,"Sister Schubert's Premium Sausage & Cheese Pinwheel Rolls, 18 oz, 16 Ct",Sister Schubert's,5.78,5.78,18,,2022-09-11 21:20:04,16483491
319688,66062,Frozen,Frozen Meals & Snacks,Shop all,Frozen/Frozen Meals & Snacks,10789420,https://www.walmart.com/ip/Amy-s-Non-GMO-Tortilla-Casserole-Black-Beans-Bowl-9-5oz-Box-Frozen/10789420?fulfillmentIntent=Pickup,"Amy's Non GMO Tortilla Casserole & Black Beans Bowl, 9.5oz Box (Frozen)",Amy's Kitchen,4.42,4.42,9.5,,2022-09-11 21:20:04,16483492
319689,66062,Frozen,Frozen Meals & Snacks,Shop all,Frozen/Frozen Meals & Snacks,467872523,https://www.walmart.com/ip/Sweet-Earth-Cauliflower-Mac-Bowl-Frozen-Dinner-9-Oz-Plant-Based-Frozen-Pasta-Vegan-9-oz/467872523?fulfillmentIntent=Pickup,Sweet Earth Cauliflower Mac Bowl Frozen Dinner 9 Oz - Plant Based Frozen Pasta Vegan 9 oz,Sweet Earth Natural Foods,5.78,5.78,9,,2022-09-11 21:20:04,16483493
319690,66062,Frozen,Frozen Meals & Snacks,Shop all,Frozen/Frozen Meals & Snacks,15544040,https://www.walmart.com/ip/Great-Value-Lasagna-with-Meat-Sauce-90-oz-Frozen/15544040?fulfillmentIntent=Pickup,"Great Value Lasagna with Meat Sauce, 90 oz (Frozen)",Great Value,14.48,14.48,90,,2022-09-11 21:20:04,16483494
319691,66062,Frozen,Frozen Meals & Snacks,Shop all,Frozen/Frozen Meals & Snacks,52433338,https://www.walmart.com/ip/Great-Value-Roasted-Turkey-Breast-and-Mashed-Potatoes-10-oz/52433338?fulfillmentIntent=Pickup,"Great Value Roasted Turkey Breast and Mashed Potatoes, 10 oz",Great Value,3.12,3.12,10,,2022-09-11 21:20:04,16483495
319692,66062,Frozen,Frozen Meals & Snacks,Shop all,Frozen/Frozen Meals & Snacks,22660437,https://www.walmart.com/ip/Atkins-Chicken-and-Broccoli-Alfredo-9-Oz-Frozen/22660437?fulfillmentIntent=Pickup,Atkins Chicken and Broccoli Alfredo 9 Oz. (Frozen),Atkins,4.24,4.24,9,,2022-09-11 21:20:04,16483496
319693,66062,Frozen,Frozen Meals & Snacks,Shop all,Frozen/Frozen Meals & Snacks,10804746,https://www.walmart.com/ip/Stouffer-s-Party-Size-Cheese-Lovers-Lasagna-Frozen-Meal-96-oz/10804746?fulfillmentIntent=Pickup,Stouffer's Party Size Cheese Lovers Lasagna Frozen Meal 96 oz,Stouffer's,16.48,16.48,96,,2022-09-11 21:20:04,16483497
319694,66062,Frozen,Frozen Meals & Snacks,Shop all,Frozen/Frozen Meals & Snacks,24091066,https://www.walmart.com/ip/Raybern-s-Philly-Cheesesteak-Sandwich-5-5-oz/24091066?fulfillmentIntent=Pickup,"Raybern's Philly Cheesesteak Sandwich, 5.5 oz",Raybern's,4.98,4.98,5.5,,2022-09-11 21:20:04,16483498
319695,66062,Frozen,Frozen Meals & Snacks,Shop all,Frozen/Frozen Meals & Snacks,983429143,https://www.walmart.com/ip/Lean-Cuisine-Bowls-Glazed-Chicken-Frozen-Meal-10-25-Ounce-10-25-oz/983429143?fulfillmentIntent=Pickup,"Lean Cuisine Bowls Glazed Chicken Frozen Meal, 10.25 Ounce 10.25 oz",Lean Cuisine,4.14,4.14,10.25,,2022-09-11 21:20:04,16483499
319696,66062,Frozen,Frozen Meals & Snacks,Shop all,Frozen/Frozen Meals & Snacks,49358453,https://www.walmart.com/ip/MorningStar-Farms-Veggie-Breakfast-Meatless-Sausage-Patties-Maple-Flavored-8-Oz-Bag-Frozen/49358453?fulfillmentIntent=Pickup,"MorningStar Farms Veggie Breakfast Meatless Sausage Patties, Maple Flavored, 8 Oz, Bag, Frozen",MorningStar Farms,4.18,4.18,8,,2022-09-11 21:20:04,16483500
319697,66062,Frozen,Frozen Meals & Snacks,Shop all,Frozen/Frozen Meals & Snacks,193288265,https://www.walmart.com/ip/Field-Roast-Miniature-Plant-Based-Corn-Dogs-10oz-12-CT-Resealable-Bag-Frozen/193288265?fulfillmentIntent=Pickup,"Field Roast Miniature Plant-Based Corn Dogs, 10oz, 12 CT Resealable Bag (Frozen)",Field Roast,6.94,6.94,10,,2022-09-11 21:20:04,16483501
319698,66062,Frozen,Frozen Meals & Snacks,Shop all,Frozen/Frozen Meals & Snacks,298130801,https://www.walmart.com/ip/Totino-s-Pizza-Stuffers-Pepperoni-8-ct-28-2-oz-frozen/298130801?fulfillmentIntent=Pickup,"Totino's Pizza Stuffers, Pepperoni, 8 ct, 28.2 oz (frozen)",Totino's,7.18,7.18,28.2,,2022-09-11 21:20:04,16483502
319699,66062,Frozen,Frozen Meals & Snacks,Shop all,Frozen/Frozen Meals & Snacks,10801566,https://www.walmart.com/ip/Smart-Ones-Homestyle-Beef-Pot-Roast-with-Carrots-Onions-Potatoes-Green-Beans-Gravy-Frozen-Meal-9-oz-Box/10801566?fulfillmentIntent=Pickup&athbdg=L1300,"Smart Ones Homestyle Beef Pot Roast with Carrots, Onions, Potatoes, Green Beans & Gravy Frozen Meal, 9 oz Box",SMART ONES,2.18,1.96,9,,2022-09-11 21:20:04,16483503
319700,66062,Frozen,Frozen Meals & Snacks,Shop all,Frozen/Frozen Meals & Snacks,998061264,https://www.walmart.com/ip/TINA-S-BEEF-AND-BEAN-8CT-BURRITOS/998061264?fulfillmentIntent=Pickup,TINA'S BEEF AND BEAN 8CT BURRITOS,Tina's,4.38,4.38,8,,2022-09-11 21:20:04,16483504
319701,66062,Frozen,Frozen Meals & Snacks,Shop all,Frozen/Frozen Meals & Snacks,43982125,https://www.walmart.com/ip/Farm-Rich-Buffalo-Sauce-Boneless-Chicken-Bites-17-Oz-Frozen/43982125?fulfillmentIntent=Pickup,"Farm Rich Buffalo Sauce Boneless Chicken Bites, 17 Oz (Frozen)",Farm Rich,6.68,6.68,17,,2022-09-11 21:20:04,16483505
319702,66062,Frozen,Frozen Meals & Snacks,Shop all,Frozen/Frozen Meals & Snacks,48575075,https://www.walmart.com/ip/Udi-s-Gluten-Free-Lasagna-with-Meat-Sauce-28-Oz/48575075?fulfillmentIntent=Pickup,Udi's Gluten Free Lasagna with Meat Sauce 28 Oz,Udi's,10.97,10.97,28,,2022-09-11 21:20:04,16483506
319703,66062,Frozen,Frozen Meals & Snacks,Shop all,Frozen/Frozen Meals & Snacks,42350250,https://www.walmart.com/ip/Evol-Vegetarian-Butternut-Squash-Sage-Ravioli-8-13oz-Box-Frozen/42350250?fulfillmentIntent=Pickup,"Evol Vegetarian Butternut Squash & Sage Ravioli, 8.13oz Box (Frozen)",Evol,3.94,3.94,8.13,,2022-09-11 21:20:04,16483507
319704,66062,Frozen,Frozen Meals & Snacks,Shop all,Frozen/Frozen Meals & Snacks,186128040,https://www.walmart.com/ip/Feel-Good-Foods-Gluten-Free-Chicken-Egg-Rolls-9-oz-Box-Frozen/186128040?fulfillmentIntent=Pickup,"Feel Good Foods Gluten-Free Chicken Egg Rolls, 9 oz Box (Frozen)",Feel Good Foods,7.74,7.74,9,,2022-09-11 21:20:04,16483508
319705,66062,Frozen,Frozen Meals & Snacks,Shop all,Frozen/Frozen Meals & Snacks,253394032,https://www.walmart.com/ip/Gardein-Ultimate-Plant-Based-Chick-n-Nuggets-14-7-oz/253394032?fulfillmentIntent=Pickup,"Gardein Ultimate Plant-Based Chick'n Nuggets, 14.7 oz",Gardein,7.17,7.17,14.7,,2022-09-11 21:20:04,16483509
319706,66062,Frozen,Frozen Meals & Snacks,Shop all,Frozen/Frozen Meals & Snacks,410791721,https://www.walmart.com/ip/Jimmy-Dean-Delights-Broccoli-and-Cheese-Egg-wich-16-4-oz-4-Ct-Frozen/410791721?fulfillmentIntent=Pickup,"Jimmy Dean Delights Broccoli and Cheese Egg'wich, 16.4 oz, 4 Ct (Frozen)",Jimmy Dean,7.58,7.58,16.4,,2022-09-11 21:20:04,16483510
319707,66062,Frozen,Frozen Meals & Snacks,Shop all,Frozen/Frozen Meals & Snacks,148651142,https://www.walmart.com/ip/Amy-s-Gluten-Free-Non-GMO-Rice-Mac-Cheeze-8oz-Box-Frozen/148651142?fulfillmentIntent=Pickup,"Amy's Gluten Free Non GMO Rice Mac & Cheeze, 8oz Box (Frozen)",Amy's Kitchen,3.44,3.44,8,,2022-09-11 21:20:04,16483511
319708,66062,Frozen,Frozen Meals & Snacks,Shop all,Frozen/Frozen Meals & Snacks,753314637,https://www.walmart.com/ip/Feel-Good-Foods-Gluten-Free-Uncured-Pepperoni-Snack-Bites-7-oz-Box-Frozen/753314637?fulfillmentIntent=Pickup,"Feel Good Foods Gluten-Free Uncured Pepperoni Snack Bites, 7 oz Box (Frozen)",Feel Good Foods,6.74,6.74,7,,2022-09-11 21:20:04,16483512
319709,66062,Frozen,Frozen Meals & Snacks,Shop all,Frozen/Frozen Meals & Snacks,21849194,https://www.walmart.com/ip/Hebrew-National-Beef-Franks-in-a-Blanket-18-4-oz-32-Ct-Frozen/21849194?fulfillmentIntent=Pickup,"Hebrew National Beef Franks in a Blanket, 18.4 oz, 32 Ct (Frozen)",Hebrew National,17.46,17.46,18.4,,2022-09-11 21:20:04,16483513
319710,66062,Frozen,Frozen Meals & Snacks,Shop all,Frozen/Frozen Meals & Snacks,144110198,https://www.walmart.com/ip/Hot-Pockets-Frozen-Snacks-Big-Bold-Double-Pepperoni-Pizza-Frozen-Sandwiches-4-Count-27-oz/144110198?fulfillmentIntent=Pickup,"Hot Pockets Frozen Snacks Big & Bold Double Pepperoni Pizza, Frozen Sandwiches, 4 Count 27 oz.",Hot Pockets,6.98,6.98,27,,2022-09-11 21:20:04,16483514
319711,66062,Frozen,Frozen Meals & Snacks,Shop all,Frozen/Frozen Meals & Snacks,573841239,https://www.walmart.com/ip/Marie-Callender-s-Turkey-Stuffing-24-oz/573841239?fulfillmentIntent=Pickup,"Marie Callender's Turkey & Stuffing, 24 oz",Marie Callender's,6.57,6.57,24,,2022-09-11 21:20:04,16483515
319712,66062,Frozen,Frozen Meals & Snacks,Shop all,Frozen/Frozen Meals & Snacks,578351207,https://www.walmart.com/ip/MorningStar-Farms-Meatless-Popcorn-Chicken-Original-8-Oz-Bag-Frozen/578351207?fulfillmentIntent=Pickup,"MorningStar Farms Meatless Popcorn Chicken, Original, 8 Oz, Bag, Frozen",MorningStar Farms,4.58,4.58,8,,2022-09-11 21:20:04,16483516
319713,66062,Frozen,Frozen Meals & Snacks,Shop all,Frozen/Frozen Meals & Snacks,142169207,https://www.walmart.com/ip/Dickey-s-Seasoned-and-Smoked-Pulled-Pork-with-Original-Barbecue-Sauce-Frozen-20-oz/142169207?fulfillmentIntent=Pickup,"Dickeys Seasoned and Smoked Pulled Pork with Original Barbecue Sauce, Frozen, 20 oz",Dickey's Barbecue Pit,7.54,7.54,20,,2022-09-11 21:20:04,16483517
319714,66062,Frozen,Frozen Meals & Snacks,Shop all,Frozen/Frozen Meals & Snacks,35606596,https://www.walmart.com/ip/P-F-Chang-s-Home-Menu-General-Chang-s-Chicken-Skillet-Meal-Frozen-Meal-22-OZ/35606596?fulfillmentIntent=Pickup,"P.F. Chang's Home Menu General Chang's Chicken Skillet Meal, Frozen Meal, 22 OZ",P.F. Chang's,7.78,7.78,22,,2022-09-11 21:20:04,16483518
319715,66062,Frozen,Frozen Meals & Snacks,Shop all,Frozen/Frozen Meals & Snacks,176847831,https://www.walmart.com/ip/Real-Good-Foods-Cheese-Enchiladas-4-7oz-Box/176847831?fulfillmentIntent=Pickup,"Real Good Foods Cheese Enchiladas, 4.7oz Box",Realgood Foods Co.,3.97,3.97,4.7,,2022-09-11 21:20:04,16483519
319716,66062,Frozen,Frozen Meals & Snacks,Shop all,Frozen/Frozen Meals & Snacks,540388566,https://www.walmart.com/ip/Hot-Pockets-Frozen-Snacks-Big-Bold-Buffalo-Style-Chicken-Frozen-Sandwich-27-oz/540388566?fulfillmentIntent=Pickup,Hot Pockets Frozen Snacks Big & Bold Buffalo Style Chicken Frozen Sandwich 27 oz,Hot Pockets,6.98,6.98,27,,2022-09-11 21:20:04,16483520
319717,66062,Frozen,Frozen Meals & Snacks,Shop all,Frozen/Frozen Meals & Snacks,10804844,https://www.walmart.com/ip/Lean-Cuisine-Features-Maple-Bourbon-Chicken-Frozen-Meal-9-oz/10804844?fulfillmentIntent=Pickup,Lean Cuisine Features Maple Bourbon Chicken Frozen Meal 9 oz,Lean Cuisine,3.58,3.58,9,,2022-09-11 21:20:04,16483521
319718,66062,Frozen,Frozen Meals & Snacks,Shop all,Frozen/Frozen Meals & Snacks,319483575,https://www.walmart.com/ip/Lean-Cuisine-Bowls-Orange-Chicken-Frozen-Meal-10-875-Ounce-10-875-oz/319483575?fulfillmentIntent=Pickup,"Lean Cuisine Bowls Orange Chicken Frozen Meal, 10.875 Ounce 10.875 oz",Lean Cuisine,4.14,4.14,10.875,,2022-09-11 21:20:04,16483522
319719,66062,Frozen,Frozen Meals & Snacks,Shop all,Frozen/Frozen Meals & Snacks,640910630,https://www.walmart.com/ip/Real-Good-Foods-Artichoke-Cheese-Stuffed-Chicken-Nuggets-9oz-Box/640910630?fulfillmentIntent=Pickup,"Real Good Foods Artichoke & Cheese Stuffed Chicken Nuggets, 9oz Box",Realgood Foods Co.,4.96,4.96,9,,2022-09-11 21:20:04,16483523
319720,66062,Frozen,Frozen Meals & Snacks,Shop all,Frozen/Frozen Meals & Snacks,495379569,https://www.walmart.com/ip/Healthy-Choice-Power-Bowls-Shiitake-Chicken-9-25-oz/495379569?fulfillmentIntent=Pickup,"Healthy Choice Power Bowls Shiitake Chicken, 9.25 oz",Healthy Choice,3.98,3.98,9.25,,2022-09-11 21:20:04,16483524
319721,66062,Frozen,Frozen Meals & Snacks,Shop all,Frozen/Frozen Meals & Snacks,880411452,https://www.walmart.com/ip/Healthy-Choice-Power-Bowls-Be-f-Vegetable-Stir-Fry-9-25oz-Tray-Frozen/880411452?fulfillmentIntent=Pickup,"Healthy Choice Power Bowls Be'f & Vegetable Stir Fry, 9.25oz Tray (Frozen)",Healthy Choice,4.62,4.62,9.25,,2022-09-11 21:20:04,16483525
319723,66062,Frozen,Frozen Meals & Snacks,Shop all,Frozen/Frozen Meals & Snacks,383345072,https://www.walmart.com/ip/Tina-s-Burritos-Bean-Cheese-Burrito-4-Oz-8-Count-Pack/383345072?fulfillmentIntent=Pickup,"Tinas Burritos, Bean & Cheese Burrito, 4 Oz, 8 Count Pack",Tina's,4.38,4.38,4,,2022-09-11 21:20:04,16483527
319724,66062,Frozen,Frozen Meals & Snacks,Shop all,Frozen/Frozen Meals & Snacks,520816963,https://www.walmart.com/ip/Great-Value-Turkey-Dressing-Bake-32-oz/520816963?fulfillmentIntent=Pickup,"Great Value Turkey & Dressing Bake, 32 oz",Great Value,7.97,7.97,32,,2022-09-11 21:20:04,16483528
319725,66062,Frozen,Frozen Meals & Snacks,Shop all,Frozen/Frozen Meals & Snacks,10804745,https://www.walmart.com/ip/Stouffer-s-Party-Size-Chicken-Lasagna-Frozen-Meal-96-oz/10804745?fulfillmentIntent=Pickup,Stouffer's Party Size Chicken Lasagna Frozen Meal 96 oz,Stouffer's,16.48,16.48,96,,2022-09-11 21:20:04,16483529
319726,66062,Frozen,Frozen Meals & Snacks,Shop all,Frozen/Frozen Meals & Snacks,24203776,https://www.walmart.com/ip/BOCA-Spicy-Vegan-Chik-n-Veggie-Patties-4-ct-Box/24203776?fulfillmentIntent=Pickup,"BOCA Spicy Vegan Chik'n Veggie Patties, 4 ct Box",Boca,3.46,3.46,4,,2022-09-11 21:20:04,16483530
319727,66062,Frozen,Frozen Meals & Snacks,Shop all,Frozen/Frozen Meals & Snacks,10804842,https://www.walmart.com/ip/Stouffer-s-Party-Size-Lasagna-Italiano-Frozen-Meal-90-oz/10804842?fulfillmentIntent=Pickup,Stouffer's Party Size Lasagna Italiano Frozen Meal 90 oz,Stouffer's,16.48,16.48,90,,2022-09-11 21:20:04,16483531
319728,66062,Frozen,Frozen Meals & Snacks,Shop all,Frozen/Frozen Meals & Snacks,22617050,https://www.walmart.com/ip/Atkins-Meatloaf-with-Portobello-Mushroom-Gravy-9-Oz-Frozen/22617050?fulfillmentIntent=Pickup,Atkins Meatloaf with Portobello Mushroom Gravy 9 Oz. (Frozen),Atkins,4.24,4.24,9,,2022-09-11 21:20:04,16483532
319729,66062,Frozen,Frozen Meals & Snacks,Shop all,Frozen/Frozen Meals & Snacks,444593806,https://www.walmart.com/ip/Real-Good-Foods-Jalapeno-White-Cheddar-Stuffed-Chicken-Nuggets-9oz-Box/444593806?fulfillmentIntent=Pickup,"Real Good Foods Jalapeno & White Cheddar Stuffed Chicken Nuggets, 9oz Box",Realgood Foods Co.,4.96,4.96,9,,2022-09-11 21:20:04,16483533
319730,66062,Frozen,Frozen Meals & Snacks,Shop all,Frozen/Frozen Meals & Snacks,198742594,https://www.walmart.com/ip/Dr-Praeger-s-California-Veggie-Burgers-10oz-4-CT-Box-Frozen/198742594?fulfillmentIntent=Pickup,"Dr. Praeger's California Veggie Burgers, 10oz, 4 CT Box (Frozen)",Dr. Praeger's™ Purely Sensible Foods®,3.86,3.86,10,,2022-09-11 21:20:04,16483534
319731,66062,Frozen,Frozen Meals & Snacks,Shop all,Frozen/Frozen Meals & Snacks,604914574,https://www.walmart.com/ip/Great-Value-Italian-Style-Three-Meat-Lasagna-90-oz/604914574?fulfillmentIntent=Pickup,"Great Value Italian-Style Three Meat Lasagna, 90 oz",Great Value,14.48,14.48,90,,2022-09-11 21:20:04,16483535
319732,66062,Frozen,Frozen Meals & Snacks,Shop all,Frozen/Frozen Meals & Snacks,959789408,https://www.walmart.com/ip/Marie-Callender-s-Fettuccini-with-Chicken-Broccoli-26-oz/959789408?fulfillmentIntent=Pickup,"Marie Callender's Fettuccini with Chicken & Broccoli, 26 oz",Marie Callender's,6.57,6.57,26,,2022-09-11 21:20:04,16483536
319733,66062,Frozen,Frozen Meals & Snacks,Shop all,Frozen/Frozen Meals & Snacks,52433348,https://www.walmart.com/ip/Great-Value-Chicken-Parmesan-and-Penne-10-oz/52433348?fulfillmentIntent=Pickup,"Great Value Chicken Parmesan and Penne, 10 oz",Great Value,3.12,3.12,10,,2022-09-11 21:20:04,16483537
319734,66062,Frozen,Frozen Meals & Snacks,Shop all,Frozen/Frozen Meals & Snacks,116127438,https://www.walmart.com/ip/McCain-Craft-Beer-Battered-Potatoes-22-oz-Bag/116127438?fulfillmentIntent=Pickup,"McCain Craft Beer Battered Potatoes, 22 oz. Bag",McCain,3.14,3.14,22,,2022-09-11 21:20:04,16483538
319735,66062,Frozen,Frozen Meals & Snacks,Shop all,Frozen/Frozen Meals & Snacks,133687986,https://www.walmart.com/ip/Jimmy-Dean-Sausage-Egg-Cheese-Biscuit-Sandwich-18-oz-4-Ct-Frozen/133687986?fulfillmentIntent=Pickup,"Jimmy Dean Sausage Egg & Cheese Biscuit Sandwich, 18 oz, 4 Ct (Frozen)",Jimmy Dean,6.58,6.58,18,,2022-09-11 21:20:04,16483539
319736,66062,Frozen,Frozen Meals & Snacks,Shop all,Frozen/Frozen Meals & Snacks,47394231,https://www.walmart.com/ip/Blake-s-Chicken-Pot-Pie-8oz-Box-Frozen/47394231?fulfillmentIntent=Pickup,"Blake's Chicken Pot Pie, 8oz Box (Frozen)",Blake's,3.34,3.34,8,,2022-09-11 21:20:04,16483540
319737,66062,Frozen,Frozen Meals & Snacks,Shop all,Frozen/Frozen Meals & Snacks,193818493,https://www.walmart.com/ip/Amy-s-Gluten-Free-Dairy-Free-Veggie-Loaf-Whole-Meals-10oz-Box-Frozen/193818493?fulfillmentIntent=Pickup,"Amy's Gluten Free Dairy Free Veggie Loaf Whole Meals, 10oz Box (Frozen)",Amy's Kitchen,4.42,4.42,10,,2022-09-11 21:20:04,16483541
319738,66062,Frozen,Frozen Meals & Snacks,Shop all,Frozen/Frozen Meals & Snacks,623011482,https://www.walmart.com/ip/Gardein-Black-Bean-Burger-Patties-Plant-Based-1-4-lb-2Ct/623011482?fulfillmentIntent=Pickup,Gardein Black Bean Burger Patties Plant Based 1/4 lb 2Ct,Gardein,5.18,5.18,4,,2022-09-11 21:20:04,16483542
319739,66062,Frozen,Frozen Meals & Snacks,Shop all,Frozen/Frozen Meals & Snacks,33907935,https://www.walmart.com/ip/Amy-s-Vegan-Dairy-and-Gluten-Free-Thai-Red-Curry-10oz-Box-Frozen/33907935?fulfillmentIntent=Pickup,"Amy's Vegan Dairy and Gluten Free Thai Red Curry, 10oz Box (Frozen)",Amy's Kitchen,4.42,4.42,10,,2022-09-11 21:20:04,16483543
319740,66062,Frozen,Frozen Meals & Snacks,Shop all,Frozen/Frozen Meals & Snacks,671789248,https://www.walmart.com/ip/Alpha-Chik-n-Fajita-Burrito-Vegan-Non-GMO-5-oz/671789248?fulfillmentIntent=Pickup,"Alpha Chik'n Fajita Burrito, Vegan, Non-GMO, 5 oz",Alpha Foods,2.78,2.78,5,,2022-09-11 21:20:04,16483544
319741,66062,Frozen,Frozen Meals & Snacks,Shop all,Frozen/Frozen Meals & Snacks,42350242,https://www.walmart.com/ip/Quorn-Meatless-Soy-Free-ChiQin-Nuggets-10-6oz-Box-Frozen/42350242?fulfillmentIntent=Pickup,"Quorn Meatless & Soy-Free ChiQin Nuggets, 10.6oz Box (Frozen)",Quorn,3.64,3.64,10.6,,2022-09-11 21:20:04,16483545
319742,66062,Frozen,Frozen Meals & Snacks,Shop all,Frozen/Frozen Meals & Snacks,15077508,https://www.walmart.com/ip/Great-Value-Frozen-Mexican-Style-Lasagna-Party-Size-84-oz/15077508?fulfillmentIntent=Pickup,"Great Value Frozen Mexican-Style Lasagna, Party Size, 84 oz",Great Value,14.48,14.48,84,,2022-09-11 21:20:04,16483546
319743,66062,Frozen,Frozen Meals & Snacks,Shop all,Frozen/Frozen Meals & Snacks,748052899,https://www.walmart.com/ip/Stouffer-s-Bacon-White-Cheddar-Mac-Bites-Frozen-Appetizer-12-oz/748052899?fulfillmentIntent=Pickup,Stouffer's Bacon & White Cheddar Mac Bites Frozen Appetizer 12 oz,Stouffer's,6.48,6.48,12,,2022-09-11 21:20:04,16483547
319744,66062,Frozen,Frozen Meals & Snacks,Shop all,Frozen/Frozen Meals & Snacks,10849324,https://www.walmart.com/ip/BOCA-Original-Vegan-Veggie-Burgers-4-ct-Box/10849324?fulfillmentIntent=Pickup,"BOCA Original Vegan Veggie Burgers, 4 ct Box",Boca,3.46,3.46,4,,2022-09-11 21:20:04,16483548
319745,66062,Frozen,Frozen Meals & Snacks,Shop all,Frozen/Frozen Meals & Snacks,36988921,https://www.walmart.com/ip/Michael-Angelo-s-Baked-Ziti-with-Meatballs-44-oz-Box/36988921?fulfillmentIntent=Pickup,Michael Angelo's Baked Ziti with Meatballs 44 oz. Box,Michael Angelo's,11.28,11.28,44,,2022-09-11 21:20:04,16483549
319746,66062,Frozen,Frozen Meals & Snacks,Shop all,Frozen/Frozen Meals & Snacks,14562658,https://www.walmart.com/ip/Stouffer-s-Party-Size-Cheese-Enchiladas-Frozen-Meal-59-3-8-Ounce-59-375-oz/14562658?fulfillmentIntent=Pickup,"Stouffer's Party Size Cheese Enchiladas Frozen Meal, 59 3/8 Ounce 59.375 oz",Stouffer's,16.48,16.48,59.375,,2022-09-11 21:20:04,16483550
319747,66062,Frozen,Frozen Meals & Snacks,Shop all,Frozen/Frozen Meals & Snacks,143624506,https://www.walmart.com/ip/MorningStar-Farms-Meatless-Chicken-Wings-Parmesan-Garlic-10-Oz-Bag-Frozen/143624506?fulfillmentIntent=Pickup,"MorningStar Farms Meatless Chicken Wings, Parmesan Garlic, 10 Oz, Bag, Frozen",MorningStar Farms,4.58,4.58,10,,2022-09-11 21:20:04,16483551
319748,66062,Frozen,Frozen Meals & Snacks,Shop all,Frozen/Frozen Meals & Snacks,933614731,https://www.walmart.com/ip/Atkins-Ham-and-Cheese-Omelet-8-6-Oz-Frozen/933614731?fulfillmentIntent=Pickup,Atkins Ham and Cheese Omelet 8.6 Oz. (Frozen),Atkins,4.24,4.24,8.6,,2022-09-11 21:20:04,16483552
319749,66062,Frozen,Frozen Meals & Snacks,Shop all,Frozen/Frozen Meals & Snacks,489662682,https://www.walmart.com/ip/Daring-Original-Plant-Chicken-Pieces/489662682?fulfillmentIntent=Pickup,Daring Original Plant Chicken Pieces,Daring,6.9,6.9,,,2022-09-11 21:20:04,16483553
319750,66062,Frozen,Frozen Meals & Snacks,Shop all,Frozen/Frozen Meals & Snacks,741034464,https://www.walmart.com/ip/MorningStar-Farms-Veggie-Bites-Chik-n-and-Cheeze-Taquito-8-8-Oz-Bag-Frozen/741034464?fulfillmentIntent=Pickup,"MorningStar Farms Veggie Bites, Chik'n and Cheeze Taquito, 8.8 Oz, Bag, Frozen",MorningStar Farms,3.78,3.78,8.8,,2022-09-11 21:20:04,16483554
319751,66062,Frozen,Frozen Meals & Snacks,Shop all,Frozen/Frozen Meals & Snacks,646392998,https://www.walmart.com/ip/Marie-Callender-s-Meal-for-Two-Multi-Serve-Frozen-Dinner-Salisbury-Steak-with-Roasted-Potatoes-25-5-Ounce/646392998?fulfillmentIntent=Pickup,"Marie Callender's Meal for Two Multi-Serve Frozen Dinner, Salisbury Steak with Roasted Potatoes, 25.5 Ounce",Marie Callender's,6.57,6.57,25.5,,2022-09-11 21:20:04,16483555
319752,66062,Frozen,Frozen Meals & Snacks,Shop all,Frozen/Frozen Meals & Snacks,444661426,https://www.walmart.com/ip/Grain-Trust-Gluten-Free-Hibachi-Fried-Rice-20-oz-Frozen/444661426?fulfillmentIntent=Pickup,"Grain Trust Gluten-Free Hibachi Fried Rice, 20 oz (Frozen)",Grain Trust,5.62,5.62,20,,2022-09-11 21:20:04,16483556
319753,66062,Frozen,Frozen Meals & Snacks,Shop all,Frozen/Frozen Meals & Snacks,46104003,https://www.walmart.com/ip/Amy-s-Gluten-Free-Non-GMO-Black-Bean-Vegetable-Enchilada-9-5oz-Box-Frozen/46104003?fulfillmentIntent=Pickup,"Amy's Gluten Free Non GMO Black Bean Vegetable Enchilada, 9.5oz Box (Frozen)",Amy's Kitchen,4.42,4.42,9.5,,2022-09-11 21:20:04,16483557
319754,66062,Frozen,Frozen Meals & Snacks,Shop all,Frozen/Frozen Meals & Snacks,10804947,https://www.walmart.com/ip/SeaPak-Popcorn-Shrimp-with-Oven-Crispy-Breading-Delicious-Seafood-Frozen-18-oz/10804947?fulfillmentIntent=Pickup,"SeaPak Popcorn Shrimp with Oven Crispy Breading, Delicious Seafood, Frozen, 18 oz",SeaPak,7.12,7.12,18,,2022-09-11 21:20:04,16483558
319755,66062,Frozen,Frozen Meals & Snacks,Shop all,Frozen/Frozen Meals & Snacks,319419742,https://www.walmart.com/ip/Gardein-Plant-Based-Vegan-Italian-Saus-age-Pasta-Bowl-8-5oz-Box-Frozen/319419742?fulfillmentIntent=Pickup,"Gardein Plant-Based Vegan Italian Saus'age Pasta Bowl, 8.5oz Box (Frozen)",Gardein,4.42,4.42,8.5,,2022-09-11 21:20:04,16483559
319756,66062,Frozen,Frozen Meals & Snacks,Shop all,Frozen/Frozen Meals & Snacks,752039939,https://www.walmart.com/ip/Birds-Eye-Barbeque-Cauliflower-Wings-Frozen-Vegetable-13-5-OZ-Bag/752039939?fulfillmentIntent=Pickup,"Birds Eye Barbeque Cauliflower Wings, Frozen Vegetable, 13.5 OZ Bag",Birdseye,4.34,4.34,13.5,,2022-09-11 21:20:04,16483560
319757,66062,Frozen,Frozen Meals & Snacks,Shop all,Frozen/Frozen Meals & Snacks,453760058,https://www.walmart.com/ip/Tina-s-14ct-Steak-And-Cheese-Chimi/453760058?fulfillmentIntent=Pickup,Tina's 14ct Steak And Cheese Chimi,Tina's,12.98,12.98,14,,2022-09-11 21:20:04,16483561
319758,66062,Frozen,Frozen Meals & Snacks,Shop all,Frozen/Frozen Meals & Snacks,293816778,https://www.walmart.com/ip/TINA-S-BEEF-BEAN-GREEN-CHILI-8CT-BURRITOS/293816778?fulfillmentIntent=Pickup,TINA'S BEEF BEAN GREEN CHILI 8CT BURRITOS,Tina's,4.38,4.38,8,,2022-09-11 21:20:04,16483562
319759,66062,Frozen,Frozen Meals & Snacks,Shop all,Frozen/Frozen Meals & Snacks,722148186,https://www.walmart.com/ip/Banquet-Mega-Meats-KC-BBQ-Recipe-Chicken-Strips-With-Mashed-Potatoes-Frozen-13-3-oz-Pack-of-8/722148186?fulfillmentIntent=Pickup,"Banquet Mega Meats KC BBQ Recipe Chicken Strips With Mashed Potatoes, Frozen, 13.3 oz. (Pack of 8)",Homestyle Bakes,4.18,4.18,13.3,,2022-09-11 21:20:04,16483563
319760,66062,Frozen,Frozen Meals & Snacks,Shop all,Frozen/Frozen Meals & Snacks,51594756,https://www.walmart.com/ip/Great-Value-Stacked-Beef-Burrito-34-oz/51594756?fulfillmentIntent=Pickup,"Great Value Stacked Beef Burrito, 34 oz",Great Value,7.97,7.97,34,,2022-09-11 21:20:04,16483564
319761,66062,Frozen,Frozen Meals & Snacks,Shop all,Frozen/Frozen Meals & Snacks,49358452,https://www.walmart.com/ip/MorningStar-Farms-Veggie-Breakfast-Meatless-Sausage-Patties-Original-8-Oz-Bag-Frozen/49358452?fulfillmentIntent=Pickup,"MorningStar Farms Veggie Breakfast Meatless Sausage Patties, Original, 8 Oz, Bag, Frozen",MorningStar Farms,4.58,4.58,8,,2022-09-11 21:20:04,16483565
319762,66062,Frozen,Frozen Meals & Snacks,Shop all,Frozen/Frozen Meals & Snacks,268104949,https://www.walmart.com/ip/Impossible-Wild-Nuggies-Chicken-Nuggets-Made-From-Plants/268104949?fulfillmentIntent=Pickup,"Impossible Wild Nuggies, Chicken Nuggets Made From Plants",Impossible Foods,7.28,7.28,,,2022-09-11 21:20:04,16483566
319764,66062,Frozen,Frozen Meals & Snacks,Shop all,Frozen/Frozen Meals & Snacks,445153083,https://www.walmart.com/ip/Great-Value-Bacon-Mac-Cheese-Bites-10-oz-Frozen/445153083?fulfillmentIntent=Pickup,"Great Value Bacon Mac & Cheese Bites, 10 oz (Frozen)",Great Value,5.52,5.52,10,,2022-09-11 21:20:04,16483568
319765,66062,Frozen,Frozen Meals & Snacks,Shop all,Frozen/Frozen Meals & Snacks,411584695,https://www.walmart.com/ip/Real-Good-Foods-Pepperoni-Cheese-Stuffed-Chicken-Nuggets-9oz-Box/411584695?fulfillmentIntent=Pickup,"Real Good Foods Pepperoni & Cheese Stuffed Chicken Nuggets, 9oz Box",Realgood Foods Co.,4.96,4.96,9,,2022-09-11 21:20:04,16483569
319766,66062,Frozen,Frozen Meals & Snacks,Shop all,Frozen/Frozen Meals & Snacks,384357732,https://www.walmart.com/ip/Pilgrim-s-Fully-Cooked-Popcorn-Chicken-24-oz/384357732?fulfillmentIntent=Pickup,Pilgrim's Fully Cooked Popcorn Chicken 24 oz,Pilgrim's,7.34,7.34,24,,2022-09-11 21:20:04,16483570
319767,66062,Frozen,Frozen Meals & Snacks,Shop all,Frozen/Frozen Meals & Snacks,891112941,https://www.walmart.com/ip/Stouffer-s-Classic-Lasagna-Bites-Frozen-Appetizer-12-oz/891112941?fulfillmentIntent=Pickup,Stouffer's Classic Lasagna Bites Frozen Appetizer 12 oz,Stouffer's,6.48,6.48,12,,2022-09-11 21:20:04,16483571
319768,66062,Frozen,Frozen Meals & Snacks,Shop all,Frozen/Frozen Meals & Snacks,864111437,https://www.walmart.com/ip/Great-Value-Fit-Breakfast-Canadian-Bacon-Breakfast-Sandwiches-4-5-oz-4-Count/864111437?fulfillmentIntent=Pickup,"Great Value Fit Breakfast Canadian Bacon Breakfast Sandwiches, 4.5 oz, 4 Count",Great Value,5.88,5.88,4.5,,2022-09-11 21:20:04,16483572
319769,66062,Frozen,Frozen Meals & Snacks,Shop all,Frozen/Frozen Meals & Snacks,249767498,https://www.walmart.com/ip/Great-Value-Beef-Shepherd-s-Pie-32-oz-Frozen/249767498?fulfillmentIntent=Pickup,"Great Value Beef Shepherd's Pie, 32 oz (Frozen)",Great Value,8.77,8.77,32,,2022-09-11 21:20:04,16483573
319770,66062,Frozen,Frozen Meals & Snacks,Shop all,Frozen/Frozen Meals & Snacks,882053307,https://www.walmart.com/ip/Dr-Praeger-s-Black-Bean-Quinoa-Veggie-Burgers-10oz-4-CT-Box-Frozen/882053307?fulfillmentIntent=Pickup,"Dr. Praeger's Black Bean Quinoa Veggie Burgers, 10oz, 4 CT Box (Frozen)",Dr. Praeger's™ Purely Sensible Foods®,3.86,3.86,10,,2022-09-11 21:20:04,16483574
319771,66062,Frozen,Frozen Meals & Snacks,Shop all,Frozen/Frozen Meals & Snacks,133588923,https://www.walmart.com/ip/Birds-Eye-Veggies-Grains-Frozen-Vegetable-Blend-Harvest-13-oz/133588923?fulfillmentIntent=Pickup,"Birds Eye Veggies & Grains Frozen Vegetable Blend, Harvest, 13 oz.",Birdseye,4.48,4.48,13,,2022-09-11 21:20:04,16483575
319772,66062,Frozen,Frozen Meals & Snacks,Shop all,Frozen/Frozen Meals & Snacks,373548191,https://www.walmart.com/ip/Tyson-Any-tizers-Buffalo-Style-Hot-Wings-1-37-lb-Bag-Frozen/373548191?fulfillmentIntent=Pickup&athbdg=L1300,"Tyson Any'tizers Buffalo Style Hot Wings, 1.37 lb Bag (Frozen)",Tyson Any'tizers,9.88,9.88,1.37,,2022-09-11 21:20:04,16483576
319773,66062,Frozen,Frozen Meals & Snacks,Shop all,Frozen/Frozen Meals & Snacks,213047581,https://www.walmart.com/ip/Marie-Callender-s-New-Orleans-Style-Chicken-Alfredo-Bowl-11-oz/213047581?fulfillmentIntent=Pickup,"Marie Callender's New Orleans Style Chicken Alfredo Bowl, 11 oz",Marie Callender's,2.98,2.98,11,,2022-09-11 21:20:04,16483577
319774,66062,Frozen,Frozen Meals & Snacks,Shop all,Frozen/Frozen Meals & Snacks,14053226,https://www.walmart.com/ip/Amy-s-Non-GMO-Country-Cheddar-Bowl-9-5oz-Box-Frozen/14053226?fulfillmentIntent=Pickup,"Amy's Non GMO Country Cheddar Bowl, 9.5oz Box (Frozen)",Amy's Kitchen,4.42,4.42,9.5,,2022-09-11 21:20:04,16483578
319775,66062,Frozen,Frozen Meals & Snacks,Shop all,Frozen/Frozen Meals & Snacks,45743476,https://www.walmart.com/ip/Great-Value-Honey-Barbeque-Seasoned-Fully-Cooked-Chicken-Wings-22-oz/45743476?fulfillmentIntent=Pickup,"Great Value Honey Barbeque Seasoned Fully Cooked Chicken Wings, 22 oz",Great Value,9.64,9.64,22,,2022-09-11 21:20:04,16483579
319776,66062,Frozen,Frozen Meals & Snacks,Shop all,Frozen/Frozen Meals & Snacks,773944188,https://www.walmart.com/ip/Totino-s-Triple-Cheese-Pizza-Stuffers-8-Pizza-Snacks-28-2-oz/773944188?fulfillmentIntent=Pickup,"Totino's Triple Cheese Pizza Stuffers, 8 Pizza Snacks, 28.2 oz",Totino's,7.18,7.18,28.2,,2022-09-11 21:20:04,16483580
319777,66062,Frozen,Frozen Meals & Snacks,Shop all,Frozen/Frozen Meals & Snacks,355996533,https://www.walmart.com/ip/Real-Good-Foods-Bacon-Egg-Cheese-Breakfast-Sandwich-4-4oz-Sandwiches/355996533?fulfillmentIntent=Pickup,"Real Good Foods Bacon, Egg & Cheese Breakfast Sandwich, 4 - 4oz Sandwiches",Realgood Foods Co.,9.34,9.34,4,,2022-09-11 21:20:04,16483581
319778,66062,Frozen,Frozen Meals & Snacks,Shop all,Frozen/Frozen Meals & Snacks,107966159,https://www.walmart.com/ip/Sweet-Earth-General-Tso-s-Tofu-Frozen-Bowl-9-Oz-Plant-Based-Protein-Frozen-9-oz/107966159?fulfillmentIntent=Pickup,Sweet Earth General Tso's Tofu Frozen Bowl 9 Oz - Plant Based Protein Frozen  9 oz,Sweet Earth Natural Foods,5.78,5.78,9,,2022-09-11 21:20:04,16483582
319779,66062,Frozen,Frozen Meals & Snacks,Shop all,Frozen/Frozen Meals & Snacks,45067845,https://www.walmart.com/ip/Amy-s-Non-GMO-Mushroom-Risotto-Bowl-9-5oz-Box-Frozen/45067845?fulfillmentIntent=Pickup,"Amy's Non GMO Mushroom Risotto Bowl, 9.5oz Box (Frozen)",Amy's Kitchen,4.42,4.42,9.5,,2022-09-11 21:20:04,16483583
319780,66062,Frozen,Frozen Meals & Snacks,Shop all,Frozen/Frozen Meals & Snacks,580274265,https://www.walmart.com/ip/Green-Giant-Veggie-Tots-Zucchini-Sour-Cream-Onion-Frozen-12-oz-Bag/580274265?fulfillmentIntent=Pickup,"Green Giant Veggie Tots Zucchini Sour Cream & Onion, Frozen, 12 oz Bag",Green Giant,3.87,3.87,12,,2022-09-11 21:20:04,16483584
319781,66062,Frozen,Frozen Meals & Snacks,Shop all,Frozen/Frozen Meals & Snacks,896786543,https://www.walmart.com/ip/Nature-s-Earthly-Choice-Caribbean-Bean-Bowl-8-oz/896786543?fulfillmentIntent=Pickup,"Nature's Earthly Choice Caribbean Bean Bowl, 8 oz",Nature's Earthly Choice,2.38,2.38,8,,2022-09-11 21:20:04,16483585
319782,66062,Frozen,Frozen Meals & Snacks,Shop all,Frozen/Frozen Meals & Snacks,173422635,https://www.walmart.com/ip/MorningStar-Farms-Veggie-Burgers-Grillers-Prime-10-Oz-Bag-Frozen/173422635?fulfillmentIntent=Pickup&athbdg=L1300,"MorningStar Farms Veggie Burgers, Grillers Prime, 10 Oz, Bag, Frozen",MorningStar Farms,4.18,3.76,10,,2022-09-11 21:20:04,16483586
319783,66062,Frozen,Frozen Meals & Snacks,Shop all,Frozen/Frozen Meals & Snacks,45618131,https://www.walmart.com/ip/Amy-s-Black-Bean-Vegetable-Frozen-Burrito-6oz/45618131?fulfillmentIntent=Pickup,"Amy's Black Bean & Vegetable Frozen Burrito, 6oz",Amy's Kitchen,2.98,2.98,6,,2022-09-11 21:20:04,16483587
319784,66062,Frozen,Frozen Meals & Snacks,Shop all,Frozen/Frozen Meals & Snacks,47502361,https://www.walmart.com/ip/Amy-s-Chinese-Noodles-Veggies-Cashew-Cream-Sauce-9-5oz-Box-Frozen/47502361?fulfillmentIntent=Pickup,"Amy's Chinese Noodles & Veggies Cashew Cream Sauce, 9.5oz Box (Frozen)",Amy's Kitchen,4.42,4.42,9.5,,2022-09-11 21:20:04,16483588
319785,66062,Frozen,Frozen Meals & Snacks,Shop all,Frozen/Frozen Meals & Snacks,104047986,https://www.walmart.com/ip/Feel-Good-Foods-Gluten-Free-Vegetable-Egg-Rolls-9-oz-Box-Frozen/104047986?fulfillmentIntent=Pickup,"Feel Good Foods Gluten-Free Vegetable Egg Rolls, 9 oz Box (Frozen)",Feel Good Foods,7.74,7.74,9,,2022-09-11 21:20:04,16483589
319786,66062,Frozen,Frozen Meals & Snacks,Shop all,Frozen/Frozen Meals & Snacks,572692092,https://www.walmart.com/ip/Dole-Boosted-Blends-Blueberries-Protein-Smoothie-32-Oz/572692092?fulfillmentIntent=Pickup,Dole Boosted Blends Blueberries Protein Smoothie 32 Oz,Dole,11.78,11.78,32,,2022-09-11 21:20:04,16483590
319787,66062,Frozen,Frozen Meals & Snacks,Shop all,Frozen/Frozen Meals & Snacks,160830367,https://www.walmart.com/ip/Birds-Eye-Veggies-Grains-Frozen-Vegetable-Blend-Creamy-Pesto-13-oz/160830367?fulfillmentIntent=Pickup,"Birds Eye Veggies & Grains Frozen Vegetable Blend, Creamy Pesto, 13 oz.",Birdseye,4.48,4.48,13,,2022-09-11 21:20:04,16483591
319788,66062,Frozen,Frozen Meals & Snacks,Shop all,Frozen/Frozen Meals & Snacks,250947997,https://www.walmart.com/ip/Green-Giant-Zucchini-Tots-Pizza/250947997?fulfillmentIntent=Pickup,Green Giant Zucchini Tots- Pizza,Green Giant,3.87,3.87,,,2022-09-11 21:20:04,16483592
319789,66062,Frozen,Frozen Meals & Snacks,Shop all,Frozen/Frozen Meals & Snacks,182899063,https://www.walmart.com/ip/Gardein-Skillet-Meal-Plant-Based-Chick-n-Florentine-20-Oz-Frozen/182899063?fulfillmentIntent=Pickup,"Gardein Skillet Meal Plant-Based Chick'n Florentine, 20 Oz (Frozen)",Gardein,7.82,7.82,20,,2022-09-11 21:20:04,16483593
319790,66062,Frozen,Frozen Meals & Snacks,Shop all,Frozen/Frozen Meals & Snacks,14053222,https://www.walmart.com/ip/Amy-s-Organic-Macaroni-and-Cheese-Frozen-Meal-9oz/14053222?fulfillmentIntent=Pickup,"Amy's Organic Macaroni and Cheese Frozen Meal, 9oz",Amy's Kitchen,3.44,3.44,9,,2022-09-11 21:20:04,16483594
319791,66062,Frozen,Frozen Meals & Snacks,Shop all,Frozen/Frozen Meals & Snacks,930865655,https://www.walmart.com/ip/Beyond-Meat-Beyond-Chicken-Plant-Based-Breaded-Tenders-8-oz/930865655?fulfillmentIntent=Pickup,"Beyond Meat Beyond Chicken Plant-Based Breaded Tenders, 8 oz.",BEYOND MEAT,5.78,5.78,8,,2022-09-11 21:20:04,16483595
319792,66062,Frozen,Frozen Meals & Snacks,Shop all,Frozen/Frozen Meals & Snacks,807643713,https://www.walmart.com/ip/Great-Value-Plant-Based-Chick-n-Nuggets-Original-10-5-oz-15-Count/807643713?fulfillmentIntent=Pickup,"Great Value Plant Based Chick'n Nuggets, Original, 10.5 oz, 15 Count",Great Value,3.97,3.97,10.5,,2022-09-11 21:20:04,16483596
319793,66062,Frozen,Frozen Meals & Snacks,Shop all,Frozen/Frozen Meals & Snacks,768980215,https://www.walmart.com/ip/Saffron-Road-Gluten-Free-Coconut-Curry-Chicken-with-Basmati-Rice-Frozen-Dinner-10-oz/768980215?fulfillmentIntent=Pickup,"Saffron Road Gluten-Free Coconut Curry Chicken with Basmati Rice Frozen Dinner, 10 oz",Saffron Road,5.34,5.34,10,,2022-09-11 21:20:04,16483597
319794,66062,Frozen,Frozen Meals & Snacks,Shop all,Frozen/Frozen Meals & Snacks,128628644,https://www.walmart.com/ip/Saffron-Road-Gluten-Free-Chicken-Pad-Thai-with-Rice-Noodles-Frozen-Dinner-10-oz/128628644?fulfillmentIntent=Pickup,"Saffron Road Gluten-Free Chicken Pad Thai with Rice Noodles Frozen Dinner, 10 oz",Saffron Road,5.34,5.34,10,,2022-09-11 21:20:04,16483598
319795,66062,Frozen,Frozen Meals & Snacks,Shop all,Frozen/Frozen Meals & Snacks,612740882,https://www.walmart.com/ip/Marie-Callender-s-Gardein-Meatless-Be-f-Pot-Pie-15-oz/612740882?fulfillmentIntent=Pickup,"Marie Callender's Gardein Meatless Be'f Pot Pie, 15 oz",Marie Callender's,3.93,3.93,15,,2022-09-11 21:20:04,16483599
319796,66062,Frozen,Frozen Meals & Snacks,Shop all,Frozen/Frozen Meals & Snacks,499592512,https://www.walmart.com/ip/Alpha-Philly-Burrito-Vegan-Non-GMO-5-oz/499592512?fulfillmentIntent=Pickup,"Alpha Philly Burrito, Vegan, Non-GMO, 5 oz",Alpha Foods,2.78,2.78,5,,2022-09-11 21:20:04,16483600
319797,66062,Frozen,Frozen Meals & Snacks,Shop all,Frozen/Frozen Meals & Snacks,10318312,https://www.walmart.com/ip/Stouffer-s-Turkey-Tetrazzini-Frozen-Meal-12-oz/10318312?fulfillmentIntent=Pickup,Stouffer's Turkey Tetrazzini Frozen Meal 12 oz.,Stouffer's,3.48,3.48,12,,2022-09-11 21:20:04,16483601
319798,66062,Frozen,Frozen Meals & Snacks,Shop all,Frozen/Frozen Meals & Snacks,984193673,https://www.walmart.com/ip/Gardein-Plant-Based-Vegan-Frozen-Nashville-Hot-Chick-n-Tenders-8-1-Oz/984193673?fulfillmentIntent=Pickup,"Gardein Plant-Based, Vegan Frozen Nashville Hot Chick'n Tenders, 8.1 Oz",Gardein,4.23,4.23,8.1,,2022-09-11 21:20:04,16483602
319799,66062,Frozen,Frozen Meals & Snacks,Shop all,Frozen/Frozen Meals & Snacks,475180867,https://www.walmart.com/ip/Scott-Jon-s-Creamy-Tomato-Basil-Tortellini-Frozen-Meal-8oz/475180867?fulfillmentIntent=Pickup,"Scott & Jon's Creamy Tomato Basil Tortellini Frozen Meal, 8oz",Scott & Jon's,4.74,4.74,8,,2022-09-11 21:20:04,16483603
319800,66062,Frozen,Frozen Meals & Snacks,Shop all,Frozen/Frozen Meals & Snacks,798783143,https://www.walmart.com/ip/Hot-Pockets-Frozen-Snacks-Big-Bold-Sriracha-Steak-Frozen-Sandwiches-27-oz/798783143?fulfillmentIntent=Pickup,Hot Pockets Frozen Snacks Big & Bold Sriracha Steak Frozen Sandwiches 27 oz,Hot Pockets,3.98,3.98,27,,2022-09-11 21:20:04,16483604
319801,66062,Frozen,Frozen Meals & Snacks,Shop all,Frozen/Frozen Meals & Snacks,451800677,https://www.walmart.com/ip/InnovAsian-Orange-Chicken-Rice-Bowl-Meal-9-oz-Frozen/451800677?fulfillmentIntent=Pickup,"InnovAsian Orange Chicken Rice Bowl Meal, 9 oz (Frozen)",InnovAsian Cuisine,2.98,2.98,9,,2022-09-11 21:20:04,16483605
319802,66062,Frozen,Frozen Meals & Snacks,Shop all,Frozen/Frozen Meals & Snacks,867148509,https://www.walmart.com/ip/Feel-Good-Foods-Gluten-Free-Three-Cheese-Snack-Bites-7-oz-Box-Frozen/867148509?fulfillmentIntent=Pickup,"Feel Good Foods Gluten-Free Three Cheese Snack Bites, 7 oz Box (Frozen)",Feel Good Foods,6.74,6.74,7,,2022-09-11 21:20:04,16483606
319803,66062,Frozen,Frozen Meals & Snacks,Shop all,Frozen/Frozen Meals & Snacks,456774849,https://www.walmart.com/ip/Field-Roast-Creamy-Mac-n-Chao-11oz-Box-Frozen/456774849?fulfillmentIntent=Pickup,"Field Roast Creamy Mac 'n Chao, 11oz Box (Frozen)",Field Roast,6.44,6.44,11,,2022-09-11 21:20:04,16483607
319805,66062,Frozen,Frozen Meals & Snacks,Shop all,Frozen/Frozen Meals & Snacks,263236383,https://www.walmart.com/ip/Stouffer-s-Romano-Crusted-Chicken-Frozen-Dinner-10-25-oz/263236383?fulfillmentIntent=Pickup,Stouffer's Romano Crusted Chicken Frozen Dinner 10.25 oz,Stouffer's,3.48,3.48,10.25,,2022-09-11 21:20:04,16483609
319806,66062,Frozen,Frozen Meals & Snacks,Shop all,Frozen/Frozen Meals & Snacks,157177927,https://www.walmart.com/ip/Feel-Good-Foods-Gluten-Free-Pork-Potstickers-with-Tamari-Dipping-Sauce-10-oz-Box-Frozen/157177927?fulfillmentIntent=Pickup,"Feel Good Foods Gluten-Free Pork Potstickers with Tamari Dipping Sauce, 10 oz Box (Frozen)",Feel Good Foods,7.74,7.74,10,,2022-09-11 21:20:04,16483610
319807,66062,Frozen,Frozen Meals & Snacks,Shop all,Frozen/Frozen Meals & Snacks,819812770,https://www.walmart.com/ip/Scott-Jon-s-Broccoli-Cheddar-Mac-Frozen-Meal-8oz/819812770?fulfillmentIntent=Pickup,"Scott & Jon's Broccoli Cheddar Mac, Frozen Meal, 8oz",Scott & Jon's,3.88,3.88,8,,2022-09-11 21:20:04,16483611
319808,66062,Frozen,Frozen Meals & Snacks,Shop all,Frozen/Frozen Meals & Snacks,683466278,https://www.walmart.com/ip/2-Pack-Del-Monte-Spinach-Artichoke-Parmesan-Pocket-Pies-8-oz-Box/683466278?fulfillmentIntent=Pickup,"(2 Pack) Del Monte Spinach Artichoke Parmesan Pocket Pies, 8 oz Box",Del Monte,4.24,4.24,8,,2022-09-11 21:20:04,16483612
319809,66062,Frozen,Frozen Meals & Snacks,Shop all,Frozen/Frozen Meals & Snacks,42556623,https://www.walmart.com/ip/Evol-Gluten-Free-Chicken-Enchilada-Bake-9-Oz/42556623?fulfillmentIntent=Pickup,"Evol. Gluten Free Chicken Enchilada Bake, 9 Oz",Evol,3.94,3.94,9,,2022-09-11 21:20:04,16483613
319810,66062,Frozen,Frozen Meals & Snacks,Shop all,Frozen/Frozen Meals & Snacks,223170555,https://www.walmart.com/ip/Totino-s-Pizza-Rolls-Pepperoni-Sausage-50-ct-24-8-oz-Bag-frozen/223170555?fulfillmentIntent=Pickup&athbdg=L1300,"Totino's Pizza Rolls, Pepperoni & Sausage, 50 ct, 24.8 oz Bag (frozen)",Totino's,4.98,4.48,24.8,,2022-09-11 21:20:04,16483614
319811,66062,Frozen,Frozen Meals & Snacks,Shop all,Frozen/Frozen Meals & Snacks,741839134,https://www.walmart.com/ip/Field-Roast-Plant-Based-Buffalo-Wings-10oz-14-CT-Resealable-Bag-Frozen/741839134?fulfillmentIntent=Pickup,"Field Roast Plant-Based Buffalo Wings, 10oz 14 CT Resealable Bag (Frozen)",Field Roast,5.74,5.74,10,,2022-09-11 21:20:04,16483615
319812,66062,Frozen,Frozen Meals & Snacks,Shop all,Frozen/Frozen Meals & Snacks,417233451,https://www.walmart.com/ip/Birds-Eye-Veggies-Grains-Frozen-Vegetable-Blend-Green-Goddess-13-oz/417233451?fulfillmentIntent=Pickup,"Birds Eye Veggies & Grains Frozen Vegetable Blend, Green Goddess, 13 oz.",Birdseye,4.48,4.48,13,,2022-09-11 21:20:04,16483616
319813,66062,Frozen,Frozen Meals & Snacks,Shop all,Frozen/Frozen Meals & Snacks,193205387,https://www.walmart.com/ip/Feel-Good-Foods-Gluten-Free-Vegetable-Potstickers-with-Tamari-Dipping-Sauce-10-oz-Box-Frozen/193205387?fulfillmentIntent=Pickup,"Feel Good Foods Gluten-Free Vegetable Potstickers with Tamari Dipping Sauce, 10 oz Box (Frozen)",Feel Good Foods,7.74,7.74,10,,2022-09-11 21:20:04,16483617
319814,66062,Frozen,Frozen Meals & Snacks,Shop all,Frozen/Frozen Meals & Snacks,149346288,https://www.walmart.com/ip/Farm-Rich-Garden-Inspirations-Zucchini-Sticks-with-Marinara-Sauce-Frozen-16-oz/149346288?fulfillmentIntent=Pickup,"Farm Rich Garden Inspirations Zucchini Sticks with Marinara Sauce, Frozen, 16 oz",Farm Rich,6.98,6.98,16,,2022-09-11 21:20:04,16483618
319815,66062,Frozen,Frozen Meals & Snacks,Shop all,Frozen/Frozen Meals & Snacks,122716299,https://www.walmart.com/ip/Dickey-s-Seasoned-and-Smoked-Pulled-Chicken-with-Sweet-Barbecue-Sauce-Frozen-17oz/122716299?fulfillmentIntent=Pickup,"Dickeys Seasoned and Smoked Pulled Chicken with Sweet Barbecue Sauce, Frozen, 17oz",Dickey's Barbecue Pit,7.54,7.54,17,,2022-09-11 21:20:04,16483619
319816,66062,Frozen,Frozen Meals & Snacks,Shop all,Frozen/Frozen Meals & Snacks,705547116,https://www.walmart.com/ip/Dickey-s-Seasoned-and-Smoked-Sliced-Brisket-with-Spicy-Barbecue-Sauce-Frozen-11oz/705547116?fulfillmentIntent=Pickup,"Dickeys Seasoned and Smoked Sliced Brisket with Spicy Barbecue Sauce, Frozen, 11oz",Dickey's Barbecue Pit,7.54,7.54,11,,2022-09-11 21:20:04,16483620
319817,66062,Frozen,Frozen Meals & Snacks,Shop all,Frozen/Frozen Meals & Snacks,720444201,https://www.walmart.com/ip/John-Soules-Foods-AmaZings-Honey-BBQ-Flavor-22oz-Bone-In-Fully-Cooked/720444201?fulfillmentIntent=Pickup,"John Soules Foods AmaZings Honey BBQ Flavor, 22oz, Bone-In, Fully Cooked",John Soules Foods,8.82,8.82,22,,2022-09-11 21:20:04,16483621
319818,66062,Frozen,Frozen Meals & Snacks,Shop all,Frozen/Frozen Meals & Snacks,600167849,https://www.walmart.com/ip/P-F-CHANG-S-Home-Menu-Tempura-Shrimp-Crispy-Honey-Frozen-10-oz/600167849?fulfillmentIntent=Pickup,"P.F. CHANG'S Home Menu Tempura Shrimp, Crispy Honey, Frozen, 10 oz.",P.F. Chang's,5.98,5.98,10,,2022-09-11 21:20:04,16483622
319819,66062,Frozen,Frozen Meals & Snacks,Shop all,Frozen/Frozen Meals & Snacks,438393671,https://www.walmart.com/ip/Feel-Good-Foods-Gluten-Free-Sausage-Kale-Mac-Cheese-Bites-8-oz-Box-Frozen/438393671?fulfillmentIntent=Pickup,"Feel Good Foods Gluten-Free Sausage & Kale Mac & Cheese Bites, 8 oz Box (Frozen)",Feel Good Foods,6.74,6.74,8,,2022-09-11 21:20:04,16483623
319820,66062,Frozen,Frozen Meals & Snacks,Shop all,Frozen/Frozen Meals & Snacks,183960809,https://www.walmart.com/ip/Michael-Angelo-s-Chicken-Parmigiana-25-oz-Box/183960809?fulfillmentIntent=Pickup,Michael Angelo's Chicken Parmigiana 25 oz. Box,Michael Angelo's,8.68,8.68,25,,2022-09-11 21:20:04,16483624
319821,66062,Frozen,Frozen Meals & Snacks,Shop all,Frozen/Frozen Meals & Snacks,338414788,https://www.walmart.com/ip/Real-Good-Foods-Verde-Pork-Enchiladas-4-7oz-Box/338414788?fulfillmentIntent=Pickup,"Real Good Foods Verde Pork Enchiladas, 4.7oz Box",Realgood Foods Co.,3.97,3.97,4.7,,2022-09-11 21:20:04,16483625
319822,66062,Frozen,Frozen Meals & Snacks,Shop all,Frozen/Frozen Meals & Snacks,942994320,https://www.walmart.com/ip/2-Pack-Del-Monte-Broccoli-Potato-Cheddar-Pocket-Pies-8-oz-Box/942994320?fulfillmentIntent=Pickup,"(2 Pack) Del Monte Broccoli Potato Cheddar Pocket Pies, 8 oz Box",Del Monte,4.24,4.24,8,,2022-09-11 21:20:04,16483626
319823,66062,Frozen,Frozen Meals & Snacks,Shop all,Frozen/Frozen Meals & Snacks,387114986,https://www.walmart.com/ip/MorningStar-Farms-Pizza-Bites-Meatless-Sausage-9-5-Oz-Bag-Frozen/387114986?fulfillmentIntent=Pickup,"MorningStar Farms Pizza Bites, Meatless Sausage, 9.5 Oz, Bag, Frozen",MorningStar Farms,4.58,4.58,9.5,,2022-09-11 21:20:04,16483627
319824,66062,Frozen,Frozen Meals & Snacks,Shop all,Frozen/Frozen Meals & Snacks,14053220,https://www.walmart.com/ip/Amy-s-Original-Frozen-Vegetable-Pot-Pie-Made-with-Organic-Vegetables-Non-GMO-7-5-oz/14053220?fulfillmentIntent=Pickup,"Amy's Original Frozen Vegetable Pot Pie, Made with Organic Vegetables, Non-GMO, 7.5 oz.",Amy's Kitchen,3.94,3.94,7.5,,2022-09-11 21:20:04,16483628
319825,66062,Frozen,Frozen Meals & Snacks,Shop all,Frozen/Frozen Meals & Snacks,887695275,https://www.walmart.com/ip/Pilgrim-s-Fully-Cooked-Crispy-Chicken-Breast-Bites-24oz/887695275?fulfillmentIntent=Pickup,Pilgrim's Fully Cooked Crispy Chicken Breast Bites 24oz,Pilgrim's,9.74,9.74,24,,2022-09-11 21:20:04,16483629
319826,66062,Frozen,Frozen Meals & Snacks,Shop all,Frozen/Frozen Meals & Snacks,878097125,https://www.walmart.com/ip/Birds-Eye-Veggies-Grains-Frozen-Vegetable-Blend-Buddha-13-oz/878097125?fulfillmentIntent=Pickup,"Birds Eye Veggies & Grains Frozen Vegetable Blend, Buddha, 13 oz.",Birdseye,4.48,4.48,13,,2022-09-11 21:20:04,16483630
319827,66062,Frozen,Frozen Meals & Snacks,Shop all,Frozen/Frozen Meals & Snacks,426069330,https://www.walmart.com/ip/Totino-s-Pizza-Rolls-Triple-Meat-100-Rolls-48-85-oz-Bag/426069330?fulfillmentIntent=Pickup,"Totino's Pizza Rolls, Triple Meat, 100 Rolls, 48.85 oz Bag",Totino's,9.88,9.88,48.85,,2022-09-11 21:20:04,16483631
319828,66062,Frozen,Frozen Meals & Snacks,Shop all,Frozen/Frozen Meals & Snacks,760695021,https://www.walmart.com/ip/P-F-CHANG-S-Home-Menu-Tempura-Shrimp-Firecracker-Frozen-10-oz/760695021?fulfillmentIntent=Pickup,"P.F. CHANG'S Home Menu Tempura Shrimp, Firecracker, Frozen, 10 oz.",P.F. Chang's,5.98,5.98,10,,2022-09-11 21:20:04,16483632
319829,66062,Frozen,Frozen Meals & Snacks,Shop all,Frozen/Frozen Meals & Snacks,207876600,https://www.walmart.com/ip/Screamin-Sicilian-Stromboli-2pk-Mother-of-Meat-9-25-oz/207876600?fulfillmentIntent=Pickup,"Screamin' Sicilian Stromboli 2pk Mother of Meat, 9.25 oz",Screamin' Sicilian,7.48,7.48,9.25,,2022-09-11 21:20:04,16483633
319830,66062,Frozen,Frozen Meals & Snacks,Shop all,Frozen/Frozen Meals & Snacks,916617621,https://www.walmart.com/ip/Feel-Good-Foods-Gluten-Free-Uncured-Bacon-Cheddar-Mini-Pierogies-7-oz-Box-Frozen/916617621?fulfillmentIntent=Pickup,"Feel Good Foods Gluten-Free Uncured Bacon & Cheddar Mini Pierogies, 7 oz Box (Frozen)",Feel Good Foods,6.74,6.74,7,,2022-09-11 21:20:04,16483634
319831,66062,Frozen,Frozen Meals & Snacks,Shop all,Frozen/Frozen Meals & Snacks,253622155,https://www.walmart.com/ip/Great-Value-Buttered-Noodles-10-oz/253622155?fulfillmentIntent=Pickup,"Great Value Buttered Noodles, 10 oz",Great Value,2.87,2.87,10,,2022-09-11 21:20:04,16483635
319832,66062,Frozen,Frozen Meals & Snacks,Shop all,Frozen/Frozen Meals & Snacks,651609807,https://www.walmart.com/ip/John-Soules-Foods-AmaZings-Buffalo-Style-22oz-Bone-In-Fully-Cooked/651609807?fulfillmentIntent=Pickup,"John Soules Foods AmaZings Buffalo Style, 22oz, Bone-In, Fully Cooked",John Soules Foods,8.82,8.82,22,,2022-09-11 21:20:04,16483636
319833,66062,Frozen,Frozen Meals & Snacks,Shop all,Frozen/Frozen Meals & Snacks,863946421,https://www.walmart.com/ip/Dr-Praeger-s-All-American-Veggie-Burgers-4-oz-2-count/863946421?fulfillmentIntent=Pickup,"Dr. Praeger's All American Veggie Burgers, 4 oz, 2 count",Dr. Praeger's,5.32,5.32,4,,2022-09-11 21:20:04,16483637
319834,66062,Frozen,Frozen Meals & Snacks,Shop all,Frozen/Frozen Meals & Snacks,46921300,https://www.walmart.com/ip/Amy-s-Southwestern-Burrito-Made-with-Organic-Corn-Beans-and-Tomatoes-Non-GMO-5-5-Ounce/46921300?fulfillmentIntent=Pickup,"Amy's Southwestern Burrito, Made with Organic Corn, Beans and Tomatoes, Non GMO, 5.5-Ounce",Amy's Kitchen,2.98,2.98,5.5,,2022-09-11 21:20:04,16483638
319835,66062,Frozen,Frozen Meals & Snacks,Shop all,Frozen/Frozen Meals & Snacks,726258212,https://www.walmart.com/ip/Hot-Ones-Original-Boneless-Chicken-Bites-18-6-oz-The-Classic-Hot-Sauce/726258212?fulfillmentIntent=Pickup,"Hot Ones Original Boneless Chicken Bites, 18.6 oz., The Classic Hot Sauce",Hot Ones,8.98,8.98,18.6,,2022-09-11 21:20:04,16483639
319836,66062,Frozen,Frozen Meals & Snacks,Shop all,Frozen/Frozen Meals & Snacks,903044336,https://www.walmart.com/ip/Feel-Good-Foods-Gluten-Free-Chicken-Sausage-Snack-Bites-7-oz-Box-Frozen/903044336?fulfillmentIntent=Pickup,"Feel Good Foods Gluten-Free Chicken Sausage Snack Bites, 7 oz Box (Frozen)",Feel Good Foods,6.74,6.74,7,,2022-09-11 21:20:04,16483640
319837,66062,Frozen,Frozen Meals & Snacks,Shop all,Frozen/Frozen Meals & Snacks,533419677,https://www.walmart.com/ip/Pilgrims-Buttery-Popcorn/533419677?fulfillmentIntent=Pickup,Pilgrims Buttery Popcorn,Pilgrim's,7.34,7.34,,,2022-09-11 21:20:04,16483641
319838,66062,Frozen,Frozen Meals & Snacks,Shop all,Frozen/Frozen Meals & Snacks,132320499,https://www.walmart.com/ip/Gardein-Skillet-Meals-Italian-Style-Rigatoni-n-Saus-age-20-Oz/132320499?fulfillmentIntent=Pickup,"Gardein Skillet Meals Italian Style Rigatoni n' Saus'age, 20 Oz",Gardein,7.82,7.82,20,,2022-09-11 21:20:04,16483642
319839,66062,Frozen,Frozen Meals & Snacks,Shop all,Frozen/Frozen Meals & Snacks,631983109,https://www.walmart.com/ip/Alpha-Pizza-Burrito-Vegan-Non-GMO-5-oz/631983109?fulfillmentIntent=Pickup,"Alpha Pizza Burrito, Vegan, Non-GMO, 5 oz",Alpha Foods,2.78,2.78,5,,2022-09-11 21:20:04,16483643
319840,66062,Frozen,Frozen Meals & Snacks,Shop all,Frozen/Frozen Meals & Snacks,859266195,https://www.walmart.com/ip/Saffron-Road-Gluten-Free-Chicken-Pad-Thai-with-Rice-Noodles-Family-Size-Frozen-Dinner-22-oz/859266195?fulfillmentIntent=Pickup&athbdg=L1300,"Saffron Road Gluten-Free Chicken Pad Thai with Rice Noodles, Family Size Frozen Dinner 22 oz",Saffron Road,8.22,6.98,22,,2022-09-11 21:20:04,16483644
319841,66062,Frozen,Frozen Meals & Snacks,Shop all,Frozen/Frozen Meals & Snacks,724398850,https://www.walmart.com/ip/Saffron-Road-Gluten-Free-Chicken-Biryani-with-Basmati-Rice-Family-Size-Frozen-Dinner-22-oz/724398850?fulfillmentIntent=Pickup&athbdg=L1300,Saffron Road Gluten-Free Chicken Biryani with Basmati Rice Family Size Frozen Dinner 22 oz,Saffron Road,8.22,6.98,22,,2022-09-11 21:20:04,16483645
319842,66062,Frozen,Frozen Meals & Snacks,Shop all,Frozen/Frozen Meals & Snacks,777004772,https://www.walmart.com/ip/2-Pack-Del-Monte-Philly-Cheesesteak-Frozen-Pocket-Pies-8-oz/777004772?fulfillmentIntent=Pickup,"(2 Pack) Del Monte Philly Cheesesteak Frozen Pocket Pies, 8 oz",Del Monte,4.24,4.24,8,,2022-09-11 21:20:04,16483646
319843,66062,Frozen,Frozen Meals & Snacks,Shop all,Frozen/Frozen Meals & Snacks,234460948,https://www.walmart.com/ip/Farm-Rich-Garden-Inspirations-Plant-Based-BBQ-Sliders-Frozen-6-Sliders/234460948?fulfillmentIntent=Pickup,"Farm Rich Garden Inspirations Plant Based BBQ Sliders, Frozen, 6 Sliders",Farm Rich,6.98,6.98,,,2022-09-11 21:20:04,16483647
319844,66062,Frozen,Frozen Meals & Snacks,Shop all,Frozen/Frozen Meals & Snacks,191421967,https://www.walmart.com/ip/Hot-Ones-Barbacoa-Boneless-Chicken-Bites-18-6-oz-The-Los-Calientes-Barbacoa-Sauce/191421967?fulfillmentIntent=Pickup,"Hot Ones Barbacoa Boneless Chicken Bites, 18.6 oz., The Los Calientes Barbacoa Sauce",Hot Ones,8.98,8.98,18.6,,2022-09-11 21:20:04,16483648
319846,66062,Frozen,Frozen Meals & Snacks,Shop all,Frozen/Frozen Meals & Snacks,909282377,https://www.walmart.com/ip/SeaPak-Calamari-with-Oven-Crispy-Breading-and-Tomato-Romano-Sauce-12-oz/909282377?fulfillmentIntent=Pickup,"SeaPak Calamari with Oven Crispy Breading and Tomato Romano Sauce, 12 oz",SeaPak,7.12,7.12,12,,2022-09-11 21:20:04,16483650
319847,66062,Frozen,Frozen Meals & Snacks,Shop all,Frozen/Frozen Meals & Snacks,831321638,https://www.walmart.com/ip/Screamin-Sicilian-Stromboli-2pk-Mambo-Italiano-9-25-oz/831321638?fulfillmentIntent=Pickup,"Screamin' Sicilian Stromboli 2pk Mambo Italiano, 9.25 oz",Screamin' Sicilian,7.48,7.48,9.25,,2022-09-11 21:20:04,16483651
319848,66062,Frozen,Frozen Meals & Snacks,Shop all,Frozen/Frozen Meals & Snacks,851795064,https://www.walmart.com/ip/Great-Value-Baked-Ziti-22-oz/851795064?fulfillmentIntent=Pickup,"Great Value Baked Ziti, 22 oz",Great Value,4.67,4.67,22,,2022-09-11 21:20:04,16483652
319849,66062,Frozen,Frozen Meals & Snacks,Shop all,Frozen/Frozen Meals & Snacks,19766214,https://www.walmart.com/ip/Amy-s-Indian-Vegetable-Korma-Non-GMO-9-5-Ounce/19766214?fulfillmentIntent=Pickup,"Amy's Indian Vegetable Korma, Non GMO, 9.5-Ounce",Amy's Kitchen,4.42,4.42,9.5,,2022-09-11 21:20:04,16483653
319850,66062,Frozen,Frozen Meals & Snacks,Shop all,Frozen/Frozen Meals & Snacks,667924324,https://www.walmart.com/ip/Farm-Rich-Garden-Inspirations-Brussels-Sprouts-Plant-Based-Snack-Frozen-18-oz/667924324?fulfillmentIntent=Pickup,"Farm Rich Garden Inspirations Brussels Sprouts, Plant Based Snack, Frozen, 18 oz",Farm Rich,5.78,5.78,18,,2022-09-11 21:20:04,16483654
319851,66062,Frozen,Frozen Meals & Snacks,Shop all,Frozen/Frozen Meals & Snacks,22026997,https://www.walmart.com/ip/Louisa-Toasted-Beef-Cheese-Ravioli/22026997?fulfillmentIntent=Pickup,Louisa Toasted Beef & Cheese Ravioli,Louisa Food Products,4.74,4.74,,,2022-09-11 21:20:04,16483655
319852,66062,Frozen,Frozen Meals & Snacks,Shop all,Frozen/Frozen Meals & Snacks,591510134,https://www.walmart.com/ip/John-Soules-Foods-AmaZings-Lightly-Seasoned-22oz-Bone-In-Fully-Cooked/591510134?fulfillmentIntent=Pickup,"John Soules Foods AmaZings Lightly Seasoned, 22oz, Bone-In, Fully Cooked",John Soules Foods,8.82,8.82,22,,2022-09-11 21:20:04,16483656
319853,66062,Frozen,Frozen Meals & Snacks,Shop all,Frozen/Frozen Meals & Snacks,720687294,https://www.walmart.com/ip/Cole-s-Chocolate-Filled-Breadsticks-11-5-oz/720687294?fulfillmentIntent=Pickup,Cole's Chocolate Filled Breadsticks 11.5 oz,Cole's,3.18,3.18,11.5,,2022-09-11 21:20:04,16483657
319854,66062,Frozen,Frozen Meals & Snacks,Shop all,Frozen/Frozen Meals & Snacks,176207671,https://www.walmart.com/ip/Zarda-BBQ-Baked-Beans-48-oz/176207671?fulfillmentIntent=Pickup,"Zarda BBQ Baked Beans, 48 oz",Zarda,6.74,6.74,48,,2022-09-11 21:20:04,16483658
319855,66062,Frozen,Frozen Meals & Snacks,Shop all,Frozen/Frozen Meals & Snacks,465983372,https://www.walmart.com/ip/The-Pizza-Cupcake-Margherita-Pizza-11-2-oz/465983372?fulfillmentIntent=Pickup,"The Pizza Cupcake Margherita Pizza, 11.2 oz",The Pizza Cupcake,8.98,8.98,11.2,,2022-09-11 21:20:04,16483659
329690,66062,Frozen,"Frozen Pizza, Pasta, & Breads",Shop all,"Frozen/Frozen Pizza, Pasta, & Breads",24705191,https://www.walmart.com/ip/Totino-s-Party-Pizza-Pack-Pepperoni-Flavored-Frozen-Snacks-40-8-oz-4-ct/24705191?fulfillmentIntent=Pickup,"Totino's Party Pizza Pack, Pepperoni Flavored, Frozen Snacks, 40.8 oz, 4 ct",Totino's,6.62,6.62,40.8,,2022-09-11 21:20:04,16493494
329692,66062,Frozen,"Frozen Pizza, Pasta, & Breads",Shop all,"Frozen/Frozen Pizza, Pasta, & Breads",35657075,https://www.walmart.com/ip/Jack-s-Pepperoni-Original-Thin-Crust-Pizza-14-392-oz-Frozen/35657075?fulfillmentIntent=Pickup,"Jack's Pepperoni, Original Thin Crust Pizza, 14.392 oz (Frozen)",Jack's,3.62,3.62,14.392,,2022-09-11 21:20:04,16493496
329694,66062,Frozen,"Frozen Pizza, Pasta, & Breads",Shop all,"Frozen/Frozen Pizza, Pasta, & Breads",835017391,https://www.walmart.com/ip/Great-Value-Five-Cheese-Texas-Toast-13-5-oz-8-Count/835017391?fulfillmentIntent=Pickup,"Great Value Five Cheese Texas Toast, 13.5 oz, 8 Count",Great Value,1.74,1.74,13.5,,2022-09-11 21:20:04,16493498
329695,66062,Frozen,"Frozen Pizza, Pasta, & Breads",Shop all,"Frozen/Frozen Pizza, Pasta, & Breads",10292912,https://www.walmart.com/ip/Red-Baron-Pizza-Classic-Crust-Pepperoni-20-60-oz/10292912?fulfillmentIntent=Pickup,"Red Baron Pizza, Classic Crust Pepperoni, 20.60 oz",Red Baron,4.68,4.68,20.60,,2022-09-11 21:20:04,16493499
329696,66062,Frozen,"Frozen Pizza, Pasta, & Breads",Shop all,"Frozen/Frozen Pizza, Pasta, & Breads",35043006,https://www.walmart.com/ip/Totino-s-Party-Pizza-Pack-Combination-Frozen-Snacks-42-8-oz-4-ct/35043006?fulfillmentIntent=Pickup,"Totino's Party Pizza Pack, Combination, Frozen Snacks, 42.8 oz, 4 ct",Totino's,6.62,6.62,42.8,,2022-09-11 21:20:04,16493500
329697,66062,Frozen,"Frozen Pizza, Pasta, & Breads",Shop all,"Frozen/Frozen Pizza, Pasta, & Breads",10813478,https://www.walmart.com/ip/Totino-s-Party-Pizza-Pepperoni-Flavored-Frozen-Snacks-10-2-oz-1-ct/10813478?fulfillmentIntent=Pickup,"Totino's Party Pizza, Pepperoni Flavored, Frozen Snacks, 10.2 oz, 1 ct",Totino's,1.88,1.88,10.2,,2022-09-11 21:20:04,16493501
329698,66062,Frozen,"Frozen Pizza, Pasta, & Breads",Shop all,"Frozen/Frozen Pizza, Pasta, & Breads",10292879,https://www.walmart.com/ip/Red-Baron-Pizza-Classic-Crust-Four-Cheese-21-06-oz/10292879?fulfillmentIntent=Pickup,"Red Baron Pizza, Classic Crust Four Cheese, 21.06 oz",Red Baron,4.68,4.68,21.06,,2022-09-11 21:20:04,16493502
329699,66062,Frozen,"Frozen Pizza, Pasta, & Breads",Shop all,"Frozen/Frozen Pizza, Pasta, & Breads",423932600,https://www.walmart.com/ip/Red-Lobster-Cheddar-Bay-Frozen-Biscuits-15-66-oz/423932600?fulfillmentIntent=Pickup,"Red Lobster Cheddar Bay Frozen Biscuits, 15.66 oz",441671,4.62,4.62,15.66,,2022-09-11 21:20:04,16493503
329700,66062,Frozen,"Frozen Pizza, Pasta, & Breads",Shop all,"Frozen/Frozen Pizza, Pasta, & Breads",35657076,https://www.walmart.com/ip/Jack-s-Bacon-Cheeseburger-Original-Thin-Crust-Pizza-15-oz-Frozen/35657076?fulfillmentIntent=Pickup,"Jack's Bacon Cheeseburger, Original Thin Crust Pizza, 15 oz (Frozen)",Jack's,3.62,3.62,15,,2022-09-11 21:20:04,16493504
329701,66062,Frozen,"Frozen Pizza, Pasta, & Breads",Shop all,"Frozen/Frozen Pizza, Pasta, & Breads",35657073,https://www.walmart.com/ip/Jack-s-Supreme-Original-Thin-Crust-Pizza-15-8-oz-Frozen/35657073?fulfillmentIntent=Pickup,"Jack's Supreme, Original Thin Crust Pizza, 15.8 oz (Frozen)",Jack's,3.62,3.62,15.8,,2022-09-11 21:20:04,16493505
329702,66062,Frozen,"Frozen Pizza, Pasta, & Breads",Shop all,"Frozen/Frozen Pizza, Pasta, & Breads",214291255,https://www.walmart.com/ip/Great-Value-Rising-Crust-Pizza-Pepperoni-26-6-oz/214291255?fulfillmentIntent=Pickup,"Great Value Rising Crust Pizza, Pepperoni, 26.6 oz",Great Value,3.98,3.98,26.6,,2022-09-11 21:20:04,16493506
329703,66062,Frozen,"Frozen Pizza, Pasta, & Breads",Shop all,"Frozen/Frozen Pizza, Pasta, & Breads",860350696,https://www.walmart.com/ip/Great-Value-Microwave-Pepperoni-Pizza-7-2-oz/860350696?fulfillmentIntent=Pickup,"Great Value Microwave Pepperoni Pizza, 7.2 oz",Great Value,1.0,1.0,7.2,,2022-09-11 21:20:04,16493507
329705,66062,Frozen,"Frozen Pizza, Pasta, & Breads",Shop all,"Frozen/Frozen Pizza, Pasta, & Breads",960448792,https://www.walmart.com/ip/Great-Value-Rising-Crust-Pizza-Three-Meat-28-8-oz/960448792?fulfillmentIntent=Pickup,"Great Value Rising Crust Pizza, Three Meat, 28.8 oz",Great Value,3.98,3.98,28.8,,2022-09-11 21:20:04,16493509
329706,66062,Frozen,"Frozen Pizza, Pasta, & Breads",Shop all,"Frozen/Frozen Pizza, Pasta, & Breads",592032700,https://www.walmart.com/ip/Red-Baron-Deep-Dish-Singles-Pepperoni-Pizza-11-20-oz-2-count/592032700?fulfillmentIntent=Pickup,"Red Baron Deep Dish Singles Pepperoni Pizza, 11.20 oz, 2 count",Red Baron,4.18,4.18,11.20,,2022-09-11 21:20:04,16493510
329707,66062,Frozen,"Frozen Pizza, Pasta, & Breads",Shop all,"Frozen/Frozen Pizza, Pasta, & Breads",35657072,https://www.walmart.com/ip/Jack-s-Sausage-Pepperoni-Original-Thin-Crust-Pizza-15-oz-Frozen/35657072?fulfillmentIntent=Pickup,"Jack's Sausage & Pepperoni, Original Thin Crust Pizza, 15 oz (Frozen)",Jack's,3.62,3.62,15,,2022-09-11 21:20:04,16493511
329708,66062,Frozen,"Frozen Pizza, Pasta, & Breads",Shop all,"Frozen/Frozen Pizza, Pasta, & Breads",20511545,https://www.walmart.com/ip/Great-Value-Cheese-Tortellini-Pasta-19-oz/20511545?fulfillmentIntent=Pickup,"Great Value Cheese Tortellini Pasta, 19 oz",Great Value,3.57,3.57,19,,2022-09-11 21:20:04,16493512
329709,66062,Frozen,"Frozen Pizza, Pasta, & Breads",Shop all,"Frozen/Frozen Pizza, Pasta, & Breads",925854479,https://www.walmart.com/ip/Red-Baron-Pizza-Classic-Crust-Four-Meat-21-95-oz/925854479?fulfillmentIntent=Pickup,"Red Baron Pizza, Classic Crust Four Meat, 21.95 oz",Red Baron,4.68,4.68,21.95,,2022-09-11 21:20:04,16493513
329711,66062,Frozen,"Frozen Pizza, Pasta, & Breads",Shop all,"Frozen/Frozen Pizza, Pasta, & Breads",10292910,https://www.walmart.com/ip/Red-Baron-Pizza-Classic-Crust-Supreme-23-45-oz/10292910?fulfillmentIntent=Pickup,"Red Baron Pizza, Classic Crust Supreme 23.45 oz",Red Baron,4.68,4.68,23.45,,2022-09-11 21:20:04,16493515
329712,66062,Frozen,"Frozen Pizza, Pasta, & Breads",Shop all,"Frozen/Frozen Pizza, Pasta, & Breads",322105459,https://www.walmart.com/ip/Great-Value-Rising-Crust-Pizza-Supreme-30-7-oz/322105459?fulfillmentIntent=Pickup,"Great Value Rising Crust Pizza, Supreme, 30.7 oz",Great Value,3.98,3.98,30.7,,2022-09-11 21:20:04,16493516
329713,66062,Frozen,"Frozen Pizza, Pasta, & Breads",Shop all,"Frozen/Frozen Pizza, Pasta, & Breads",10292862,https://www.walmart.com/ip/Red-Baron-Pizza-French-Bread-Singles-Pepperoni-2-Ct-10-80-oz/10292862?fulfillmentIntent=Pickup,"Red Baron Pizza, French Bread Singles Pepperoni, 2 Ct, 10.80 oz",Red Baron,4.18,4.18,10.80,,2022-09-11 21:20:04,16493517
329714,66062,Frozen,"Frozen Pizza, Pasta, & Breads",Shop all,"Frozen/Frozen Pizza, Pasta, & Breads",46615194,https://www.walmart.com/ip/Red-Baron-Brick-Oven-Crust-Cheese-Trio-Pizza-17-82-oz/46615194?fulfillmentIntent=Pickup,"Red Baron Brick Oven Crust Cheese-Trio Pizza, 17.82 oz",Red Baron,4.68,4.68,17.82,,2022-09-11 21:20:04,16493518
329715,66062,Frozen,"Frozen Pizza, Pasta, & Breads",Shop all,"Frozen/Frozen Pizza, Pasta, & Breads",35043005,https://www.walmart.com/ip/Totino-s-Party-Pizza-Pack-Triple-Cheese-Flavored-Frozen-Snacks-4-ct/35043005?fulfillmentIntent=Pickup,"Totino's Party Pizza Pack, Triple Cheese Flavored, Frozen Snacks, 4 ct",Totino's,6.62,6.62,4,,2022-09-11 21:20:04,16493519
329717,66062,Frozen,"Frozen Pizza, Pasta, & Breads",Shop all,"Frozen/Frozen Pizza, Pasta, & Breads",964861174,https://www.walmart.com/ip/Red-Baron-Deep-Dish-Singles-Four-Cheese-Pizza-2-count-11-20-oz/964861174?fulfillmentIntent=Pickup,"Red Baron Deep Dish Singles Four Cheese Pizza, 2 count, 11.20 oz",Red Baron,3.48,3.48,11.20,,2022-09-11 21:20:04,16493521
329718,66062,Frozen,"Frozen Pizza, Pasta, & Breads",Shop all,"Frozen/Frozen Pizza, Pasta, & Breads",10316630,https://www.walmart.com/ip/Great-Value-Cheese-Ravioli-Pasta-25-Oz/10316630?fulfillmentIntent=Pickup,"Great Value Cheese Ravioli Pasta, 25 Oz",Great Value,3.57,3.57,25,,2022-09-11 21:20:04,16493522
329720,66062,Frozen,"Frozen Pizza, Pasta, & Breads",Shop all,"Frozen/Frozen Pizza, Pasta, & Breads",25826933,https://www.walmart.com/ip/DiGiorno-Pepperoni-Rising-Crust-Pizza-27-5-oz-Frozen/25826933?fulfillmentIntent=Pickup,"DiGiorno Pepperoni, Rising Crust Pizza, 27.5 oz (Frozen)",DiGiorno,6.92,6.92,27.5,,2022-09-11 21:20:04,16493524
329721,66062,Frozen,"Frozen Pizza, Pasta, & Breads",Shop all,"Frozen/Frozen Pizza, Pasta, & Breads",414330907,https://www.walmart.com/ip/Red-Baron-Deep-Dish-Singles-Supreme-Pizza-2-count-11-50-oz/414330907?fulfillmentIntent=Pickup,"Red Baron Deep Dish Singles Supreme Pizza, 2 count, 11.50 oz",Red Baron,3.48,3.48,11.50,,2022-09-11 21:20:04,16493525
329722,66062,Frozen,"Frozen Pizza, Pasta, & Breads",Shop all,"Frozen/Frozen Pizza, Pasta, & Breads",46715982,https://www.walmart.com/ip/Red-Baron-Pizza-Brick-Oven-Crust-Pepperoni-17-89-oz/46715982?fulfillmentIntent=Pickup,"Red Baron Pizza, Brick Oven Crust Pepperoni, 17.89 oz",Red Baron,4.68,4.68,17.89,,2022-09-11 21:20:04,16493526
329723,66062,Frozen,"Frozen Pizza, Pasta, & Breads",Shop all,"Frozen/Frozen Pizza, Pasta, & Breads",35657071,https://www.walmart.com/ip/Jack-s-Cheese-Original-Thin-Crust-Pizza-13-8-oz-Frozen/35657071?fulfillmentIntent=Pickup,"Jack's Cheese, Original Thin Crust Pizza, 13.8 oz (Frozen)",Jack's,3.62,3.62,13.8,,2022-09-11 21:20:04,16493527
329726,66062,Frozen,"Frozen Pizza, Pasta, & Breads",Shop all,"Frozen/Frozen Pizza, Pasta, & Breads",17352624,https://www.walmart.com/ip/Louisa-Original-Beef-Toasted-Ravioli-40-oz/17352624?fulfillmentIntent=Pickup,"Louisa Original Beef Toasted Ravioli, 40 oz",Louisa Food Products,9.14,9.14,40,,2022-09-11 21:20:04,16493530
329727,66062,Frozen,"Frozen Pizza, Pasta, & Breads",Shop all,"Frozen/Frozen Pizza, Pasta, & Breads",742220082,https://www.walmart.com/ip/Tombstone-Four-Meat-Original-Thin-Crust-Pizza-21-1-oz-Frozen/742220082?fulfillmentIntent=Pickup,"Tombstone Four Meat, Original Thin Crust Pizza, 21.1 oz (Frozen)",TOMBSTONE,4.58,4.58,21.1,,2022-09-11 21:20:04,16493531
329728,66062,Frozen,"Frozen Pizza, Pasta, & Breads",Shop all,"Frozen/Frozen Pizza, Pasta, & Breads",50427113,https://www.walmart.com/ip/DiGiorno-Pepperoni-Stuffed-Crust-Pizza-22-2-oz-Frozen/50427113?fulfillmentIntent=Pickup,"DiGiorno Pepperoni, Stuffed Crust Pizza, 22.2 oz (Frozen)",DiGiorno,9.28,9.28,22.2,,2022-09-11 21:20:04,16493532
329773,66062,Frozen,"Frozen Pizza, Pasta, & Breads",Shop all,"Frozen/Frozen Pizza, Pasta, & Breads",10813473,https://www.walmart.com/ip/Totino-s-Supreme-Original-Crisp-Crust-Party-Pizza-1-Frozen-Pizza/10813473?fulfillmentIntent=Pickup,"Totino's Supreme Original Crisp Crust Party Pizza, 1 Frozen Pizza",Totino's,1.88,1.88,,,2022-09-11 21:20:04,16493577
329774,66062,Frozen,"Frozen Pizza, Pasta, & Breads",Shop all,"Frozen/Frozen Pizza, Pasta, & Breads",464084046,https://www.walmart.com/ip/Sam-s-Choice-Stuffed-Crust-Chicken-Bacon-Ranch-Pizza-32-35-oz/464084046?fulfillmentIntent=Pickup,"Sam's Choice Stuffed Crust Chicken, Bacon & Ranch Pizza, 32.35 oz",Sam's Choice,6.98,6.98,32.35,,2022-09-11 21:20:04,16493578
329775,66062,Frozen,"Frozen Pizza, Pasta, & Breads",Shop all,"Frozen/Frozen Pizza, Pasta, & Breads",10813476,https://www.walmart.com/ip/Totino-s-Hamburger-Original-Crisp-Crust-Party-Pizza-1-Frozen-Pizza/10813476?fulfillmentIntent=Pickup,"Totino's Hamburger Original Crisp Crust Party Pizza, 1 Frozen Pizza",Totino's,1.88,1.88,,,2022-09-11 21:20:04,16493579
329777,66062,Frozen,"Frozen Pizza, Pasta, & Breads",Shop all,"Frozen/Frozen Pizza, Pasta, & Breads",172959406,https://www.walmart.com/ip/Great-Value-Cheese-Tortellini-Family-Size-36-oz/172959406?fulfillmentIntent=Pickup,"Great Value Cheese Tortellini, Family Size, 36 oz",Great Value,5.97,5.97,36,,2022-09-11 21:20:04,16493581
329778,66062,Frozen,"Frozen Pizza, Pasta, & Breads",Shop all,"Frozen/Frozen Pizza, Pasta, & Breads",10813474,https://www.walmart.com/ip/Totino-s-Party-Pizza-Triple-Meat-Frozen-Snacks-10-5-oz-1-ct/10813474?fulfillmentIntent=Pickup,"Totino's Party Pizza, Triple Meat, Frozen Snacks, 10.5 oz, 1 ct",Totino's,1.88,1.88,10.5,,2022-09-11 21:20:04,16493582
329779,66062,Frozen,"Frozen Pizza, Pasta, & Breads",Shop all,"Frozen/Frozen Pizza, Pasta, & Breads",422323430,https://www.walmart.com/ip/Great-Value-Thin-Crust-Supreme-Pizza-17-75-oz/422323430?fulfillmentIntent=Pickup,"Great Value Thin Crust Supreme Pizza, 17.75 oz",Great Value,3.98,3.98,17.75,,2022-09-11 21:20:04,16493583
329780,66062,Frozen,"Frozen Pizza, Pasta, & Breads",Shop all,"Frozen/Frozen Pizza, Pasta, & Breads",37661159,https://www.walmart.com/ip/DiGiorno-Three-Meat-Rising-Crust-Pizza-29-8-oz-Frozen/37661159?fulfillmentIntent=Pickup,"DiGiorno Three Meat, Rising Crust Pizza, 29.8 oz (Frozen)",DiGiorno,6.92,6.92,29.8,,2022-09-11 21:20:04,16493584
329783,66062,Frozen,"Frozen Pizza, Pasta, & Breads",Shop all,"Frozen/Frozen Pizza, Pasta, & Breads",45209432,https://www.walmart.com/ip/Tony-s-Pizzeria-Style-Crust-Cheese-Pizza-18-90-oz/45209432?fulfillmentIntent=Pickup,"Tony's Pizzeria Style Crust Cheese Pizza,18.90 oz",TONY'S Pizza,2.98,2.98,",18.90",,2022-09-11 21:20:04,16493587
329784,66062,Frozen,"Frozen Pizza, Pasta, & Breads",Shop all,"Frozen/Frozen Pizza, Pasta, & Breads",140886671,https://www.walmart.com/ip/Sam-s-Choice-Stuffed-Crust-Buffalo-Style-Chicken-Pizza-31-oz/140886671?fulfillmentIntent=Pickup,"Sam's Choice Stuffed Crust Buffalo Style Chicken Pizza, 31 oz",Sam's Choice,6.98,6.98,31,,2022-09-11 21:20:04,16493588
329785,66062,Frozen,"Frozen Pizza, Pasta, & Breads",Shop all,"Frozen/Frozen Pizza, Pasta, & Breads",33731239,https://www.walmart.com/ip/DiGiorno-Supreme-Rising-Crust-Pizza-31-4-oz-Frozen/33731239?fulfillmentIntent=Pickup,"DiGiorno Supreme, Rising Crust Pizza, 31.4 oz (Frozen)",DiGiorno,6.92,6.92,31.4,,2022-09-11 21:20:04,16493589
329786,66062,Frozen,"Frozen Pizza, Pasta, & Breads",Shop all,"Frozen/Frozen Pizza, Pasta, & Breads",896242852,https://www.walmart.com/ip/Motor-City-Detroit-Style-Supreme-Deep-Dish-Pizza-29-44-oz-Box/896242852?fulfillmentIntent=Pickup,"Motor City Detroit Style Supreme Deep Dish Pizza, 29.44 oz Box",Motor City Pizza,7.44,7.44,29.44,,2022-09-11 21:20:04,16493590
329787,66062,Frozen,"Frozen Pizza, Pasta, & Breads",Shop all,"Frozen/Frozen Pizza, Pasta, & Breads",10293066,https://www.walmart.com/ip/DiGiorno-Four-Cheese-Hand-Tossed-Pizza-9-2-oz-Frozen/10293066?fulfillmentIntent=Pickup,"DiGiorno Four Cheese, Hand Tossed Pizza, 9.2 oz (Frozen)",DiGiorno,3.96,3.96,9.2,,2022-09-11 21:20:04,16493591
329788,66062,Frozen,"Frozen Pizza, Pasta, & Breads",Shop all,"Frozen/Frozen Pizza, Pasta, & Breads",10292861,https://www.walmart.com/ip/Red-Baron-Pizza-French-Bread-Singles-Three-Meat-2-count-11-00-oz/10292861?fulfillmentIntent=Pickup,"Red Baron Pizza, French Bread Singles Three Meat, 2 count, 11.00 oz",Red Baron,4.18,4.18,11.00,,2022-09-11 21:20:04,16493592
329789,66062,Frozen,"Frozen Pizza, Pasta, & Breads",Shop all,"Frozen/Frozen Pizza, Pasta, & Breads",720025815,https://www.walmart.com/ip/Red-Baron-Pizza-Brick-Oven-Crust-Supreme-18-64-oz/720025815?fulfillmentIntent=Pickup,"Red Baron Pizza, Brick Oven Crust Supreme 18.64 oz",Red Baron,4.68,4.68,18.64,,2022-09-11 21:20:04,16493593
329790,66062,Frozen,"Frozen Pizza, Pasta, & Breads",Shop all,"Frozen/Frozen Pizza, Pasta, & Breads",10813481,https://www.walmart.com/ip/Totino-s-Party-Pizza-Triple-Cheese-Flavored-Frozen-Snacks-9-8-oz-1-ct/10813481?fulfillmentIntent=Pickup,"Totino's Party Pizza, Triple Cheese Flavored, Frozen Snacks, 9.8 oz, 1 ct",Totino's,1.88,1.88,9.8,,2022-09-11 21:20:04,16493594
329791,66062,Frozen,"Frozen Pizza, Pasta, & Breads",Shop all,"Frozen/Frozen Pizza, Pasta, & Breads",479098050,https://www.walmart.com/ip/Motor-City-Detroit-Style-Pepperoni-Deep-Dish-Pizza-26-17-oz-Box/479098050?fulfillmentIntent=Pickup,"Motor City Detroit Style Pepperoni Deep Dish Pizza, 26.17 oz Box",Motor City Pizza,7.44,7.44,26.17,,2022-09-11 21:20:04,16493595
329792,66062,Frozen,"Frozen Pizza, Pasta, & Breads",Shop all,"Frozen/Frozen Pizza, Pasta, & Breads",468220295,https://www.walmart.com/ip/Tombstone-Pepperoni-Original-Thin-Crust-Pizza-19-3-oz-Frozen/468220295?fulfillmentIntent=Pickup,"Tombstone Pepperoni, Original Thin Crust Pizza, 19.3 oz (Frozen)",TOMBSTONE,4.58,4.58,19.3,,2022-09-11 21:20:04,16493596
329793,66062,Frozen,"Frozen Pizza, Pasta, & Breads",Shop all,"Frozen/Frozen Pizza, Pasta, & Breads",825517367,https://www.walmart.com/ip/Tombstone-Five-Cheese-Original-Thin-Crust-Pizza-19-3-oz-Frozen/825517367?fulfillmentIntent=Pickup,"Tombstone Five Cheese, Original Thin Crust Pizza, 19.3 oz (Frozen)",TOMBSTONE,4.58,4.58,19.3,,2022-09-11 21:20:04,16493597
329796,66062,Frozen,"Frozen Pizza, Pasta, & Breads",Shop all,"Frozen/Frozen Pizza, Pasta, & Breads",10805116,https://www.walmart.com/ip/Rhodes-Yeast-Dinner-Rolls-3-lbs-36-Count-Bag-Frozen/10805116?fulfillmentIntent=Pickup,"Rhodes Yeast Dinner Rolls, 3 lbs, 36 Count Bag (Frozen)",RHODES,4.6,4.6,3,,2022-09-11 21:20:04,16493600
329797,66062,Frozen,"Frozen Pizza, Pasta, & Breads",Shop all,"Frozen/Frozen Pizza, Pasta, & Breads",558791019,https://www.walmart.com/ip/Netflix-Stranger-Things-Surfer-Boy-Pepperoni-Frozen-Pizza-23-0-oz/558791019?fulfillmentIntent=Pickup,"Netflix Stranger Things Surfer Boy Pepperoni Frozen Pizza, 23.0 oz",Surfer Boy Pizza,6.98,6.98,23.0,,2022-09-11 21:20:04,16493601
329798,66062,Frozen,"Frozen Pizza, Pasta, & Breads",Shop all,"Frozen/Frozen Pizza, Pasta, & Breads",373620893,https://www.walmart.com/ip/Great-Value-Thin-Crust-Four-Cheese-Pizza-15-55-oz-Frozen/373620893?fulfillmentIntent=Pickup,"Great Value Thin Crust Four Cheese Pizza, 15.55 oz (Frozen)",Great Value,3.98,3.98,15.55,,2022-09-11 21:20:04,16493602
329799,66062,Frozen,"Frozen Pizza, Pasta, & Breads",Shop all,"Frozen/Frozen Pizza, Pasta, & Breads",48714472,https://www.walmart.com/ip/Sam-s-Choice-Stuffed-Crust-5-Meat-Pizza-31-8-oz/48714472?fulfillmentIntent=Pickup,"Sam's Choice Stuffed Crust 5 Meat Pizza, 31.8 oz",Sam's Choice,6.98,6.98,31.8,,2022-09-11 21:20:04,16493603
329825,66062,Frozen,"Frozen Pizza, Pasta, & Breads",Shop all,"Frozen/Frozen Pizza, Pasta, & Breads",10316629,https://www.walmart.com/ip/Great-Value-Beef-Ravioli-25-oz/10316629?fulfillmentIntent=Pickup,"Great Value Beef Ravioli, 25 oz",Great Value,3.57,3.57,25,,2022-09-11 21:20:04,16493629
329826,66062,Frozen,"Frozen Pizza, Pasta, & Breads",Shop all,"Frozen/Frozen Pizza, Pasta, & Breads",923827688,https://www.walmart.com/ip/Netflix-Stranger-Things-Surfer-Boy-Meat-Lovers-Frozen-Pizza-24-2-oz/923827688?fulfillmentIntent=Pickup,"Netflix Stranger Things Surfer Boy Meat Lovers Frozen Pizza, 24.2 oz",Surfer Boy Pizza,6.98,6.98,24.2,,2022-09-11 21:20:04,16493630
329827,66062,Frozen,"Frozen Pizza, Pasta, & Breads",Shop all,"Frozen/Frozen Pizza, Pasta, & Breads",10293067,https://www.walmart.com/ip/DiGiorno-Pepperoni-Thin-Crust-Pizza-9-3-oz-Frozen/10293067?fulfillmentIntent=Pickup,"DiGiorno Pepperoni, Thin Crust Pizza, 9.3 oz (Frozen)",DiGiorno,3.96,3.96,9.3,,2022-09-11 21:20:04,16493631
329828,66062,Frozen,"Frozen Pizza, Pasta, & Breads",Shop all,"Frozen/Frozen Pizza, Pasta, & Breads",10292867,https://www.walmart.com/ip/Red-Baron-Pizza-Thin-Crispy-Pepperoni-15-77-oz/10292867?fulfillmentIntent=Pickup,"Red Baron Pizza, Thin & Crispy Pepperoni, 15.77 oz",Red Baron,4.68,4.68,15.77,,2022-09-11 21:20:04,16493632
329829,66062,Frozen,"Frozen Pizza, Pasta, & Breads",Shop all,"Frozen/Frozen Pizza, Pasta, & Breads",217585990,https://www.walmart.com/ip/Great-Value-Pepperoni-Thin-Crust-Pizza-14-3-oz-Frozen/217585990?fulfillmentIntent=Pickup,"Great Value Pepperoni, Thin Crust Pizza, 14.3 oz (Frozen)",Great Value,3.46,3.46,14.3,,2022-09-11 21:20:04,16493633
329830,66062,Frozen,"Frozen Pizza, Pasta, & Breads",Shop all,"Frozen/Frozen Pizza, Pasta, & Breads",10794605,https://www.walmart.com/ip/Bridgford-Cinnamon-Pull-Apart-Monkey-Bread-16-oz/10794605?fulfillmentIntent=Pickup,"Bridgford Cinnamon Pull-Apart Monkey Bread, 16 oz",Bridgford,2.94,2.94,16,,2022-09-11 21:20:04,16493634
329832,66062,Frozen,"Frozen Pizza, Pasta, & Breads",Shop all,"Frozen/Frozen Pizza, Pasta, & Breads",973797315,https://www.walmart.com/ip/Sam-s-Choice-Thin-Crust-Philly-Cheese-Steak-Pizza-19-25-oz/973797315?fulfillmentIntent=Pickup,"Sam's Choice Thin Crust Philly Cheese Steak Pizza, 19.25 oz",Sam's Choice,5.98,5.98,19.25,,2022-09-11 21:20:04,16493636
329833,66062,Frozen,"Frozen Pizza, Pasta, & Breads",Shop all,"Frozen/Frozen Pizza, Pasta, & Breads",715710417,https://www.walmart.com/ip/Netflix-Stranger-Things-Surfer-Boy-Supreme-Frozen-Pizza-25-2-oz/715710417?fulfillmentIntent=Pickup,"Netflix Stranger Things Surfer Boy Supreme Frozen Pizza, 25.2 oz",Surfer Boy Pizza,6.98,6.98,25.2,,2022-09-11 21:20:04,16493637
329834,66062,Frozen,"Frozen Pizza, Pasta, & Breads",Shop all,"Frozen/Frozen Pizza, Pasta, & Breads",43710861,https://www.walmart.com/ip/DiGiorno-Margherita-Hand-Tossed-Pizza-18-oz-Frozen/43710861?fulfillmentIntent=Pickup,"DiGiorno Margherita, Hand Tossed Pizza, 18 oz (Frozen)",DiGiorno,7.48,7.48,18,,2022-09-11 21:20:04,16493638
329835,66062,Frozen,"Frozen Pizza, Pasta, & Breads",Shop all,"Frozen/Frozen Pizza, Pasta, & Breads",10805050,https://www.walmart.com/ip/New-York-Bakery-Original-Bread-Sticks-with-Real-Garlic-6-sticks/10805050?fulfillmentIntent=Pickup,"New York Bakery Original Bread Sticks with Real Garlic, 6 sticks",New York Bakery,2.54,2.54,,,2022-09-11 21:20:04,16493639
329837,66062,Frozen,"Frozen Pizza, Pasta, & Breads",Shop all,"Frozen/Frozen Pizza, Pasta, & Breads",46754554,https://www.walmart.com/ip/Red-Baron-Pizza-Brick-Oven-Crust-Meat-Trio-18-22-oz/46754554?fulfillmentIntent=Pickup,"Red Baron Pizza, Brick Oven Crust Meat Trio, 18.22 oz",Red Baron,4.68,4.68,18.22,,2022-09-11 21:20:04,16493641
329838,66062,Frozen,"Frozen Pizza, Pasta, & Breads",Shop all,"Frozen/Frozen Pizza, Pasta, & Breads",10293039,https://www.walmart.com/ip/DiGiorno-Four-Cheese-Rising-Crust-Pizza-28-2-oz-Frozen/10293039?fulfillmentIntent=Pickup,"DiGiorno Four Cheese, Rising Crust Pizza, 28.2 oz (Frozen)",DiGiorno,6.92,6.92,28.2,,2022-09-11 21:20:04,16493642
329841,66062,Frozen,"Frozen Pizza, Pasta, & Breads",Shop all,"Frozen/Frozen Pizza, Pasta, & Breads",10293047,https://www.walmart.com/ip/DiGiorno-Four-Meat-Thin-Crust-Pizza-23-4-oz-Frozen/10293047?fulfillmentIntent=Pickup,"DiGiorno Four Meat, Thin Crust Pizza, 23.4 oz (Frozen)",DiGiorno,6.92,6.92,23.4,,2022-09-11 21:20:04,16493645
329842,66062,Frozen,"Frozen Pizza, Pasta, & Breads",Shop all,"Frozen/Frozen Pizza, Pasta, & Breads",10805037,https://www.walmart.com/ip/New-York-Bakery-Garlic-Texas-Toast-8-ct/10805037?fulfillmentIntent=Pickup,"New York Bakery Garlic Texas Toast, 8 ct",New York Bakery,2.54,2.54,8,,2022-09-11 21:20:04,16493646
329843,66062,Frozen,"Frozen Pizza, Pasta, & Breads",Shop all,"Frozen/Frozen Pizza, Pasta, & Breads",768413116,https://www.walmart.com/ip/Great-Value-Thin-Crust-Pepperoni-Pizza-16-35-oz/768413116?fulfillmentIntent=Pickup,"Great Value Thin Crust Pepperoni Pizza, 16.35 oz",Great Value,3.98,3.98,16.35,,2022-09-11 21:20:04,16493647
329844,66062,Frozen,"Frozen Pizza, Pasta, & Breads",Shop all,"Frozen/Frozen Pizza, Pasta, & Breads",10805119,https://www.walmart.com/ip/Rhodes-Bake-N-Serv-Cinnamon-Rolls-with-Frosting/10805119?fulfillmentIntent=Pickup,Rhodes Bake N Serv Cinnamon Rolls with Frosting,RHODES,5.34,5.34,,,2022-09-11 21:20:04,16493648
329845,66062,Frozen,"Frozen Pizza, Pasta, & Breads",Shop all,"Frozen/Frozen Pizza, Pasta, & Breads",922975463,https://www.walmart.com/ip/Motor-City-Three-Meat-Pizza/922975463?fulfillmentIntent=Pickup,Motor City Three Meat Pizza,Motor City Brewing Works,7.44,7.44,,,2022-09-11 21:20:04,16493649
329847,66062,Frozen,"Frozen Pizza, Pasta, & Breads",Shop all,"Frozen/Frozen Pizza, Pasta, & Breads",10805114,https://www.walmart.com/ip/Rhodes-Bake-N-Serv-White-Bread-Dough-5-CT/10805114?fulfillmentIntent=Pickup,"Rhodes Bake-N-Serv, White Bread Dough, 5 CT",RHODES,4.6,4.6,5,,2022-09-11 21:20:04,16493651
329848,66062,Frozen,"Frozen Pizza, Pasta, & Breads",Shop all,"Frozen/Frozen Pizza, Pasta, & Breads",10805049,https://www.walmart.com/ip/New-York-Bakery-Five-Cheese-Texas-Toast-8-Ct/10805049?fulfillmentIntent=Pickup,"New York Bakery Five Cheese Texas Toast, 8 Ct",New York Bakery,4.28,4.28,8,,2022-09-11 21:20:04,16493652
329854,66062,Frozen,"Frozen Pizza, Pasta, & Breads",Shop all,"Frozen/Frozen Pizza, Pasta, & Breads",51350824,https://www.walmart.com/ip/DiGiorno-Three-Meat-Stuffed-Crust-Pizza-24-5-oz-Frozen/51350824?fulfillmentIntent=Pickup,"DiGiorno Three Meat, Stuffed Crust Pizza, 24.5 oz (Frozen)",DiGiorno,9.28,9.28,24.5,,2022-09-11 21:20:04,16493658
329858,66062,Frozen,"Frozen Pizza, Pasta, & Breads",Shop all,"Frozen/Frozen Pizza, Pasta, & Breads",160371431,https://www.walmart.com/ip/Great-Value-Garlic-Knots-8-oz-6-Count/160371431?fulfillmentIntent=Pickup,"Great Value Garlic Knots, 8 oz, 6 Count",Great Value,2.32,2.32,8,,2022-09-11 21:20:04,16493662
329859,66062,Frozen,"Frozen Pizza, Pasta, & Breads",Shop all,"Frozen/Frozen Pizza, Pasta, & Breads",43922505,https://www.walmart.com/ip/DiGiorno-Hawaiian-Rising-Crust-Pizza-28-5-oz-Frozen/43922505?fulfillmentIntent=Pickup,"DiGiorno Hawaiian, Rising Crust Pizza, 28.5 oz (Frozen)",DiGiorno,6.92,6.92,28.5,,2022-09-11 21:20:04,16493663
329860,66062,Frozen,"Frozen Pizza, Pasta, & Breads",Shop all,"Frozen/Frozen Pizza, Pasta, & Breads",822261810,https://www.walmart.com/ip/Sam-s-Choice-Thin-Crust-Supreme-Pizza-21-7-oz/822261810?fulfillmentIntent=Pickup,"Sam's Choice Thin Crust Supreme Pizza, 21.7 oz",Sam's Choice,5.98,5.98,21.7,,2022-09-11 21:20:04,16493664
329861,66062,Frozen,"Frozen Pizza, Pasta, & Breads",Shop all,"Frozen/Frozen Pizza, Pasta, & Breads",899570684,https://www.walmart.com/ip/Red-Baron-Four-Cheese-Pizza-Melt-5-34-oz/899570684?fulfillmentIntent=Pickup,"Red Baron Four Cheese Pizza Melt, 5.34 oz",Red Baron,3.34,3.34,5.34,,2022-09-11 21:20:04,16493665
329862,66062,Frozen,"Frozen Pizza, Pasta, & Breads",Shop all,"Frozen/Frozen Pizza, Pasta, & Breads",12165981,https://www.walmart.com/ip/Rhodes-Bake-N-Serv-AnyTime-Cinnamon-Rolls-6-CT/12165981?fulfillmentIntent=Pickup,"Rhodes Bake N Serv, AnyTime! Cinnamon Rolls, 6 CT",Rhodes,5.34,5.34,6,,2022-09-11 21:20:04,16493666
329863,66062,Frozen,"Frozen Pizza, Pasta, & Breads",Shop all,"Frozen/Frozen Pizza, Pasta, & Breads",14089286,https://www.walmart.com/ip/Home-Run-Inn-Classic-Sausage-Pepperoni-Frozen-Pizza/14089286?fulfillmentIntent=Pickup,Home Run Inn Classic Sausage & Pepperoni Frozen Pizza,Home Run Inn,7.33,7.33,,,2022-09-11 21:20:04,16493667
329865,66062,Frozen,"Frozen Pizza, Pasta, & Breads",Shop all,"Frozen/Frozen Pizza, Pasta, & Breads",10293050,https://www.walmart.com/ip/DiGiorno-Pepperoni-Thin-Crust-Pizza-22-1-oz-Frozen/10293050?fulfillmentIntent=Pickup,"DiGiorno Pepperoni, Thin Crust Pizza, 22.1 oz (Frozen)",DiGiorno,6.92,6.92,22.1,,2022-09-11 21:20:04,16493669
329866,66062,Frozen,"Frozen Pizza, Pasta, & Breads",Shop all,"Frozen/Frozen Pizza, Pasta, & Breads",17619775,https://www.walmart.com/ip/New-York-Bakery-Hand-Tied-Garlic-Knots-with-Real-Garlic-6-knots/17619775?fulfillmentIntent=Pickup,"New York Bakery Hand Tied Garlic Knots with Real Garlic, 6 knots",New York Bakery,2.54,2.54,,,2022-09-11 21:20:04,16493670
329867,66062,Frozen,"Frozen Pizza, Pasta, & Breads",Shop all,"Frozen/Frozen Pizza, Pasta, & Breads",45709489,https://www.walmart.com/ip/Louisa-Cheese-Tortellini-19-oz/45709489?fulfillmentIntent=Pickup,"Louisa Cheese Tortellini, 19 oz",Louisa Food Products,4.74,4.74,19,,2022-09-11 21:20:04,16493671
329868,66062,Frozen,"Frozen Pizza, Pasta, & Breads",Shop all,"Frozen/Frozen Pizza, Pasta, & Breads",130250967,https://www.walmart.com/ip/DiGiorno-Pepperoni-Pan-Thick-Crust-Pizza-26-oz-Frozen/130250967?fulfillmentIntent=Pickup,"DiGiorno Pepperoni, Pan Thick Crust Pizza, 26 oz (Frozen)",DiGiorno,8.48,8.48,26,,2022-09-11 21:20:04,16493672
329871,66062,Frozen,"Frozen Pizza, Pasta, & Breads",Shop all,"Frozen/Frozen Pizza, Pasta, & Breads",10293048,https://www.walmart.com/ip/DiGiorno-Supreme-Thin-Crust-Pizza-24-8-oz-Frozen/10293048?fulfillmentIntent=Pickup,"DiGiorno Supreme, Thin Crust Pizza, 24.8 oz (Frozen)",DiGiorno,6.92,6.92,24.8,,2022-09-11 21:20:04,16493675
329875,66062,Frozen,"Frozen Pizza, Pasta, & Breads",Shop all,"Frozen/Frozen Pizza, Pasta, & Breads",10452829,https://www.walmart.com/ip/Pepperidge-Farm-Raisin-Cinnamon-Swirl-Breakfast-Bread-1-lb-Loaf/10452829?fulfillmentIntent=Pickup,"Pepperidge Farm Raisin Cinnamon Swirl Breakfast Bread, 1 lb. Loaf",Pepperidge Farm,3.34,3.34,1,,2022-09-11 21:20:04,16493679
329876,66062,Frozen,"Frozen Pizza, Pasta, & Breads",Shop all,"Frozen/Frozen Pizza, Pasta, & Breads",140254054,https://www.walmart.com/ip/Sam-s-Choice-Thin-Crust-4-Meat-Pizza-20-16-oz/140254054?fulfillmentIntent=Pickup,"Sam's Choice Thin Crust 4 Meat Pizza, 20.16 oz",Sam's Choice,5.98,5.98,20.16,,2022-09-11 21:20:04,16493680
329877,66062,Frozen,"Frozen Pizza, Pasta, & Breads",Shop all,"Frozen/Frozen Pizza, Pasta, & Breads",981698549,https://www.walmart.com/ip/Red-Baron-Stuffed-Crust-Four-Cheese-Pizza-20-67-oz/981698549?fulfillmentIntent=Pickup,"Red Baron Stuffed Crust Four Cheese Pizza, 20.67 oz",Red Baron,7.92,7.92,20.67,,2022-09-11 21:20:04,16493681
329879,66062,Frozen,"Frozen Pizza, Pasta, & Breads",Shop all,"Frozen/Frozen Pizza, Pasta, & Breads",10805206,https://www.walmart.com/ip/Sister-Schubert-s-Dinner-Yeast-Rolls-15-oz-10-Count-Bag/10805206?fulfillmentIntent=Pickup,"Sister Schubert's Dinner Yeast Rolls, 15 oz, 10 Count Bag",Sister Schubert's,4.12,4.12,15,,2022-09-11 21:20:04,16493683
329880,66062,Frozen,"Frozen Pizza, Pasta, & Breads",Shop all,"Frozen/Frozen Pizza, Pasta, & Breads",166235120,https://www.walmart.com/ip/Birds-Eye-Voila-Alfredo-Chicken-Bulk-Skillet-Meal-60-Oz/166235120?fulfillmentIntent=Pickup,"Birds Eye Voila! Alfredo Chicken, Bulk Skillet Meal, 60 Oz",Birdseye,11.77,11.77,60,,2022-09-11 21:20:04,16493684
329881,66062,Frozen,"Frozen Pizza, Pasta, & Breads",Shop all,"Frozen/Frozen Pizza, Pasta, & Breads",10813514,https://www.walmart.com/ip/Cole-s-Original-Garlic-Bread-16-oz-Loaf/10813514?fulfillmentIntent=Pickup,"Cole's Original Garlic Bread, 16 oz Loaf",Cole's Trout,2.92,2.92,16,,2022-09-11 21:20:04,16493685
329883,66062,Frozen,"Frozen Pizza, Pasta, & Breads",Shop all,"Frozen/Frozen Pizza, Pasta, & Breads",10313666,https://www.walmart.com/ip/Freschetta-Canadian-Style-Bacon-Pineapple-Pizza-27-51-oz/10313666?fulfillmentIntent=Pickup,"Freschetta Canadian Style Bacon Pineapple Pizza, 27.51 oz",FRESCHETTA,5.48,5.48,27.51,,2022-09-11 21:20:04,16493687
329885,66062,Frozen,"Frozen Pizza, Pasta, & Breads",Shop all,"Frozen/Frozen Pizza, Pasta, & Breads",792410139,https://www.walmart.com/ip/DiGiorno-Pepperoni-Croissant-Crust-Pizza-25-oz-Frozen/792410139?fulfillmentIntent=Pickup,"DiGiorno Pepperoni, Croissant Crust Pizza, 25 oz (Frozen)",DiGiorno,7.48,7.48,25,,2022-09-11 21:20:04,16493689
329886,66062,Frozen,"Frozen Pizza, Pasta, & Breads",Shop all,"Frozen/Frozen Pizza, Pasta, & Breads",14089288,https://www.walmart.com/ip/Home-Run-Inn-Frozen-Classic-Cheese-Family-Size-Pizza-27-oz/14089288?fulfillmentIntent=Pickup,"Home Run Inn Frozen Classic Cheese Family Size Pizza, 27 oz",Home Run Inn,7.33,7.33,27,,2022-09-11 21:20:04,16493690
329888,66062,Frozen,"Frozen Pizza, Pasta, & Breads",Shop all,"Frozen/Frozen Pizza, Pasta, & Breads",269361916,https://www.walmart.com/ip/Birds-Eye-Veggie-Pasta-Spinach-Lentil-Rotini-Pasta-with-Alfredo-Sauce-Frozen-10-oz/269361916?fulfillmentIntent=Pickup,"Birds Eye Veggie Pasta Spinach Lentil Rotini Pasta with Alfredo Sauce, Frozen, 10 oz",Birdseye,3.34,3.34,10,,2022-09-11 21:20:04,16493692
329891,66062,Frozen,"Frozen Pizza, Pasta, & Breads",Shop all,"Frozen/Frozen Pizza, Pasta, & Breads",50427112,https://www.walmart.com/ip/DiGiorno-Five-Cheese-Stuffed-Crust-Pizza-22-2-oz-Frozen/50427112?fulfillmentIntent=Pickup,"DiGiorno Five Cheese, Stuffed Crust Pizza, 22.2 oz (Frozen)",DiGiorno,9.28,9.28,22.2,,2022-09-11 21:20:04,16493695
329892,66062,Frozen,"Frozen Pizza, Pasta, & Breads",Shop all,"Frozen/Frozen Pizza, Pasta, & Breads",314451788,https://www.walmart.com/ip/Sam-s-Choice-Thin-Crust-Pepperoni-Pizza-19-76-oz/314451788?fulfillmentIntent=Pickup,"Sam's Choice Thin Crust Pepperoni Pizza, 19.76 oz",Sam's Choice,5.98,5.98,19.76,,2022-09-11 21:20:04,16493696
329893,66062,Frozen,"Frozen Pizza, Pasta, & Breads",Shop all,"Frozen/Frozen Pizza, Pasta, & Breads",12166822,https://www.walmart.com/ip/New-York-Bakery-Olde-World-Ciabatta-Cheese-Rolls-6-ct/12166822?fulfillmentIntent=Pickup,"New York Bakery Olde World Ciabatta Cheese Rolls, 6 ct",New York Bakery,4.28,4.28,6,,2022-09-11 21:20:04,16493697
329897,66062,Frozen,"Frozen Pizza, Pasta, & Breads",Shop all,"Frozen/Frozen Pizza, Pasta, & Breads",615063634,https://www.walmart.com/ip/CAULIPOWER-Margherita-Cauliflower-Crust-Pizza-10-9-oz-Frozen/615063634?fulfillmentIntent=Pickup,"CAULIPOWER Margherita Cauliflower Crust Pizza, 10.9 oz (Frozen)",CAULIPOWER,7.18,7.18,10.9,,2022-09-11 21:20:04,16493701
329899,66062,Frozen,"Frozen Pizza, Pasta, & Breads",Shop all,"Frozen/Frozen Pizza, Pasta, & Breads",34523926,https://www.walmart.com/ip/California-Pizza-Kitchen-BBQ-Chicken-Crispy-Thin-Crust-Pizza-14-7-oz-Frozen/34523926?fulfillmentIntent=Pickup,"California Pizza Kitchen BBQ Chicken, Crispy Thin Crust Pizza, 14.7 oz (Frozen)",California Pizza Kitchen,7.48,7.48,14.7,,2022-09-11 21:20:04,16493703
329900,66062,Frozen,"Frozen Pizza, Pasta, & Breads",Shop all,"Frozen/Frozen Pizza, Pasta, & Breads",51409814,https://www.walmart.com/ip/DiGiorno-Supreme-Stuffed-Crust-Pizza-26-4-oz-Frozen/51409814?fulfillmentIntent=Pickup,"DiGiorno Supreme, Stuffed Crust Pizza, 26.4 oz (Frozen)",DiGiorno,9.28,9.28,26.4,,2022-09-11 21:20:04,16493704
329901,66062,Frozen,"Frozen Pizza, Pasta, & Breads",Shop all,"Frozen/Frozen Pizza, Pasta, & Breads",28278634,https://www.walmart.com/ip/Sister-Schubert-s-Dinner-Yeast-Rolls-20-count-30-oz/28278634?fulfillmentIntent=Pickup,"Sister Schubert's Dinner Yeast Rolls, 20 count, 30 oz",Sister Schubert's,7.28,7.28,30,,2022-09-11 21:20:04,16493705
330226,66062,Frozen,"Frozen Pizza, Pasta, & Breads",Shop all,"Frozen/Frozen Pizza, Pasta, & Breads",23740839,https://www.walmart.com/ip/DiGiorno-Pepperoni-Hand-Tossed-Pizza-18-7-oz-Frozen/23740839?fulfillmentIntent=Pickup,"DiGiorno Pepperoni, Hand Tossed Pizza, 18.7 oz (Frozen)",DiGiorno,7.48,7.48,18.7,,2022-09-11 21:20:04,16494030
330229,66062,Frozen,"Frozen Pizza, Pasta, & Breads",Shop all,"Frozen/Frozen Pizza, Pasta, & Breads",34238258,https://www.walmart.com/ip/California-Pizza-Kitchen-Margherita-Crispy-Thin-Crust-Pizza-15-5-oz-Frozen/34238258?fulfillmentIntent=Pickup,"California Pizza Kitchen Margherita, Crispy Thin Crust Pizza, 15.5 oz (Frozen)",California Pizza Kitchen,7.48,7.48,15.5,,2022-09-11 21:20:04,16494033
330233,66062,Frozen,"Frozen Pizza, Pasta, & Breads",Shop all,"Frozen/Frozen Pizza, Pasta, & Breads",433921687,https://www.walmart.com/ip/DiGiorno-Three-Meat-Croissant-Crust-Pizza-26-4-oz-Frozen/433921687?fulfillmentIntent=Pickup,"DiGiorno Three Meat, Croissant Crust Pizza, 26.4 oz (Frozen)",DiGiorno,7.48,7.48,26.4,,2022-09-11 21:20:04,16494037
330235,66062,Frozen,"Frozen Pizza, Pasta, & Breads",Shop all,"Frozen/Frozen Pizza, Pasta, & Breads",10801631,https://www.walmart.com/ip/Bagel-Bites-Three-Cheese-Mini-Pizza-Bagel-Frozen-Snacks-40-ct-Box/10801631?fulfillmentIntent=Pickup,"Bagel Bites Three Cheese Mini Pizza Bagel Frozen Snacks, 40 ct Box",Bagel Bites,8.97,8.97,40,,2022-09-11 21:20:04,16494039
330236,66062,Frozen,"Frozen Pizza, Pasta, & Breads",Shop all,"Frozen/Frozen Pizza, Pasta, & Breads",10293034,https://www.walmart.com/ip/DiGiorno-Sausage-Pepperoni-Rising-Crust-Pizza-30-3-oz-Frozen/10293034?fulfillmentIntent=Pickup,"DiGiorno Sausage & Pepperoni, Rising Crust Pizza, 30.3 oz (Frozen)",DiGiorno,6.92,6.92,30.3,,2022-09-11 21:20:04,16494040
330237,66062,Frozen,"Frozen Pizza, Pasta, & Breads",Shop all,"Frozen/Frozen Pizza, Pasta, & Breads",823075302,https://www.walmart.com/ip/CAULIPOWER-Buffalo-Stye-Chicken-Stone-fired-Cauliflower-Crust-Pizza-10-9-oz-Frozen/823075302?fulfillmentIntent=Pickup,"CAULIPOWER Buffalo-Stye Chicken Stone-fired Cauliflower Crust Pizza, 10.9 oz (Frozen)",CAULIPOWER,7.18,7.18,10.9,,2022-09-11 21:20:04,16494041
330239,66062,Frozen,"Frozen Pizza, Pasta, & Breads",Shop all,"Frozen/Frozen Pizza, Pasta, & Breads",52433337,https://www.walmart.com/ip/Great-Value-Chicken-Fettuccine-Alfredo-10-oz/52433337?fulfillmentIntent=Pickup,"Great Value Chicken Fettuccine Alfredo, 10 oz",Great Value,3.12,3.12,10,,2022-09-11 21:20:04,16494043
330240,66062,Frozen,"Frozen Pizza, Pasta, & Breads",Shop all,"Frozen/Frozen Pizza, Pasta, & Breads",10452822,https://www.walmart.com/ip/Pepperidge-Farm-Swirl-Cinnamon-Breakfast-Bread-16-oz-Loaf/10452822?fulfillmentIntent=Pickup,"Pepperidge Farm Swirl Cinnamon Breakfast Bread, 16 oz. Loaf",Pepperidge Farm,3.34,3.34,16,,2022-09-11 21:20:04,16494044
330242,66062,Frozen,"Frozen Pizza, Pasta, & Breads",Shop all,"Frozen/Frozen Pizza, Pasta, & Breads",722464215,https://www.walmart.com/ip/CAULIPOWER-Veggie-Stone-fired-Cauliflower-Crust-Pizza-10-9oz-Box-Frozen/722464215?fulfillmentIntent=Pickup,"CAULIPOWER Veggie Stone-fired Cauliflower Crust Pizza, 10.9oz Box (Frozen)",CAULIPOWER,7.18,7.18,10.9,,2022-09-11 21:20:04,16494046
330244,66062,Frozen,"Frozen Pizza, Pasta, & Breads",Shop all,"Frozen/Frozen Pizza, Pasta, & Breads",45048080,https://www.walmart.com/ip/Giovanni-Rana-Homestyle-Ravioli-Italian-Sausage-Premium-Filled-Italian-Pasta-Bag-Family-Size-18oz/45048080?fulfillmentIntent=Pickup,"Giovanni Rana Homestyle Ravioli Italian Sausage Premium Filled Italian Pasta Bag (Family Size, 18oz)",Giovanni Rana,7.58,7.58,18,,2022-09-11 21:20:04,16494048
330247,66062,Frozen,"Frozen Pizza, Pasta, & Breads",Shop all,"Frozen/Frozen Pizza, Pasta, & Breads",42794630,https://www.walmart.com/ip/Screamin-Sicilian-Original-Holy-Pepperoni-Frozen-Pizza-22-3-oz/42794630?fulfillmentIntent=Pickup,"Screamin' Sicilian Original Holy Pepperoni Frozen Pizza, 22.3 oz",Screamin' Sicilian,6.98,6.98,22.3,,2022-09-11 21:20:04,16494051
330248,66062,Frozen,"Frozen Pizza, Pasta, & Breads",Shop all,"Frozen/Frozen Pizza, Pasta, & Breads",10293063,https://www.walmart.com/ip/California-Pizza-Kitchen-Cheese-Crispy-Thin-Crust-Pizza-13-5-oz-Frozen/10293063?fulfillmentIntent=Pickup,"California Pizza Kitchen Cheese, Crispy Thin Crust Pizza, 13.5 oz (Frozen)",California Pizza Kitchen,7.48,7.48,13.5,,2022-09-11 21:20:04,16494052
330250,66062,Frozen,"Frozen Pizza, Pasta, & Breads",Shop all,"Frozen/Frozen Pizza, Pasta, & Breads",10996983,https://www.walmart.com/ip/Pepperidge-Farm-Frozen-5-Cheese-Garlic-Bread-11-75-oz-Bag/10996983?fulfillmentIntent=Pickup,"Pepperidge Farm Frozen 5 Cheese Garlic Bread, 11.75 oz. Bag",Pepperidge Farm,3.47,3.47,11.75,,2022-09-11 21:20:04,16494054
330251,66062,Frozen,"Frozen Pizza, Pasta, & Breads",Shop all,"Frozen/Frozen Pizza, Pasta, & Breads",255534469,https://www.walmart.com/ip/Cinnabon-Cinnamon-Frosted-Cinna-Sweet-Swirls-14-4-oz-6-Count/255534469?fulfillmentIntent=Pickup,"Cinnabon Cinnamon Frosted Cinna Sweet Swirls, 14.4 oz, 6 Count",Cinnabon,9.24,9.24,14.4,,2022-09-11 21:20:04,16494055
330252,66062,Frozen,"Frozen Pizza, Pasta, & Breads",Shop all,"Frozen/Frozen Pizza, Pasta, & Breads",832002333,https://www.walmart.com/ip/Great-Value-Pizza-Snack-Roll-Pepperoni-65-oz-130-Count/832002333?fulfillmentIntent=Pickup,"Great Value Pizza Snack Roll, Pepperoni, 65 oz, 130 Count",Great Value,9.18,9.18,65,,2022-09-11 21:20:04,16494056
330253,66062,Frozen,"Frozen Pizza, Pasta, & Breads",Shop all,"Frozen/Frozen Pizza, Pasta, & Breads",546323461,https://www.walmart.com/ip/DiGiorno-Four-Cheese-Croissant-Crust-Pizza-25-3-oz-Frozen/546323461?fulfillmentIntent=Pickup,"DiGiorno Four Cheese, Croissant Crust Pizza, 25.3 oz (Frozen)",DiGiorno,7.48,7.48,25.3,,2022-09-11 21:20:04,16494057
330254,66062,Frozen,"Frozen Pizza, Pasta, & Breads",Shop all,"Frozen/Frozen Pizza, Pasta, & Breads",761419570,https://www.walmart.com/ip/CAULIPOWER-Uncured-Pepperoni-Stone-fired-Cauliflower-Crust-Pizza-11-3oz-Box-Frozen/761419570?fulfillmentIntent=Pickup,"CAULIPOWER Uncured Pepperoni Stone-fired Cauliflower Crust Pizza, 11.3oz Box (Frozen)",CAULIPOWER,7.18,7.18,11.3,,2022-09-11 21:20:04,16494058
330255,66062,Frozen,"Frozen Pizza, Pasta, & Breads",Shop all,"Frozen/Frozen Pizza, Pasta, & Breads",195607890,https://www.walmart.com/ip/Zatarain-s-Frozen-Meal-Blackened-Chicken-Alfredo-40-oz/195607890?fulfillmentIntent=Pickup,"Zatarain's Frozen Meal - Blackened Chicken Alfredo, 40 oz",Zatarain's,10.98,10.98,40,,2022-09-11 21:20:04,16494059
330256,66062,Frozen,"Frozen Pizza, Pasta, & Breads",Shop all,"Frozen/Frozen Pizza, Pasta, & Breads",48575084,https://www.walmart.com/ip/Evol-Portabella-Goat-Cheese-Ravioli-8-75oz-Box-Frozen/48575084?fulfillmentIntent=Pickup,"Evol Portabella & Goat Cheese Ravioli, 8.75oz Box (Frozen)",Evol,3.94,3.94,8.75,,2022-09-11 21:20:04,16494060
330259,66062,Frozen,"Frozen Pizza, Pasta, & Breads",Shop all,"Frozen/Frozen Pizza, Pasta, & Breads",10805205,https://www.walmart.com/ip/T-Marzetti-Sister-Schuberts-Warm-Serve-Yeast-Rolls-11-oz/10805205?fulfillmentIntent=Pickup,"T Marzetti Sister Schuberts Warm & Serve Yeast Rolls, 11 oz",Sister Schubert's,4.0,4.0,11,,2022-09-11 21:20:04,16494063
330260,66062,Frozen,"Frozen Pizza, Pasta, & Breads",Shop all,"Frozen/Frozen Pizza, Pasta, & Breads",11964955,https://www.walmart.com/ip/Rhodes-Bake-N-Serve-Yeast-Dinner-Rolls-6-lbs-72-Count-Frozen/11964955?fulfillmentIntent=Pickup,"Rhodes Bake N Serve Yeast Dinner Rolls, 6 lbs, 72 Count (Frozen)",RHODES,8.13,8.13,6,,2022-09-11 21:20:04,16494064
330263,66062,Frozen,"Frozen Pizza, Pasta, & Breads",Shop all,"Frozen/Frozen Pizza, Pasta, & Breads",424897989,https://www.walmart.com/ip/FG-Blueberry-Banana-Nut-Muffins-12-oz-12-Count/424897989?fulfillmentIntent=Pickup,"FG Blueberry & Banana Nut Muffins, 12 oz, 12 Count",Freshness Guaranteed,3.98,3.98,12,,2022-09-11 21:20:04,16494067
330386,66062,Frozen,"Frozen Pizza, Pasta, & Breads",Shop all,"Frozen/Frozen Pizza, Pasta, & Breads",15056047,https://www.walmart.com/ip/Amy-s-Margherita-Frozen-Pizza-Full-Size-13oz-Box-Frozen/15056047?fulfillmentIntent=Pickup,"Amy's Margherita Frozen Pizza, Full Size, 13oz Box (Frozen)",Amy's Kitchen,8.42,8.42,13,,2022-09-11 21:20:04,16494190
330387,66062,Frozen,"Frozen Pizza, Pasta, & Breads",Shop all,"Frozen/Frozen Pizza, Pasta, & Breads",271154553,https://www.walmart.com/ip/Birds-Eye-Veggie-Made-Mac-Cheedar-Cheese-Frozen-10-oz/271154553?fulfillmentIntent=Pickup,"Birds Eye Veggie Made Mac & Cheedar Cheese, Frozen, 10 oz",Birdseye,3.34,3.34,10,,2022-09-11 21:20:04,16494191
330389,66062,Frozen,"Frozen Pizza, Pasta, & Breads",Shop all,"Frozen/Frozen Pizza, Pasta, & Breads",961540114,https://www.walmart.com/ip/CAULIPOWER-Gluten-Free-Linguine-Cauliflower-Pasta-8-8-Oz/961540114?fulfillmentIntent=Pickup,"CAULIPOWER Gluten-Free Linguine Cauliflower Pasta, 8.8 Oz",CAULIPOWER,3.77,3.77,8.8,,2022-09-11 21:20:04,16494193
330390,66062,Frozen,"Frozen Pizza, Pasta, & Breads",Shop all,"Frozen/Frozen Pizza, Pasta, & Breads",10805048,https://www.walmart.com/ip/New-York-Bakery-Garlic-Texas-Toast-22-5-oz-16-Ct-Frozen/10805048?fulfillmentIntent=Pickup,"New York Bakery Garlic Texas Toast, 22.5 oz, 16 Ct (Frozen)",New York Bakery,5.2,5.2,22.5,,2022-09-11 21:20:04,16494194
330391,66062,Frozen,"Frozen Pizza, Pasta, & Breads",Shop all,"Frozen/Frozen Pizza, Pasta, & Breads",200572746,https://www.walmart.com/ip/Red-Baron-Stuffed-Crust-Pepperoni-Pizza-20-71-oz/200572746?fulfillmentIntent=Pickup,"Red Baron Stuffed Crust Pepperoni Pizza, 20.71 oz",Red Baron,7.92,7.92,20.71,,2022-09-11 21:20:04,16494195
330392,66062,Frozen,"Frozen Pizza, Pasta, & Breads",Shop all,"Frozen/Frozen Pizza, Pasta, & Breads",105235150,https://www.walmart.com/ip/Great-Value-Cauliflower-Crust-Margherita/105235150?fulfillmentIntent=Pickup,Great Value Cauliflower Crust Margherita,Great Value,6.68,6.68,,,2022-09-11 21:20:04,16494196
330396,66062,Frozen,"Frozen Pizza, Pasta, & Breads",Shop all,"Frozen/Frozen Pizza, Pasta, & Breads",10805036,https://www.walmart.com/ip/New-York-Bakery-The-Original-Texas-Toast-With-Real-Cheese-8-CT/10805036?fulfillmentIntent=Pickup,New York Bakery The Original Texas Toast With Real Cheese - 8 CT,New York Bakery,4.28,4.28,8,,2022-09-11 21:20:04,16494200
330397,66062,Frozen,"Frozen Pizza, Pasta, & Breads",Shop all,"Frozen/Frozen Pizza, Pasta, & Breads",108153301,https://www.walmart.com/ip/Daiya-Dairy-Free-Fire-Roasted-Vegetable-Gluten-Free-Pizza-17-4oz-Frozen/108153301?fulfillmentIntent=Pickup&athbdg=L1300,Daiya Dairy Free Fire Roasted Vegetable Gluten Free Pizza - 17.4oz (Frozen),Daiya,6.94,6.24,17.4,,2022-09-11 21:20:04,16494201
330399,66062,Frozen,"Frozen Pizza, Pasta, & Breads",Shop all,"Frozen/Frozen Pizza, Pasta, & Breads",563707551,https://www.walmart.com/ip/California-Pizza-Kitchen-Pepperoni-Mushroom-Sausage-Crispy-Thin-Cauliflower-Crust-Pizza-12-4-oz-Frozen/563707551?fulfillmentIntent=Pickup,"California Pizza Kitchen Pepperoni, Mushroom & Sausage, Crispy Thin Cauliflower Crust Pizza, 12.4 oz (Frozen)",California Pizza Kitchen,8.62,8.62,12.4,,2022-09-11 21:20:04,16494203
330400,66062,Frozen,"Frozen Pizza, Pasta, & Breads",Shop all,"Frozen/Frozen Pizza, Pasta, & Breads",346806905,https://www.walmart.com/ip/Great-Value-Garlic-Cheese-Loaf-12-oz/346806905?fulfillmentIntent=Pickup,"Great Value Garlic Cheese Loaf, 12 oz",Great Value,2.37,2.37,12,,2022-09-11 21:20:04,16494204
330401,66062,Frozen,"Frozen Pizza, Pasta, & Breads",Shop all,"Frozen/Frozen Pizza, Pasta, & Breads",638364431,https://www.walmart.com/ip/CAULIPOWER-Gluten-Free-Italian-Sausage-Vegetables-Pizza-11-55oz-Box-Frozen/638364431?fulfillmentIntent=Pickup,"CAULIPOWER Gluten Free Italian Sausage & Vegetables Pizza, 11.55oz Box (Frozen)",CAULIPOWER,7.18,7.18,11.55,,2022-09-11 21:20:04,16494205
330402,66062,Frozen,"Frozen Pizza, Pasta, & Breads",Shop all,"Frozen/Frozen Pizza, Pasta, & Breads",10452830,https://www.walmart.com/ip/Pepperidge-Farm-Jewish-Pumpernickel-Dark-Pump-Bread-16-oz-Loaf/10452830?fulfillmentIntent=Pickup,"Pepperidge Farm Jewish Pumpernickel Dark Pump Bread, 16 oz. Loaf",Pepperidge Farm,4.38,4.38,16,,2022-09-11 21:20:04,16494206
330403,66062,Frozen,"Frozen Pizza, Pasta, & Breads",Shop all,"Frozen/Frozen Pizza, Pasta, & Breads",129953696,https://www.walmart.com/ip/Great-Value-Cauliflower-Crust-Pizza-Pepperoni-12-1-oz/129953696?fulfillmentIntent=Pickup,"Great Value Cauliflower Crust Pizza, Pepperoni, 12.1 oz",Great Value,6.68,6.68,12.1,,2022-09-11 21:20:04,16494207
330404,66062,Frozen,"Frozen Pizza, Pasta, & Breads",Shop all,"Frozen/Frozen Pizza, Pasta, & Breads",824205700,https://www.walmart.com/ip/Marketside-Take-and-Bake-Pizza-Large-Cheese-Stuffed-Crust-Pepperoni-46-oz/824205700?fulfillmentIntent=Pickup,"Marketside Take and Bake Pizza, Large, Cheese-Stuffed Crust Pepperoni, 46 oz",Marketside,9.0,9.0,46,,2022-09-11 21:20:04,16494208
330406,66062,Frozen,"Frozen Pizza, Pasta, & Breads",Shop all,"Frozen/Frozen Pizza, Pasta, & Breads",875388914,https://www.walmart.com/ip/Daiya-Dairy-Free-Meatless-Meat-Lover-s-Gluten-Free-Pizza-19-1-oz-Frozen/875388914?fulfillmentIntent=Pickup&athbdg=L1300,Daiya Dairy Free Meatless Meat Lover's Gluten Free Pizza - 19.1 oz (Frozen),Daiya,6.94,6.24,19.1,,2022-09-11 21:20:04,16494210
330408,66062,Frozen,"Frozen Pizza, Pasta, & Breads",Shop all,"Frozen/Frozen Pizza, Pasta, & Breads",10452831,https://www.walmart.com/ip/Pepperidge-Farm-Jewish-Rye-Seeded-Bread-16-oz-Bag/10452831?fulfillmentIntent=Pickup,"Pepperidge Farm Jewish Rye Seeded Bread, 16 oz. Bag",Pepperidge Farm,4.38,4.38,16,,2022-09-11 21:20:04,16494212
330409,66062,Frozen,"Frozen Pizza, Pasta, & Breads",Shop all,"Frozen/Frozen Pizza, Pasta, & Breads",541945647,https://www.walmart.com/ip/CAULIPOWER-Cauliflower-Pizza-Crusts-11oz-2-CT-Box-Frozen/541945647?fulfillmentIntent=Pickup,"CAULIPOWER Cauliflower Pizza Crusts, 11oz, 2 CT Box (Frozen)",CAULIPOWER,6.66,6.66,11,,2022-09-11 21:20:04,16494213
330410,66062,Frozen,"Frozen Pizza, Pasta, & Breads",Shop all,"Frozen/Frozen Pizza, Pasta, & Breads",359680742,https://www.walmart.com/ip/CAULIPOWER-Gluten-Free-Pappardelle-Cauliflower-Pasta-8-8-Oz/359680742?fulfillmentIntent=Pickup,"CAULIPOWER Gluten-Free Pappardelle Cauliflower Pasta, 8.8 Oz",CAULIPOWER,3.43,3.43,8.8,,2022-09-11 21:20:04,16494214
330412,66062,Frozen,"Frozen Pizza, Pasta, & Breads",Shop all,"Frozen/Frozen Pizza, Pasta, & Breads",196260377,https://www.walmart.com/ip/Food-for-Life-Ezekiel-4-9-Sprouted-Whole-Grain-Bread-24oz-20-CT-Bag-Frozen/196260377?fulfillmentIntent=Pickup,"Food for Life Ezekiel 4:9 Sprouted Whole Grain Bread, 24oz, 20 CT Bag (Frozen)",Food for Life,7.18,7.18,24,,2022-09-11 21:20:04,16494216
330413,66062,Frozen,"Frozen Pizza, Pasta, & Breads",Shop all,"Frozen/Frozen Pizza, Pasta, & Breads",254979420,https://www.walmart.com/ip/Freshness-Guaranteed-Yeasty-Dinner-Rolls-16-oz-12-Ct/254979420?fulfillmentIntent=Pickup,"Freshness Guaranteed Yeasty Dinner Rolls, 16 oz, 12 Ct",Freshness Guaranteed,3.24,3.24,16,,2022-09-11 21:20:04,16494217
330414,66062,Frozen,"Frozen Pizza, Pasta, & Breads",Shop all,"Frozen/Frozen Pizza, Pasta, & Breads",47183368,https://www.walmart.com/ip/FRESCHETTA-Gluten-Free-Four-Cheese-Pizza-17-5-oz/47183368?fulfillmentIntent=Pickup,"FRESCHETTA Gluten Free Four Cheese Pizza, 17.5 oz",FRESCHETTA,9.98,9.98,17.5,,2022-09-11 21:20:04,16494218
330415,66062,Frozen,"Frozen Pizza, Pasta, & Breads",Shop all,"Frozen/Frozen Pizza, Pasta, & Breads",631331370,https://www.walmart.com/ip/Quest-Thin-Crust-Pizza-Uncured-Pepperoni/631331370?fulfillmentIntent=Pickup,Quest Thin Crust Pizza  Uncured Pepperoni,Quest Nutrition,8.52,8.52,,,2022-09-11 21:20:04,16494219
330416,66062,Frozen,"Frozen Pizza, Pasta, & Breads",Shop all,"Frozen/Frozen Pizza, Pasta, & Breads",316940530,https://www.walmart.com/ip/Marketside-Gluten-Free-Cauliflower-Crust-Margherita-Pizza-15-9-oz/316940530?fulfillmentIntent=Pickup,"Marketside Gluten Free Cauliflower Crust Margherita Pizza, 15.9 oz",Marketside,8.5,8.5,15.9,,2022-09-11 21:20:04,16494220
330417,66062,Frozen,"Frozen Pizza, Pasta, & Breads",Shop all,"Frozen/Frozen Pizza, Pasta, & Breads",46921301,https://www.walmart.com/ip/Amy-s-Cheese-Frozen-Pizza-Full-Size-13oz-Box-Frozen/46921301?fulfillmentIntent=Pickup,"Amy's Cheese Frozen Pizza - Full Size, 13oz Box (Frozen)",Amy's Kitchen,8.42,8.42,13,,2022-09-11 21:20:04,16494221
330419,66062,Frozen,"Frozen Pizza, Pasta, & Breads",Shop all,"Frozen/Frozen Pizza, Pasta, & Breads",147862230,https://www.walmart.com/ip/Daiya-Dairy-Free-Supreme-Gluten-Free-Pizza-19-4-oz-Frozen/147862230?fulfillmentIntent=Pickup&athbdg=L1300,Daiya Dairy Free Supreme Gluten Free Pizza - 19.4 oz (Frozen),Daiya,6.94,6.24,19.4,,2022-09-11 21:20:04,16494223
330420,66062,Frozen,"Frozen Pizza, Pasta, & Breads",Shop all,"Frozen/Frozen Pizza, Pasta, & Breads",47183367,https://www.walmart.com/ip/FRESCHETTA-Gluten-Free-Pepperoni-Pizza-17-78-oz/47183367?fulfillmentIntent=Pickup,"FRESCHETTA Gluten Free Pepperoni Pizza, 17.78 oz",FRESCHETTA,9.98,9.98,17.78,,2022-09-11 21:20:04,16494224
330421,66062,Frozen,"Frozen Pizza, Pasta, & Breads",Shop all,"Frozen/Frozen Pizza, Pasta, & Breads",741521404,https://www.walmart.com/ip/Extraordinary-Bites-Keto-White-Bread-23oz-21-CT-Bag-Frozen/741521404?fulfillmentIntent=Pickup,"Extraordinary Bites Keto White Bread, 23oz, 21 CT Bag (Frozen)",Extraordinary Bites,5.1,5.1,23,,2022-09-11 21:20:04,16494225
330422,66062,Frozen,"Frozen Pizza, Pasta, & Breads",Shop all,"Frozen/Frozen Pizza, Pasta, & Breads",575623053,https://www.walmart.com/ip/Cali-flour-Foods-Cauliflower-Pizza-Crust-Original-Italian-9-75-oz-2-Crusts/575623053?fulfillmentIntent=Pickup,"Cali'flour Foods Cauliflower Pizza Crust, Original Italian, 9.75 oz, 2 Crusts",Califlour Foods,9.96,9.96,9.75,,2022-09-11 21:20:04,16494226
330423,66062,Frozen,"Frozen Pizza, Pasta, & Breads",Shop all,"Frozen/Frozen Pizza, Pasta, & Breads",456434412,https://www.walmart.com/ip/Garden-Lites-Veggies-Made-Great-Double-Chocolate-Muffin-12oz-6-CT-Box-Frozen/456434412?fulfillmentIntent=Pickup,"Garden Lites Veggies Made Great Double Chocolate Muffin, 12oz, 6 CT Box (Frozen)",Garden Lites Veggies Made Great,6.94,6.94,12,,2022-09-11 21:20:04,16494227
330424,66062,Frozen,"Frozen Pizza, Pasta, & Breads",Shop all,"Frozen/Frozen Pizza, Pasta, & Breads",498215771,https://www.walmart.com/ip/Sonoma-Flatbreads-Gluten-Free-Pepperoni-Pizza-11-42oz-Box-Frozen/498215771?fulfillmentIntent=Pickup,"Sonoma Flatbreads Gluten Free Pepperoni Pizza, 11.42oz Box (Frozen)",Sonoma Flatbreads,6.0,6.0,11.42,,2022-09-11 21:20:04,16494228
330864,66062,Frozen,"Frozen Pizza, Pasta, & Breads",Shop all,"Frozen/Frozen Pizza, Pasta, & Breads",979633783,https://www.walmart.com/ip/Garden-Lites-Veggies-Made-Great-Blueberry-Oat-Muffin-12oz-6-CT-Box-Frozen/979633783?fulfillmentIntent=Pickup,"Garden Lites Veggies Made Great Blueberry Oat Muffin, 12oz, 6 CT Box (Frozen)",Garden Lites Veggies Made Great,6.94,6.94,12,,2022-09-11 21:20:04,16494668
330865,66062,Frozen,"Frozen Pizza, Pasta, & Breads",Shop all,"Frozen/Frozen Pizza, Pasta, & Breads",686683837,https://www.walmart.com/ip/Daiya-Dairy-Free-Meatless-Pepperoni-Gluten-Free-Pizza-16-7oz-Frozen/686683837?fulfillmentIntent=Pickup&athbdg=L1300,Daiya Dairy Free Meatless Pepperoni Gluten Free Pizza - 16.7oz (Frozen),Daiya,6.94,6.24,16.7,,2022-09-11 21:20:04,16494669
330866,66062,Frozen,"Frozen Pizza, Pasta, & Breads",Shop all,"Frozen/Frozen Pizza, Pasta, & Breads",256990161,https://www.walmart.com/ip/Quest-Thin-Crust-Pizza-Supreme/256990161?fulfillmentIntent=Pickup,Quest Thin Crust Pizza  Supreme,Quest Nutrition,6.44,6.44,,,2022-09-11 21:20:04,16494670
330867,66062,Frozen,"Frozen Pizza, Pasta, & Breads",Shop all,"Frozen/Frozen Pizza, Pasta, & Breads",488509439,https://www.walmart.com/ip/Udi-s-Gluten-Free-Blueberry-Muffins-10-Oz-4-Ct/488509439?fulfillmentIntent=Pickup,"Udi's Gluten Free Blueberry Muffins, 10 Oz, 4 Ct",Udi's,5.72,5.72,10,,2022-09-11 21:20:04,16494671
330868,66062,Frozen,"Frozen Pizza, Pasta, & Breads",Shop all,"Frozen/Frozen Pizza, Pasta, & Breads",966154603,https://www.walmart.com/ip/Banza-Four-Cheese-Chickpea-Crust-Pizza-10-9-Oz-Frozen/966154603?fulfillmentIntent=Pickup,"Banza Four Cheese Chickpea Crust Pizza, 10.9 Oz (Frozen)",Banza,9.13,9.13,10.9,,2022-09-11 21:20:04,16494672
330870,66062,Frozen,"Frozen Pizza, Pasta, & Breads",Shop all,"Frozen/Frozen Pizza, Pasta, & Breads",197909554,https://www.walmart.com/ip/Food-for-Life-Ezekiel-4-9-Sprouted-Whole-Grain-English-Muffins-16oz-6-CT-Tray-Frozen/197909554?fulfillmentIntent=Pickup,"Food for Life Ezekiel 4:9 Sprouted Whole Grain English Muffins, 16oz, 6 CT Tray (Frozen)",Ezekiel 4:9,5.32,5.32,16,,2022-09-11 21:20:04,16494674
330871,66062,Frozen,"Frozen Pizza, Pasta, & Breads",Shop all,"Frozen/Frozen Pizza, Pasta, & Breads",48575071,https://www.walmart.com/ip/Udi-s-Gluten-Free-Three-Cheese-Ravioli-18-Oz/48575071?fulfillmentIntent=Pickup,"Udi's Gluten Free Three Cheese Ravioli, 18 Oz",Udi's,7.72,7.72,18,,2022-09-11 21:20:04,16494675
330872,66062,Frozen,"Frozen Pizza, Pasta, & Breads",Shop all,"Frozen/Frozen Pizza, Pasta, & Breads",111452217,https://www.walmart.com/ip/Food-for-Life-Ezekiel-4-9-Sprouted-Sesame-Bread-24oz-20-CT-Bag-Frozen/111452217?fulfillmentIntent=Pickup,"Food for Life Ezekiel 4:9 Sprouted Sesame Bread, 24oz, 20 CT Bag (Frozen)",Food for Life,7.18,7.18,24,,2022-09-11 21:20:04,16494676
330873,66062,Frozen,"Frozen Pizza, Pasta, & Breads",Shop all,"Frozen/Frozen Pizza, Pasta, & Breads",186888761,https://www.walmart.com/ip/Food-for-Life-Ezekiel-Cinnamon-Raisin-Bread-24oz-20-CT-Bag-Frozen/186888761?fulfillmentIntent=Pickup,"Food for Life Ezekiel Cinnamon Raisin Bread, 24oz, 20 CT Bag (Frozen)",Food for Life,7.3,7.3,24,,2022-09-11 21:20:04,16494677
330874,66062,Frozen,"Frozen Pizza, Pasta, & Breads",Shop all,"Frozen/Frozen Pizza, Pasta, & Breads",218998415,https://www.walmart.com/ip/Extraordinary-Bites-Wheat-Bread/218998415?fulfillmentIntent=Pickup,Extraordinary Bites Wheat Bread,Extraordinary Bites,5.1,5.1,,,2022-09-11 21:20:04,16494678
330876,66062,Frozen,"Frozen Pizza, Pasta, & Breads",Shop all,"Frozen/Frozen Pizza, Pasta, & Breads",43876514,https://www.walmart.com/ip/Udi-s-Gluten-Free-Grilled-Chicken-Alfredo-18-Oz/43876514?fulfillmentIntent=Pickup,"Udi's Gluten Free Grilled Chicken Alfredo, 18 Oz",Udi's,7.72,7.72,18,,2022-09-11 21:20:04,16494680
330878,66062,Frozen,"Frozen Pizza, Pasta, & Breads",Shop all,"Frozen/Frozen Pizza, Pasta, & Breads",558004845,https://www.walmart.com/ip/2-Pack-Banza-Pizza-Crust-13-4-Oz/558004845?fulfillmentIntent=Pickup,"(2 Pack) Banza Pizza Crust, 13.4 Oz",Banza,9.13,9.13,13.4,,2022-09-11 21:20:04,16494682
330879,66062,Frozen,"Frozen Pizza, Pasta, & Breads",Shop all,"Frozen/Frozen Pizza, Pasta, & Breads",169886822,https://www.walmart.com/ip/Canyon-Bakehouse-Mountain-White-Bread-Gluten-Free-Bread-100-Whole-Grain-Frozen-18-oz-Loaf/169886822?fulfillmentIntent=Pickup,"Canyon Bakehouse Mountain White Bread, Gluten Free Bread, 100% Whole Grain, Frozen, 18 oz Loaf",Canyon Bakehouse,6.38,6.38,18,,2022-09-11 21:20:04,16494683
330880,66062,Frozen,"Frozen Pizza, Pasta, & Breads",Shop all,"Frozen/Frozen Pizza, Pasta, & Breads",304088547,https://www.walmart.com/ip/Banza-Gluten-Free-Elbow-Chickpea-Mac-Cheddar-Cheese-Pasta-5-5-Oz/304088547?fulfillmentIntent=Pickup,"Banza Gluten-Free Elbow Chickpea Mac & Cheddar Cheese Pasta, 5.5 Oz",Banza,2.96,2.96,5.5,,2022-09-11 21:20:04,16494684
330881,66062,Frozen,"Frozen Pizza, Pasta, & Breads",Shop all,"Frozen/Frozen Pizza, Pasta, & Breads",598387598,https://www.walmart.com/ip/Canyon-Bakehouse-Country-White-Gluten-Free-Bread-100-Whole-Grain-Sandwich-Bread-Fresh-15-oz-Loaf/598387598?fulfillmentIntent=Pickup,"Canyon Bakehouse Country White Gluten Free Bread, 100% Whole Grain Sandwich Bread, Fresh, 15 oz Loaf",Canyon Bakehouse,5.74,5.74,15,,2022-09-11 21:20:04,16494685
330882,66062,Frozen,"Frozen Pizza, Pasta, & Breads",Shop all,"Frozen/Frozen Pizza, Pasta, & Breads",978204760,https://www.walmart.com/ip/Udi-s-Gluten-Free-Whole-Grain-Sandwich-Bread-18oz-12-CT-Bag-Frozen/978204760?fulfillmentIntent=Pickup,"Udi's Gluten Free Whole Grain Sandwich Bread, 18oz, 12 CT Bag (Frozen)",Udi's,5.72,5.72,18,,2022-09-11 21:20:04,16494686
330883,66062,Frozen,"Frozen Pizza, Pasta, & Breads",Shop all,"Frozen/Frozen Pizza, Pasta, & Breads",173458592,https://www.walmart.com/ip/EZEKIEL-FOOD-FOR-LIFE-LOW-SODIUM-SPROUTED-WHOLE-GRAIN-BREAD/173458592?fulfillmentIntent=Pickup,EZEKIEL: FOOD FOR LIFE LOW SODIUM SPROUTED WHOLE GRAIN BREAD,Food for Life,7.18,7.18,,,2022-09-11 21:20:04,16494687
330884,66062,Frozen,"Frozen Pizza, Pasta, & Breads",Shop all,"Frozen/Frozen Pizza, Pasta, & Breads",35824694,https://www.walmart.com/ip/Schar-Gluten-Free-Artisan-Baker-White-Bread-14-1-oz/35824694?fulfillmentIntent=Pickup,"Schar Gluten Free Artisan Baker White Bread, 14.1 oz",Schar,5.54,5.54,14.1,,2022-09-11 21:20:04,16494688
330885,66062,Frozen,"Frozen Pizza, Pasta, & Breads",Shop all,"Frozen/Frozen Pizza, Pasta, & Breads",975790663,https://www.walmart.com/ip/Udi-s-Gluten-Free-Delicious-Soft-White-Sandwich-Bread-Frozen-18-oz/975790663?fulfillmentIntent=Pickup,"Udi's Gluten Free Delicious Soft White Sandwich Bread, Frozen, 18 oz.",Udi's,5.72,5.72,18,,2022-09-11 21:20:04,16494689
330886,66062,Frozen,"Frozen Pizza, Pasta, & Breads",Shop all,"Frozen/Frozen Pizza, Pasta, & Breads",14089285,https://www.walmart.com/ip/Home-Run-Inn-Classic-Sausage-Frozen-Pizza-30-oz/14089285?fulfillmentIntent=Pickup,"Home Run Inn Classic Sausage Frozen Pizza, 30 oz",Home Run Inn,7.33,7.33,30,,2022-09-11 21:20:04,16494690
330887,66062,Frozen,"Frozen Pizza, Pasta, & Breads",Shop all,"Frozen/Frozen Pizza, Pasta, & Breads",116796470,https://www.walmart.com/ip/Beefsteak-Soft-Rye-Bread-18-oz/116796470?fulfillmentIntent=Pickup,"Beefsteak Soft Rye Bread, 18 oz",Beefsteak,3.72,3.72,18,,2022-09-11 21:20:04,16494691
330888,66062,Frozen,"Frozen Pizza, Pasta, & Breads",Shop all,"Frozen/Frozen Pizza, Pasta, & Breads",123169044,https://www.walmart.com/ip/Quest-Thin-Crust-Pizza-4-Cheese/123169044?fulfillmentIntent=Pickup,Quest Thin Crust Pizza  4-Cheese,Quest Nutrition,8.52,8.52,,,2022-09-11 21:20:04,16494692
330889,66062,Frozen,"Frozen Pizza, Pasta, & Breads",Shop all,"Frozen/Frozen Pizza, Pasta, & Breads",983079677,https://www.walmart.com/ip/Red-Baron-Fully-Loaded-Pepperoni-Pizza/983079677?fulfillmentIntent=Pickup,Red Baron Fully Loaded Pepperoni Pizza,Red Baron,7.92,7.92,,,2022-09-11 21:20:04,16494693
330890,66062,Frozen,"Frozen Pizza, Pasta, & Breads",Shop all,"Frozen/Frozen Pizza, Pasta, & Breads",987532998,https://www.walmart.com/ip/Against-The-Grain-Gluten-Free-Pizza-Pepperoni-Frozen-Pizza-10-inch-15-oz/987532998?fulfillmentIntent=Pickup,"Against The Grain Gluten Free Pizza, Pepperoni Frozen Pizza, 10-inch, 15 oz.",Against the Grain Gourmet,10.46,10.46,15,,2022-09-11 21:20:04,16494694
330891,66062,Frozen,"Frozen Pizza, Pasta, & Breads",Shop all,"Frozen/Frozen Pizza, Pasta, & Breads",645684166,https://www.walmart.com/ip/Palermos-Rising-Crust-Pepperoni-Frozen-Pizza-30-0-oz/645684166?fulfillmentIntent=Pickup,"Palermos Rising Crust Pepperoni Frozen Pizza, 30.0 oz",Palermo's,4.98,4.98,30.0,,2022-09-11 21:20:04,16494695
330894,66062,Frozen,"Frozen Pizza, Pasta, & Breads",Shop all,"Frozen/Frozen Pizza, Pasta, & Breads",527663056,https://www.walmart.com/ip/DiGiorno-Chicken-Bacon-Ranch-Stuffed-Crust-Pizza-21-9-oz-Frozen/527663056?fulfillmentIntent=Pickup,"DiGiorno Chicken Bacon Ranch, Stuffed Crust Pizza, 21.9 oz (Frozen)",DiGiorno,9.28,9.28,21.9,,2022-09-11 21:20:04,16494698
330896,66062,Frozen,"Frozen Pizza, Pasta, & Breads",Shop all,"Frozen/Frozen Pizza, Pasta, & Breads",21274635,https://www.walmart.com/ip/Amy-s-Spinach-Pizza-Full-Size-14oz-Box-Frozen/21274635?fulfillmentIntent=Pickup,"Amy's Spinach Pizza, Full Size, 14oz Box (Frozen)",Amy's Kitchen,8.42,8.42,14,,2022-09-11 21:20:04,16494700
330897,66062,Frozen,"Frozen Pizza, Pasta, & Breads",Shop all,"Frozen/Frozen Pizza, Pasta, & Breads",919222661,https://www.walmart.com/ip/Palermo-s-Rising-Crust-4-Cheese-Frozen-Pizza-30-3-oz/919222661?fulfillmentIntent=Pickup,"Palermo's Rising Crust 4 Cheese Frozen Pizza, 30.3 oz",Palermo's,4.98,4.98,30.3,,2022-09-11 21:20:04,16494701
330898,66062,Frozen,"Frozen Pizza, Pasta, & Breads",Shop all,"Frozen/Frozen Pizza, Pasta, & Breads",747331992,https://www.walmart.com/ip/Julian-s-Recipe-Traditional-Butter-Garlic-Artisan-Baguette-TWIN-PACK/747331992?fulfillmentIntent=Pickup,Julian's Recipe Traditional Butter & Garlic Artisan Baguette - TWIN PACK,Julian’s Recipe,4.48,4.48,,,2022-09-11 21:20:04,16494702
330899,66062,Frozen,"Frozen Pizza, Pasta, & Breads",Shop all,"Frozen/Frozen Pizza, Pasta, & Breads",609541142,https://www.walmart.com/ip/Red-Baron-Stuffed-Crust-Meat-Trio-Pizza-21-90-oz/609541142?fulfillmentIntent=Pickup,"Red Baron Stuffed Crust Meat-Trio Pizza, 21.90 oz",Red Baron,7.92,7.92,21.90,,2022-09-11 21:20:04,16494703
330900,66062,Frozen,"Frozen Pizza, Pasta, & Breads",Shop all,"Frozen/Frozen Pizza, Pasta, & Breads",755450887,https://www.walmart.com/ip/Palermo-s-Rising-Crust-Hawaiian-Style-Frozen-Pizza-30-2-oz/755450887?fulfillmentIntent=Pickup,Palermo's Rising Crust Hawaiian Style Frozen Pizza 30.2 oz,Palermo's,4.98,4.98,30.2,,2022-09-11 21:20:04,16494704
330901,66062,Frozen,"Frozen Pizza, Pasta, & Breads",Shop all,"Frozen/Frozen Pizza, Pasta, & Breads",927784229,https://www.walmart.com/ip/Screamin-Sicilian-Original-Mother-of-Meat-Frozen-Pizza-23-4-oz/927784229?fulfillmentIntent=Pickup,"Screamin' Sicilian Original Mother of Meat Frozen Pizza, 23.4 oz",Screamin' Sicilian,6.98,6.98,23.4,,2022-09-11 21:20:04,16494705
330902,66062,Frozen,"Frozen Pizza, Pasta, & Breads",Shop all,"Frozen/Frozen Pizza, Pasta, & Breads",191543810,https://www.walmart.com/ip/Against-The-Grain-Gluten-Free-Pizza-Three-Cheese-Frozen-Pizza-10-inch-15-oz/191543810?fulfillmentIntent=Pickup,"Against The Grain Gluten Free Pizza, Three Cheese Frozen Pizza,10-inch, 15 oz.",Against the Grain Gourmet,10.46,10.46,15,,2022-09-11 21:20:04,16494706
330903,66062,Frozen,"Frozen Pizza, Pasta, & Breads",Shop all,"Frozen/Frozen Pizza, Pasta, & Breads",173116395,https://www.walmart.com/ip/Daiya-Dairy-Free-Margherita-Gluten-Free-Pizza-16-3-Oz-Frozen/173116395?fulfillmentIntent=Pickup&athbdg=L1300,Daiya Dairy Free Margherita Gluten Free Pizza - 16.3 Oz (Frozen),Daiya,6.94,6.24,16.3,,2022-09-11 21:20:04,16494707
330972,66062,Frozen,"Frozen Pizza, Pasta, & Breads",Shop all,"Frozen/Frozen Pizza, Pasta, & Breads",225768619,https://www.walmart.com/ip/Canyon-Bakehouse-Burger-Buns-Gluten-Free-Hamburger-Buns-100-Whole-Grain-Fresh-4-Count/225768619?fulfillmentIntent=Pickup,"Canyon Bakehouse Burger Buns, Gluten Free Hamburger Buns, 100% Whole Grain, Fresh, 4 Count",Canyon Bakehouse,5.74,5.74,,,2022-09-11 21:20:04,16494776
330973,66062,Frozen,"Frozen Pizza, Pasta, & Breads",Shop all,"Frozen/Frozen Pizza, Pasta, & Breads",487343982,https://www.walmart.com/ip/Palermo-s-Rising-Crust-Breakfast-Frozen-Pizza-30-3-oz/487343982?fulfillmentIntent=Pickup,"Palermo's Rising Crust Breakfast Frozen Pizza, 30.3 oz",Palermo's,4.98,4.98,30.3,,2022-09-11 21:20:04,16494777
330974,66062,Frozen,"Frozen Pizza, Pasta, & Breads",Shop all,"Frozen/Frozen Pizza, Pasta, & Breads",633500797,https://www.walmart.com/ip/Sam-s-Choice-Thin-Crust-Cheese-Pizza-19-1-oz/633500797?fulfillmentIntent=Pickup,"Sam's Choice Thin Crust Cheese Pizza, 19.1 oz",Sam's Choice,5.98,5.98,19.1,,2022-09-11 21:20:04,16494778
330976,66062,Frozen,"Frozen Pizza, Pasta, & Breads",Shop all,"Frozen/Frozen Pizza, Pasta, & Breads",745184476,https://www.walmart.com/ip/Banza-Margherita-Chickpea-Crust-Pizza-11-5-Oz-Frozen/745184476?fulfillmentIntent=Pickup,"Banza Margherita Chickpea Crust Pizza, 11.5 Oz (Frozen)",Banza,9.13,9.13,11.5,,2022-09-11 21:20:04,16494780
330977,66062,Frozen,"Frozen Pizza, Pasta, & Breads",Shop all,"Frozen/Frozen Pizza, Pasta, & Breads",727665111,https://www.walmart.com/ip/Healthy-Choice-Flatbread-Pizza-Turkey-Pepperoni-Frozen-6-13-oz/727665111?fulfillmentIntent=Pickup,"Healthy Choice Flatbread Pizza, Turkey Pepperoni, Frozen, 6.13 oz.",Healthy Choice,3.98,3.98,6.13,,2022-09-11 21:20:04,16494781
330978,66062,Frozen,"Frozen Pizza, Pasta, & Breads",Shop all,"Frozen/Frozen Pizza, Pasta, & Breads",17283528,https://www.walmart.com/ip/Louisa-Sausage-Cheese-Toasted-Ravioli-16-oz/17283528?fulfillmentIntent=Pickup,"Louisa Sausage & Cheese Toasted Ravioli, 16 oz",Louisa Food Products,4.74,4.74,16,,2022-09-11 21:20:04,16494782
330979,66062,Frozen,"Frozen Pizza, Pasta, & Breads",Shop all,"Frozen/Frozen Pizza, Pasta, & Breads",911472441,https://www.walmart.com/ip/Sam-s-Choice-Frozen-Thin-Crust-Bacon-Lovers-Pizza-16-8-oz/911472441?fulfillmentIntent=Pickup,"Sam's Choice Frozen Thin Crust Bacon Lovers Pizza, 16.8 oz",Sam's Choice,5.98,5.98,16.8,,2022-09-11 21:20:04,16494783
330980,66062,Frozen,"Frozen Pizza, Pasta, & Breads",Shop all,"Frozen/Frozen Pizza, Pasta, & Breads",111823767,https://www.walmart.com/ip/Amy-s-Vegan-Roasted-Vegetable-Pizza-Full-Size-12oz-Box-Frozen/111823767?fulfillmentIntent=Pickup,"Amy's Vegan Roasted Vegetable Pizza - Full Size, 12oz Box (Frozen)",Amy's Kitchen,8.42,8.42,12,,2022-09-11 21:20:04,16494784
330981,66062,Frozen,"Frozen Pizza, Pasta, & Breads",Shop all,"Frozen/Frozen Pizza, Pasta, & Breads",897297426,https://www.walmart.com/ip/Amy-s-Frozen-Bowls-Spinach-Ricotta-Cheese-Ravioli-Non-GMO-8-5-Ounce/897297426?fulfillmentIntent=Pickup,"Amy's Frozen Bowls, Spinach & Ricotta Cheese Ravioli, Non GMO, 8.5-Ounce",Amy's Kitchen,4.42,4.42,8.5,,2022-09-11 21:20:04,16494785
330983,66062,Frozen,"Frozen Pizza, Pasta, & Breads",Shop all,"Frozen/Frozen Pizza, Pasta, & Breads",253594880,https://www.walmart.com/ip/EB-HAWAIIAN-SWEET-ROLLS-8ct/253594880?fulfillmentIntent=Pickup,EB HAWAIIAN SWEET ROLLS 8ct,Extraordinary Bites,5.1,5.1,8,,2022-09-11 21:20:04,16494787
330984,66062,Frozen,"Frozen Pizza, Pasta, & Breads",Shop all,"Frozen/Frozen Pizza, Pasta, & Breads",722628241,https://www.walmart.com/ip/Cinnabon-Caramel-Pecan-Roll-9-8-oz-2-Count/722628241?fulfillmentIntent=Pickup,"Cinnabon Caramel Pecan Roll, 9.8 oz, 2 Count",Cinnabon,5.12,5.12,9.8,,2022-09-11 21:20:04,16494788
330987,66062,Frozen,"Frozen Pizza, Pasta, & Breads",Shop all,"Frozen/Frozen Pizza, Pasta, & Breads",545743719,https://www.walmart.com/ip/Extraordinary-Bites-HAMBURGER-BUNS-6ct-Low-Carb-Great-Taste-All-Natural-Ingredients/545743719?fulfillmentIntent=Pickup,"Extraordinary Bites HAMBURGER BUNS 6ct - Low Carb, Great Taste, All Natural Ingredients",Extraordinary Bites,5.1,5.1,6,,2022-09-11 21:20:04,16494791
330988,66062,Frozen,"Frozen Pizza, Pasta, & Breads",Shop all,"Frozen/Frozen Pizza, Pasta, & Breads",116993194,https://www.walmart.com/ip/Food-For-Life-Sprouted-Grain-Bread-7-Sprouted-Grains/116993194?fulfillmentIntent=Pickup,Food For Life Sprouted Grain Bread 7 Sprouted Grains,Food for Life,7.18,7.18,,,2022-09-11 21:20:04,16494792
330989,66062,Frozen,"Frozen Pizza, Pasta, & Breads",Shop all,"Frozen/Frozen Pizza, Pasta, & Breads",12018215,https://www.walmart.com/ip/Pepperidge-Farm-Light-Style-7-Grain-Bread-16-oz-Loaf/12018215?fulfillmentIntent=Pickup,"Pepperidge Farm Light Style 7 Grain Bread, 16 oz. Loaf",Pepperidge Farm,4.98,4.98,16,,2022-09-11 21:20:04,16494793
330992,66062,Frozen,"Frozen Pizza, Pasta, & Breads",Shop all,"Frozen/Frozen Pizza, Pasta, & Breads",42794629,https://www.walmart.com/ip/Screamin-Sicilian-Bessie-s-Revenge-Frozen-Cheese-Pizza-20-8-oz/42794629?fulfillmentIntent=Pickup,"Screamin' Sicilian Bessie's Revenge Frozen Cheese Pizza, 20.8 oz",Screamin' Sicilian,6.98,6.98,20.8,,2022-09-11 21:20:04,16494796
330993,66062,Frozen,"Frozen Pizza, Pasta, & Breads",Shop all,"Frozen/Frozen Pizza, Pasta, & Breads",916738274,https://www.walmart.com/ip/Sweet-Earth-Vegan-Veggie-Wheat-Crust-Pizza-14-2-oz-Pizza/916738274?fulfillmentIntent=Pickup,"Sweet Earth Vegan Veggie, Wheat Crust Pizza, 14.2 oz (Pizza)",Sweet Earth Natural Foods,6.42,6.42,14.2,,2022-09-11 21:20:04,16494797
330994,66062,Frozen,"Frozen Pizza, Pasta, & Breads",Shop all,"Frozen/Frozen Pizza, Pasta, & Breads",436307783,https://www.walmart.com/ip/CAULIPOWER-Half-Cheese-Half-Uncured-Pepperoni-Stone-fired-Cauliflower-Crust-Pizza-17-5-oz/436307783?fulfillmentIntent=Pickup,"CAULIPOWER Half Cheese, Half Uncured Pepperoni Stone-fired Cauliflower Crust Pizza, 17.5 oz",CAULIPOWER,10.22,10.22,17.5,,2022-09-11 21:20:04,16494798
330995,66062,Frozen,"Frozen Pizza, Pasta, & Breads",Shop all,"Frozen/Frozen Pizza, Pasta, & Breads",535322683,https://www.walmart.com/ip/Red-Baron-Fully-Loaded-Supreme-Pizza/535322683?fulfillmentIntent=Pickup,Red Baron Fully Loaded Supreme Pizza,Red Baron,7.92,7.92,,,2022-09-11 21:20:04,16494799
330996,66062,Frozen,"Frozen Pizza, Pasta, & Breads",Shop all,"Frozen/Frozen Pizza, Pasta, & Breads",20553465,https://www.walmart.com/ip/DIGIORNO-Frozen-Pizza-Frozen-Four-Cheese-Pizza-8-5-oz-Personal-Pizza-Stuffed-Crust-Pizza-8-5-oz/20553465?fulfillmentIntent=Pickup,DIGIORNO Frozen Pizza - Frozen Four Cheese Pizza - 8.5 oz Personal Pizza - Stuffed Crust Pizza 8.5 oz.,DiGiorno,4.28,4.28,8.5,,2022-09-11 21:20:04,16494800
330997,66062,Frozen,"Frozen Pizza, Pasta, & Breads",Shop all,"Frozen/Frozen Pizza, Pasta, & Breads",151749840,https://www.walmart.com/ip/V-s-cheese-tortellini/151749840?fulfillmentIntent=Pickup,V's cheese tortellini,V'S,3.76,3.76,,,2022-09-11 21:20:04,16494801
330998,66062,Frozen,"Frozen Pizza, Pasta, & Breads",Shop all,"Frozen/Frozen Pizza, Pasta, & Breads",158810201,https://www.walmart.com/ip/Great-Value-Butter-Croissants-6-count-9-oz/158810201?fulfillmentIntent=Pickup,"Great Value Butter Croissants, 6 count, 9 oz",Great Value,5.2,5.2,9,,2022-09-11 21:20:04,16494802
330999,66062,Frozen,"Frozen Pizza, Pasta, & Breads",Shop all,"Frozen/Frozen Pizza, Pasta, & Breads",514122461,https://www.walmart.com/ip/Great-Value-Chocolate-Croissants-4-count-10-4-oz/514122461?fulfillmentIntent=Pickup,"Great Value Chocolate Croissants, 4 count, 10.4 oz",Great Value,5.2,5.2,10.4,,2022-09-11 21:20:04,16494803
331000,66062,Frozen,"Frozen Pizza, Pasta, & Breads",Shop all,"Frozen/Frozen Pizza, Pasta, & Breads",128321601,https://www.walmart.com/ip/Food-For-Life-Ezekiel-4-9-English-Muffins-Cinnamon-Raisin-6-CT/128321601?fulfillmentIntent=Pickup,Food For Life Ezekiel 4:9 English Muffins Cinnamon Raisin - 6 CT,Food for Life,7.98,7.98,6,,2022-09-11 21:20:04,16494804
331002,66062,Frozen,"Frozen Pizza, Pasta, & Breads",Shop all,"Frozen/Frozen Pizza, Pasta, & Breads",352378068,https://www.walmart.com/ip/Daiya-Dairy-Free-Meatless-Pepperoni-Style-with-Jalape-o-Vegetable-Crust-Gluten-Free-Pizza-14-3-oz/352378068?fulfillmentIntent=Pickup&athbdg=L1300,Daiya Dairy Free Meatless Pepperoni Style with Jalapeo Vegetable Crust Gluten Free Pizza - 14.3 oz,Daiya,6.94,6.24,14.3,,2022-09-11 21:20:04,16494806
331006,66062,Frozen,"Frozen Pizza, Pasta, & Breads",Shop all,"Frozen/Frozen Pizza, Pasta, & Breads",486120068,https://www.walmart.com/ip/Palermo-s-Rising-Crust-4-Meat-Frozen-Pizza-30-9-oz/486120068?fulfillmentIntent=Pickup,"Palermo's Rising Crust 4 Meat Frozen Pizza, 30.9 oz",Palermo's,4.98,4.98,30.9,,2022-09-11 21:20:04,16494810
331007,66062,Frozen,"Frozen Pizza, Pasta, & Breads",Shop all,"Frozen/Frozen Pizza, Pasta, & Breads",148400786,https://www.walmart.com/ip/Food-For-Life-Ezekiel-4-9-Sprouted-Grain-Bread-Flax/148400786?fulfillmentIntent=Pickup,Food For Life Ezekiel 4:9 Sprouted Grain Bread Flax,Food for Life,7.18,7.18,,,2022-09-11 21:20:04,16494811
331008,66062,Frozen,"Frozen Pizza, Pasta, & Breads",Shop all,"Frozen/Frozen Pizza, Pasta, & Breads",917708299,https://www.walmart.com/ip/Palermo-s-Rising-Crust-Supreme-Frozen-Pizza-33-oz/917708299?fulfillmentIntent=Pickup,"Palermo's Rising Crust Supreme Frozen Pizza, 33 oz",Palermo's,4.98,4.98,33,,2022-09-11 21:20:04,16494812
331009,66062,Frozen,"Frozen Pizza, Pasta, & Breads",Shop all,"Frozen/Frozen Pizza, Pasta, & Breads",258070485,https://www.walmart.com/ip/CAULIPOWER-BBQ-Recipe-Chicken-Pizza-17-47-oz/258070485?fulfillmentIntent=Pickup,"CAULIPOWER BBQ Recipe Chicken Pizza, 17.47 oz",CAULIPOWER,10.22,10.22,17.47,,2022-09-11 21:20:04,16494813
331010,66062,Frozen,"Frozen Pizza, Pasta, & Breads",Shop all,"Frozen/Frozen Pizza, Pasta, & Breads",271480526,https://www.walmart.com/ip/Daiya-Dairy-Free-Italian-Herbs-Cheeze-Style-Vegetable-Crust-Gluten-Free-Pizza-13-47-oz-Frozen/271480526?fulfillmentIntent=Pickup&athbdg=L1300,Daiya Dairy Free Italian Herbs & Cheeze Style Vegetable Crust Gluten Free Pizza - 13.47 oz (Frozen),Daiya,6.94,6.24,13.47,,2022-09-11 21:20:04,16494814
331011,66062,Frozen,"Frozen Pizza, Pasta, & Breads",Shop all,"Frozen/Frozen Pizza, Pasta, & Breads",542582978,https://www.walmart.com/ip/Great-Value-Gluten-Free-Sliced-White-Bread-25-oz/542582978?fulfillmentIntent=Pickup,"Great Value Gluten-Free Sliced White Bread, 25 oz",Great Value,9.87,9.87,25,,2022-09-11 21:20:04,16494815
331089,66062,Frozen,"Frozen Pizza, Pasta, & Breads",Shop all,"Frozen/Frozen Pizza, Pasta, & Breads",423766729,https://www.walmart.com/ip/Sonoma-Flatbreads-Gluten-Free-Dairy-Free-Veggie-Pizza-11-9oz-Box-Frozen/423766729?fulfillmentIntent=Pickup,"Sonoma Flatbreads Gluten Free Dairy Free Veggie Pizza, 11.9oz Box (Frozen)",Sonoma Flatbreads,6.0,6.0,11.9,,2022-09-11 21:20:04,16494893
331090,66062,Frozen,"Frozen Pizza, Pasta, & Breads",Shop all,"Frozen/Frozen Pizza, Pasta, & Breads",689503025,https://www.walmart.com/ip/EB-MINI-PIZZA-CRUSTS-3ct/689503025?fulfillmentIntent=Pickup,EB MINI PIZZA CRUSTS 3ct,Extraordinary Bites,5.98,5.98,3,,2022-09-11 21:20:04,16494894
331091,66062,Frozen,"Frozen Pizza, Pasta, & Breads",Shop all,"Frozen/Frozen Pizza, Pasta, & Breads",20553466,https://www.walmart.com/ip/DIGIORNO-Frozen-Pizza-Pepperoni-Pizza-on-a-Stuffed-Pizza-Crust-8-5-oz-Personal-Pizza-8-5-oz/20553466?fulfillmentIntent=Pickup,DIGIORNO Frozen Pizza - Pepperoni Pizza on a Stuffed Pizza Crust - 8.5 oz Personal Pizza 8.5 oz.,DiGiorno,3.96,3.96,8.5,,2022-09-11 21:20:04,16494895
331092,66062,Frozen,"Frozen Pizza, Pasta, & Breads",Shop all,"Frozen/Frozen Pizza, Pasta, & Breads",190593435,https://www.walmart.com/ip/V-s-tri-color-cheese-tortellini/190593435?fulfillmentIntent=Pickup,V's tri color cheese tortellini,V'S,3.76,3.76,,,2022-09-11 21:20:04,16494896
331093,66062,Frozen,"Frozen Pizza, Pasta, & Breads",Shop all,"Frozen/Frozen Pizza, Pasta, & Breads",414381007,https://www.walmart.com/ip/Julian-s-Recipe-Truffle-Butter-Bread-Twin-Pack/414381007?fulfillmentIntent=Pickup,Julian's Recipe Truffle Butter Bread - Twin Pack,Julian’s Recipe,4.48,4.48,,,2022-09-11 21:20:04,16494897
331094,66062,Frozen,"Frozen Pizza, Pasta, & Breads",Shop all,"Frozen/Frozen Pizza, Pasta, & Breads",182187809,https://www.walmart.com/ip/Amy-s-Cheeze-Vegan-Cheese-Frozen-Pizza-Full-Size/182187809?fulfillmentIntent=Pickup,Amy's Cheeze (Vegan Cheese) Frozen Pizza - Full Size,Amy's Kitchen,8.42,8.42,,,2022-09-11 21:20:04,16494898
331095,66062,Frozen,"Frozen Pizza, Pasta, & Breads",Shop all,"Frozen/Frozen Pizza, Pasta, & Breads",126301997,https://www.walmart.com/ip/Against-The-Grain-Gluten-Free-Bread-Cheese-Baguette-Bread-15-oz-2-count/126301997?fulfillmentIntent=Pickup,"Against The Grain - Gluten Free Bread - Cheese Baguette Bread, 15 oz 2 count",Against the Grain,6.38,6.38,15,,2022-09-11 21:20:04,16494899
331097,66062,Frozen,"Frozen Pizza, Pasta, & Breads",Shop all,"Frozen/Frozen Pizza, Pasta, & Breads",23788433,https://www.walmart.com/ip/Udi-s-Gluten-Free-Delicious-Soft-White-Sandwich-Bread-12-Oz/23788433?fulfillmentIntent=Pickup,"Udi's Gluten Free Delicious Soft White Sandwich Bread, 12 Oz",Udi's,4.92,4.92,12,,2022-09-11 21:20:04,16494901
331098,66062,Frozen,"Frozen Pizza, Pasta, & Breads",Shop all,"Frozen/Frozen Pizza, Pasta, & Breads",222563635,https://www.walmart.com/ip/Toasted-4-Cheese-Ravioli-Big-Value/222563635?fulfillmentIntent=Pickup,Toasted 4 Cheese Ravioli Big Value,Louisa Food Products,9.14,9.14,,,2022-09-11 21:20:04,16494902
331099,66062,Frozen,"Frozen Pizza, Pasta, & Breads",Shop all,"Frozen/Frozen Pizza, Pasta, & Breads",846491412,https://www.walmart.com/ip/EB-TORTILLAS-8ct/846491412?fulfillmentIntent=Pickup,EB TORTILLAS 8ct,Extraordinary Bites,5.78,5.78,8,,2022-09-11 21:20:04,16494903
331101,66062,Frozen,"Frozen Pizza, Pasta, & Breads",Shop all,"Frozen/Frozen Pizza, Pasta, & Breads",914482884,https://www.walmart.com/ip/Palermo-s-Rising-Crust-Philly-Steak-Frozen-Pizza-29-2-oz/914482884?fulfillmentIntent=Pickup,"Palermo's Rising Crust Philly Steak Frozen Pizza, 29.2 oz",Palermo's,4.98,4.98,29.2,,2022-09-11 21:20:04,16494905
331102,66062,Frozen,"Frozen Pizza, Pasta, & Breads",Shop all,"Frozen/Frozen Pizza, Pasta, & Breads",143557798,https://www.walmart.com/ip/Bellatoria-Ultra-Thin-Crust-Ultimate-Pepperoni-Pizza-17-3-oz-Box/143557798?fulfillmentIntent=Pickup,"Bellatoria Ultra Thin Crust Ultimate Pepperoni Pizza, 17.3 oz Box",Bellatoria,6.73,6.73,17.3,,2022-09-11 21:20:04,16494906
331103,66062,Frozen,"Frozen Pizza, Pasta, & Breads",Shop all,"Frozen/Frozen Pizza, Pasta, & Breads",689621443,https://www.walmart.com/ip/Screamin-Sicilian-Dessert-Pizza-Cookie-Brownie-Frozen-Pizza-18-7-oz/689621443?fulfillmentIntent=Pickup,"Screamin' Sicilian Dessert Pizza Cookie Brownie Frozen Pizza, 18.7 oz",Screamin' Sicilian,6.98,6.98,18.7,,2022-09-11 21:20:04,16494907
331104,66062,Frozen,"Frozen Pizza, Pasta, & Breads",Shop all,"Frozen/Frozen Pizza, Pasta, & Breads",152738362,https://www.walmart.com/ip/Furlani-Roasted-Garlic-Soft-Rolls-9-5-oz-6-pieces/152738362?fulfillmentIntent=Pickup,"Furlani Roasted Garlic Soft Rolls, 9.5 oz, 6 pieces",Furlani,3.82,3.82,9.5,,2022-09-11 21:20:04,16494908
331105,66062,Frozen,"Frozen Pizza, Pasta, & Breads",Shop all,"Frozen/Frozen Pizza, Pasta, & Breads",340322544,https://www.walmart.com/ip/One-Bite-Thin-Crust-Pepperoni-Pizza/340322544?fulfillmentIntent=Pickup,One Bite Thin Crust Pepperoni Pizza,One Bite,6.48,6.48,,,2022-09-11 21:20:04,16494909
331107,66062,Frozen,"Frozen Pizza, Pasta, & Breads",Shop all,"Frozen/Frozen Pizza, Pasta, & Breads",112453863,https://www.walmart.com/ip/V-s-beef-ravioli/112453863?fulfillmentIntent=Pickup,V's beef ravioli,V'S,3.76,3.76,,,2022-09-11 21:20:04,16494911
331108,66062,Frozen,"Frozen Pizza, Pasta, & Breads",Shop all,"Frozen/Frozen Pizza, Pasta, & Breads",155486801,https://www.walmart.com/ip/Bernatellos-Pizza-Bellatoria-Sunday-Brunch-Pizza-13-55-oz/155486801?fulfillmentIntent=Pickup,"Bernatellos Pizza Bellatoria Sunday Brunch Pizza, 13.55 oz",Bellatoria,5.12,5.12,13.55,,2022-09-11 21:20:04,16494912
331109,66062,Frozen,"Frozen Pizza, Pasta, & Breads",Shop all,"Frozen/Frozen Pizza, Pasta, & Breads",113253608,https://www.walmart.com/ip/Julian-s-Recipe-Pretzel-Bread-with-Butter-Sea-Salt-Twin-Pack/113253608?fulfillmentIntent=Pickup,Julian's Recipe  Pretzel Bread with Butter & Sea Salt - Twin Pack,Julian’s Recipe,4.48,4.48,,,2022-09-11 21:20:04,16494913
331110,66062,Frozen,"Frozen Pizza, Pasta, & Breads",Shop all,"Frozen/Frozen Pizza, Pasta, & Breads",408289921,https://www.walmart.com/ip/Screamin-Sicilian-Pizza-Co-Holy-Pepperoni-I-m-Single-9-2-OZ/408289921?fulfillmentIntent=Pickup,"Screamin' Sicilian Pizza Co. Holy Pepperoni I'm Single, 9.2 OZ",Screamin' Sicilian,3.98,3.98,9.2,,2022-09-11 21:20:04,16494914
331112,66062,Frozen,"Frozen Pizza, Pasta, & Breads",Shop all,"Frozen/Frozen Pizza, Pasta, & Breads",345006685,https://www.walmart.com/ip/Screamin-Sicilian-I-m-Single-Mother-of-Meat-9-51-oz/345006685?fulfillmentIntent=Pickup,Screamin' Sicilian I'm Single Mother of Meat 9.51 oz,Screamin' Sicilian,3.98,3.98,9.51,,2022-09-11 21:20:04,16494916
331113,66062,Frozen,"Frozen Pizza, Pasta, & Breads",Shop all,"Frozen/Frozen Pizza, Pasta, & Breads",838368066,https://www.walmart.com/ip/One-Bite-Thin-Crust-Supreme-Pizza/838368066?fulfillmentIntent=Pickup,One Bite Thin Crust Supreme Pizza,One Bite,6.48,6.48,,,2022-09-11 21:20:04,16494917
331114,66062,Frozen,"Frozen Pizza, Pasta, & Breads",Shop all,"Frozen/Frozen Pizza, Pasta, & Breads",111685969,https://www.walmart.com/ip/Bernatellos-Pizza-Bellatoria-Pizza-16-03-oz/111685969?fulfillmentIntent=Pickup,"Bernatellos Pizza Bellatoria Pizza, 16.03 oz",Bellatoria,6.73,6.73,16.03,,2022-09-11 21:20:04,16494918
331115,66062,Frozen,"Frozen Pizza, Pasta, & Breads",Shop all,"Frozen/Frozen Pizza, Pasta, & Breads",505467971,https://www.walmart.com/ip/Cheese-Tortellini-Big-Value/505467971?fulfillmentIntent=Pickup,Cheese Tortellini Big Value,Louisa Food Products,10.38,10.38,,,2022-09-11 21:20:04,16494919
331116,66062,Frozen,"Frozen Pizza, Pasta, & Breads",Shop all,"Frozen/Frozen Pizza, Pasta, & Breads",109304799,https://www.walmart.com/ip/Julian-s-Recipe-Multigrain-Artisan-Baguette-with-Butter-Garlic-Made-In-Germany/109304799?fulfillmentIntent=Pickup,Julian's Recipe Multigrain Artisan Baguette with Butter & Garlic - Made In Germany,Julian’s Recipe,4.48,4.48,,,2022-09-11 21:20:04,16494920
331117,66062,Frozen,"Frozen Pizza, Pasta, & Breads",Shop all,"Frozen/Frozen Pizza, Pasta, & Breads",590588014,https://www.walmart.com/ip/One-Bite-Thin-Crust-3-Meat-Pizza/590588014?fulfillmentIntent=Pickup,One Bite Thin Crust 3 Meat Pizza,One Bite,6.48,6.48,,,2022-09-11 21:20:04,16494921
331119,66062,Frozen,"Frozen Pizza, Pasta, & Breads",Shop all,"Frozen/Frozen Pizza, Pasta, & Breads",260598824,https://www.walmart.com/ip/Screamin-Sicilian-Ss-Saus-Grvy-Pizza/260598824?fulfillmentIntent=Pickup,Screamin Sicilian Ss Saus Grvy Pizza,Screamin' Sicilian,3.98,3.98,,,2022-09-11 21:20:04,16494923
331120,66062,Frozen,"Frozen Pizza, Pasta, & Breads",Shop all,"Frozen/Frozen Pizza, Pasta, & Breads",957314910,https://www.walmart.com/ip/Freshness-Guaranteed-Mini-Frosted-Cinnamon-Rolls-14-5-oz-12-Count/957314910?fulfillmentIntent=Pickup,"Freshness Guaranteed Mini Frosted Cinnamon Rolls, 14.5 oz, 12 Count",Freshness Guaranteed,3.98,3.98,14.5,,2022-09-11 21:20:04,16494924
332875,78130,Frozen,Frozen Breakfast,Shop all,Frozen/Frozen Breakfast,10534289,https://www.walmart.com/ip/Great-Value-Seasoned-Potato-Hash-Brown-Patties-Shredded-1-lb-6-5-oz-10-Count/10534289?fulfillmentIntent=Pickup&athbdg=L1600,"Great Value Seasoned Potato Hash Brown Patties, Shredded, 1 lb 6.5 oz, 10 Count",Great Value,1.93,1.93,6.5,,2022-09-11 21:20:04,16496679
332876,78130,Frozen,Frozen Breakfast,Shop all,Frozen/Frozen Breakfast,20608050,https://www.walmart.com/ip/Jimmy-Dean-Meat-Lovers-Breakfast-Bowl-7-oz-Frozen/20608050?fulfillmentIntent=Pickup&athbdg=L1200,"Jimmy Dean Meat Lovers Breakfast Bowl, 7 oz (Frozen)",Jimmy Dean,2.82,2.82,7,,2022-09-11 21:20:04,16496680
332877,78130,Frozen,Frozen Breakfast,Shop all,Frozen/Frozen Breakfast,10415878,https://www.walmart.com/ip/Great-Value-Cinnamon-French-Toast-Sticks-16-oz-Frozen/10415878?fulfillmentIntent=Pickup,"Great Value Cinnamon French Toast Sticks, 16 oz (Frozen)",Great Value,3.16,3.16,16,,2022-09-11 21:20:04,16496681
332879,78130,Frozen,Frozen Breakfast,Shop all,Frozen/Frozen Breakfast,15580491,https://www.walmart.com/ip/Jimmy-Dean-Original-Pancakes-Sausage-on-a-Stick-30-oz-12-Ct-Frozen/15580491?fulfillmentIntent=Pickup,"Jimmy Dean Original Pancakes & Sausage on a Stick, 30 oz, 12 Ct (Frozen)",Jimmy Dean,9.64,9.64,30,,2022-09-11 21:20:04,16496683
332880,78130,Frozen,Frozen Breakfast,Shop all,Frozen/Frozen Breakfast,46597314,https://www.walmart.com/ip/Pillsbury-Toaster-Strudel-Strawberry-Toaster-Pastries-Value-Size-12-ct-23-4-oz/46597314?fulfillmentIntent=Pickup&athbdg=L1600,"Pillsbury Toaster Strudel, Strawberry Toaster Pastries, Value Size, 12 ct., 23.4 oz",Pillsbury,4.68,4.68,23.4,,2022-09-11 21:20:04,16496684
332883,78130,Frozen,Frozen Breakfast,Shop all,Frozen/Frozen Breakfast,34381496,https://www.walmart.com/ip/Jimmy-Dean-Biscuit-Sausage-Gravy-Breakfast-Bowl-9-oz-Frozen/34381496?fulfillmentIntent=Pickup,"Jimmy Dean Biscuit & Sausage Gravy Breakfast Bowl, 9 oz (Frozen)",Jimmy Dean,2.82,2.82,9,,2022-09-11 21:20:04,16496687
332884,78130,Frozen,Frozen Breakfast,Shop all,Frozen/Frozen Breakfast,16382445,https://www.walmart.com/ip/Great-Value-Buttermilk-Pancakes-33-oz-24-Count-Frozen/16382445?fulfillmentIntent=Pickup&athbdg=L1600,"Great Value Buttermilk Pancakes, 33 oz, 24 Count (Frozen)",Great Value,3.24,3.24,33,,2022-09-11 21:20:04,16496688
332885,78130,Frozen,Frozen Breakfast,Shop all,Frozen/Frozen Breakfast,908508935,https://www.walmart.com/ip/Jimmy-Dean-Sausage-Cheese-Loaded-Potato-Breakfast-Bowl-7-oz-Frozen/908508935?fulfillmentIntent=Pickup,"Jimmy Dean Sausage Cheese Loaded Potato Breakfast Bowl, 7 oz (Frozen)",Jimmy Dean,2.82,2.82,7,,2022-09-11 21:20:04,16496689
332887,78130,Frozen,Frozen Breakfast,Shop all,Frozen/Frozen Breakfast,16382427,https://www.walmart.com/ip/Great-Value-Buttermilk-Waffles-24-Count/16382427?fulfillmentIntent=Pickup,"Great Value Buttermilk Waffles, 24 Count",Great Value,3.82,3.82,,,2022-09-11 21:20:04,16496691
332888,78130,Frozen,Frozen Breakfast,Shop all,Frozen/Frozen Breakfast,14244840,https://www.walmart.com/ip/Jimmy-Dean-Sausage-Gravy-Breakfast-Bowl-7-oz-Frozen/14244840?fulfillmentIntent=Pickup,"Jimmy Dean Sausage & Gravy Breakfast Bowl, 7 oz (Frozen)",Jimmy Dean,2.82,2.82,7,,2022-09-11 21:20:04,16496692
332889,78130,Frozen,Frozen Breakfast,Shop all,Frozen/Frozen Breakfast,52875701,https://www.walmart.com/ip/El-Monterey-Egg-Potato-Cheese-Sauce-Sauage-Breakfast-Wraps-28-8-oz-Family-Size-8-Ct-Frozen/52875701?fulfillmentIntent=Pickup&athbdg=L1600,"El Monterey Egg, Potato, Cheese Sauce & Sauage Breakfast Wraps, 28.8 oz Family Size, 8 Ct (Frozen)",El Monterey,5.28,5.28,28.8,,2022-09-11 21:20:04,16496693
332890,78130,Frozen,Frozen Breakfast,Shop all,Frozen/Frozen Breakfast,46597315,https://www.walmart.com/ip/Pillsbury-Toaster-Strudel-Pastries-Cream-Cheese-Strawberry-Value-Size-12-ct-23-4-oz/46597315?fulfillmentIntent=Pickup,"Pillsbury Toaster Strudel Pastries, Cream Cheese & Strawberry, Value Size, 12 ct., 23.4 oz.",Pillsbury,4.68,4.68,23.4,,2022-09-11 21:20:04,16496694
332891,78130,Frozen,Frozen Breakfast,Shop all,Frozen/Frozen Breakfast,46715973,https://www.walmart.com/ip/Banquet-Brown-N-Serve-Fully-Cooked-Original-Sausage-Links-32-oz-50-Ct-Frozen/46715973?fulfillmentIntent=Pickup&athbdg=L1600,"Banquet Brown 'N Serve Fully Cooked Original Sausage Links, 32 oz, 50 Ct (Frozen)",Homestyle Bakes,6.98,6.98,32,,2022-09-11 21:20:04,16496695
332892,78130,Frozen,Frozen Breakfast,Shop all,Frozen/Frozen Breakfast,10891830,https://www.walmart.com/ip/Eggo-Frozen-Waffles-Buttermilk-29-6-Oz-Box-Frozen/10891830?fulfillmentIntent=Pickup,"Eggo Frozen Waffles, Buttermilk, 29.6 Oz, Box, Frozen",Eggo,5.98,5.98,29.6,,2022-09-11 21:20:04,16496696
332893,78130,Frozen,Frozen Breakfast,Shop all,Frozen/Frozen Breakfast,12444403,https://www.walmart.com/ip/Jimmy-Dean-Blueberry-Pancakes-Sausage-on-a-Stick-30-oz-12-Ct-Frozen/12444403?fulfillmentIntent=Pickup,"Jimmy Dean Blueberry Pancakes & Sausage on a Stick, 30 oz, 12 Ct (Frozen)",Jimmy Dean,9.64,9.64,30,,2022-09-11 21:20:04,16496697
332894,78130,Frozen,Frozen Breakfast,Shop all,Frozen/Frozen Breakfast,12444410,https://www.walmart.com/ip/Jimmy-Dean-Eggs-Potatoes-Bacon-Cheddar-Cheese-Breakfast-Bowl-7-oz-Frozen/12444410?fulfillmentIntent=Pickup,"Jimmy Dean Eggs Potatoes Bacon & Cheddar Cheese Breakfast Bowl, 7 oz (Frozen)",Jimmy Dean,2.82,2.82,7,,2022-09-11 21:20:04,16496698
332895,78130,Frozen,Frozen Breakfast,Shop all,Frozen/Frozen Breakfast,47360083,https://www.walmart.com/ip/Great-Value-Southern-Style-O-Brien-Hash-Browns-with-Onions-Peppers-28-oz-Frozen/47360083?fulfillmentIntent=Pickup,"Great Value Southern Style O'Brien Hash Browns with Onions & Peppers, 28 oz (Frozen)",Great Value,1.96,1.96,28,,2022-09-11 21:20:04,16496699
332896,78130,Frozen,Frozen Breakfast,Shop all,Frozen/Frozen Breakfast,19500218,https://www.walmart.com/ip/Odom-s-Tennessee-Pride-Snack-Size-Chicken-Buttermilk-Biscuits-16-3-oz-10-Ct-Frozen/19500218?fulfillmentIntent=Pickup,"Odoms Tennessee Pride Snack Size Chicken & Buttermilk Biscuits, 16.3 oz, 10 Ct (Frozen)",Odom's Tennessee Pride,6.22,6.22,16.3,,2022-09-11 21:20:04,16496700
332897,78130,Frozen,Frozen Breakfast,Shop all,Frozen/Frozen Breakfast,10813859,https://www.walmart.com/ip/De-Wafelbakkers-Buttermilk-Pancakes-33-Oz-24-Ct-Frozen/10813859?fulfillmentIntent=Pickup,"De Wafelbakkers Buttermilk Pancakes, 33 Oz, 24 Ct (Frozen)",De Wafelbakkers,4.42,4.42,33,,2022-09-11 21:20:04,16496701
332899,78130,Frozen,Frozen Breakfast,Shop all,Frozen/Frozen Breakfast,46575427,https://www.walmart.com/ip/Jimmy-Dean-Steak-Eggs-Breakfast-Bowl-7-oz-Frozen/46575427?fulfillmentIntent=Pickup,"Jimmy Dean Steak & Eggs Breakfast Bowl, 7 oz (Frozen)",Jimmy Dean,2.82,2.82,7,,2022-09-11 21:20:04,16496703
332901,78130,Frozen,Frozen Breakfast,Shop all,Frozen/Frozen Breakfast,12444413,https://www.walmart.com/ip/Jimmy-Dean-Ham-Cheese-Breakfast-Bowl-7-oz-Frozen/12444413?fulfillmentIntent=Pickup,"Jimmy Dean Ham & Cheese Breakfast Bowl, 7 oz (Frozen)",Jimmy Dean,2.82,2.82,7,,2022-09-11 21:20:04,16496705
332902,78130,Frozen,Frozen Breakfast,Shop all,Frozen/Frozen Breakfast,10315729,https://www.walmart.com/ip/Great-Value-Frozen-Buttermilk-Biscuits-41-6-oz-20-Count/10315729?fulfillmentIntent=Pickup,"Great Value Frozen Buttermilk Biscuits, 41.6 oz, 20 Count",Great Value,4.36,4.36,41.6,,2022-09-11 21:20:04,16496706
332903,78130,Frozen,Frozen Breakfast,Shop all,Frozen/Frozen Breakfast,12444411,https://www.walmart.com/ip/Jimmy-Dean-Sausage-Breakfast-Bowl-7-oz-Frozen/12444411?fulfillmentIntent=Pickup,"Jimmy Dean Sausage Breakfast Bowl, 7 oz (Frozen)",Jimmy Dean,2.82,2.82,7,,2022-09-11 21:20:04,16496707
332904,78130,Frozen,Frozen Breakfast,Shop all,Frozen/Frozen Breakfast,161768953,https://www.walmart.com/ip/Great-Value-Meat-Lovers-Breakfast-Bowl-7-oz/161768953?fulfillmentIntent=Pickup,"Great Value Meat Lovers Breakfast Bowl, 7 oz",Great Value,2.43,2.43,7,,2022-09-11 21:20:04,16496708
332905,78130,Frozen,Frozen Breakfast,Shop all,Frozen/Frozen Breakfast,10451009,https://www.walmart.com/ip/Great-Value-Southern-Hash-Browns-32-oz/10451009?fulfillmentIntent=Pickup,"Great Value Southern Hash Browns, 32 oz",Great Value,1.96,1.96,32,,2022-09-11 21:20:04,16496709
332906,78130,Frozen,Frozen Breakfast,Shop all,Frozen/Frozen Breakfast,10891827,https://www.walmart.com/ip/Eggo-Frozen-Waffles-Homestyle-12-3-Oz-Box-Frozen/10891827?fulfillmentIntent=Pickup,"Eggo Frozen Waffles, Homestyle, 12.3 Oz, Box, Frozen",Eggo,2.82,2.82,12.3,,2022-09-11 21:20:04,16496710
332907,78130,Frozen,Frozen Breakfast,Shop all,Frozen/Frozen Breakfast,23554749,https://www.walmart.com/ip/Great-Value-Sausage-Gravy-Breakfast-Bowl-7-oz/23554749?fulfillmentIntent=Pickup,"Great Value Sausage & Gravy Breakfast Bowl, 7 oz",Great Value,2.43,2.43,7,,2022-09-11 21:20:04,16496711
332909,78130,Frozen,Frozen Breakfast,Shop all,Frozen/Frozen Breakfast,23569830,https://www.walmart.com/ip/Great-Value-Bacon-Breakfast-Bowl-7-oz/23569830?fulfillmentIntent=Pickup,"Great Value Bacon Breakfast Bowl, 7 oz",Great Value,2.43,2.43,7,,2022-09-11 21:20:04,16496713
332913,78130,Frozen,Frozen Breakfast,Shop all,Frozen/Frozen Breakfast,46014836,https://www.walmart.com/ip/Great-Value-Blueberry-Waffles-29-6-Oz-24-Ct-Frozen/46014836?fulfillmentIntent=Pickup,"Great Value Blueberry Waffles, 29.6 Oz, 24 Ct (Frozen)",Great Value,3.82,3.82,29.6,,2022-09-11 21:20:04,16496717
332914,78130,Frozen,Frozen Breakfast,Shop all,Frozen/Frozen Breakfast,10415612,https://www.walmart.com/ip/Great-Value-Original-French-Toast-Sticks-16-oz-Frozen/10415612?fulfillmentIntent=Pickup,"Great Value Original French Toast Sticks, 16 oz (Frozen)",Great Value,3.16,3.16,16,,2022-09-11 21:20:04,16496718
332923,78130,Frozen,Frozen Breakfast,Shop all,Frozen/Frozen Breakfast,24360492,https://www.walmart.com/ip/Great-Value-Fully-Cooked-Original-Pork-Sausage-Patties-Family-Size-35-6-oz/24360492?fulfillmentIntent=Pickup,"Great Value Fully Cooked Original Pork Sausage Patties Family Size, 35.6 oz",Great Value,9.92,9.92,35.6,,2022-09-11 21:20:04,16496727
332924,78130,Frozen,Frozen Breakfast,Shop all,Frozen/Frozen Breakfast,104766995,https://www.walmart.com/ip/Odom-sTennessee-Pride-29-34-oz-18-Count-Frozen/104766995?fulfillmentIntent=Pickup,"Odom'sTennessee Pride 29.34 oz, 18 Count (Frozen)",Odom's Tennessee Pride,10.54,10.54,29.34,,2022-09-11 21:20:04,16496728
332926,78130,Frozen,Frozen Breakfast,Shop all,Frozen/Frozen Breakfast,154563115,https://www.walmart.com/ip/Jimmy-Dean-Sausage-Biscuit-Snack-Size-Sandwiches-17-oz-10-Ct-Frozen/154563115?fulfillmentIntent=Pickup,"Jimmy Dean Sausage Biscuit Snack Size Sandwiches, 17 oz, 10 Ct (Frozen)",Jimmy Dean,6.58,6.58,17,,2022-09-11 21:20:04,16496730
332928,78130,Frozen,Frozen Breakfast,Shop all,Frozen/Frozen Breakfast,12444412,https://www.walmart.com/ip/Jimmy-Dean-Delights-Turkey-Sausage-Breakfast-Bowl-7-oz-Frozen/12444412?fulfillmentIntent=Pickup,"Jimmy Dean Delights Turkey Sausage Breakfast Bowl, 7 oz (Frozen)",Jimmy Dean,2.82,2.82,7,,2022-09-11 21:20:04,16496732
332930,78130,Frozen,Frozen Breakfast,Shop all,Frozen/Frozen Breakfast,124979772,https://www.walmart.com/ip/Pillsbury-Bacon-Toaster-Scrambles-Frozen-Breakfast-Pastries/124979772?fulfillmentIntent=Pickup,Pillsbury Bacon Toaster Scrambles Frozen Breakfast Pastries,Pillsbury,5.72,5.72,,,2022-09-11 21:20:04,16496734
332932,78130,Frozen,Frozen Breakfast,Shop all,Frozen/Frozen Breakfast,43751117,https://www.walmart.com/ip/El-Monterey-Signature-Egg-Sausage-Cheese-Potato-Burritos-54-oz-12-Ct-Frozen/43751117?fulfillmentIntent=Pickup,"El Monterey Signature Egg, Sausage, Cheese & Potato Burritos, 54 oz, 12 Ct (Frozen)",El Monterey,14.72,14.72,54,,2022-09-11 21:20:04,16496736
332933,78130,Frozen,Frozen Breakfast,Shop all,Frozen/Frozen Breakfast,46707025,https://www.walmart.com/ip/Banquet-Brown-N-Serve-Fully-Cooked-Vermont-Maple-Sage-Links-32-oz-50-Ct-Frozen/46707025?fulfillmentIntent=Pickup,"Banquet Brown 'N Serve Fully Cooked Vermont Maple Sage Links, 32 oz, 50 Ct (Frozen)",Homestyle Bakes,6.98,6.98,32,,2022-09-11 21:20:04,16496737
332935,78130,Frozen,Frozen Breakfast,Shop all,Frozen/Frozen Breakfast,13399285,https://www.walmart.com/ip/Eggo-Frozen-Waffles-Chocolatey-Chip-29-6-Oz-Box-Frozen/13399285?fulfillmentIntent=Pickup,"Eggo Frozen Waffles, Chocolatey Chip, 29.6 Oz, Box, Frozen",Eggo,5.98,5.98,29.6,,2022-09-11 21:20:04,16496739
332938,78130,Frozen,Frozen Breakfast,Shop all,Frozen/Frozen Breakfast,43951338,https://www.walmart.com/ip/Great-Value-Maple-Flavored-Pork-Sausage-Patties-24-92-oz-Frozen/43951338?fulfillmentIntent=Pickup,"Great Value Maple Flavored Pork Sausage Patties, 24.92 oz (Frozen)",Great Value,8.36,8.36,24.92,,2022-09-11 21:20:04,16496742
332940,78130,Frozen,Frozen Breakfast,Shop all,Frozen/Frozen Breakfast,43951337,https://www.walmart.com/ip/Great-Value-Original-Pork-Sausage-Patties-24-92-oz-Frozen/43951337?fulfillmentIntent=Pickup,"Great Value Original Pork Sausage Patties, 24.92 oz (Frozen)",Great Value,8.36,8.36,24.92,,2022-09-11 21:20:04,16496744
332943,78130,Frozen,Frozen Breakfast,Shop all,Frozen/Frozen Breakfast,16381768,https://www.walmart.com/ip/Eggo-Frozen-Waffles-Original-11-6-Oz-Box-Frozen/16381768?fulfillmentIntent=Pickup,"Eggo Frozen Waffles, Original, 11.6 Oz, Box, Frozen",Eggo,3.38,3.38,11.6,,2022-09-11 21:20:04,16496747
332944,78130,Frozen,Frozen Breakfast,Shop all,Frozen/Frozen Breakfast,10898870,https://www.walmart.com/ip/Eggo-Frozen-Mini-Waffles-Cinnamon-Toast-25-8-Oz-Box-Frozen/10898870?fulfillmentIntent=Pickup,"Eggo Frozen Mini Waffles, Cinnamon Toast, 25.8 Oz, Box, Frozen",Eggo,5.98,5.98,25.8,,2022-09-11 21:20:04,16496748
332945,78130,Frozen,Frozen Breakfast,Shop all,Frozen/Frozen Breakfast,10818582,https://www.walmart.com/ip/Mary-B-s-Buttermilk-Biscuits-Value-Pack-44-oz-20-Count/10818582?fulfillmentIntent=Pickup,"Mary B's Buttermilk Biscuits, Value Pack, 44 oz, 20 Count",Mary B's,5.13,5.13,44,,2022-09-11 21:20:04,16496749
332946,78130,Frozen,Frozen Breakfast,Shop all,Frozen/Frozen Breakfast,10891831,https://www.walmart.com/ip/Eggo-Frozen-Waffles-Blueberry-12-3-Oz-Box-Frozen/10891831?fulfillmentIntent=Pickup,"Eggo Frozen Waffles, Blueberry, 12.3 Oz, Box, Frozen",Eggo,2.82,2.82,12.3,,2022-09-11 21:20:04,16496750
332947,78130,Frozen,Frozen Breakfast,Shop all,Frozen/Frozen Breakfast,771122705,https://www.walmart.com/ip/Jimmy-Dean-Morning-Combos-Mini-Maple-Pancakes-and-Maple-Sausage-Bites-3-27-oz/771122705?fulfillmentIntent=Pickup,"Jimmy Dean Morning Combos Mini Maple Pancakes and Maple Sausage Bites, 3.27 oz",Jimmy Dean,3.28,3.28,3.27,,2022-09-11 21:20:04,16496751
332948,78130,Frozen,Frozen Breakfast,Shop all,Frozen/Frozen Breakfast,23816593,https://www.walmart.com/ip/De-Wafelbakkers-Chocolate-Chip-Pancakes-33-Oz-24-Ct-Frozen/23816593?fulfillmentIntent=Pickup,"De Wafelbakkers Chocolate Chip Pancakes, 33 Oz, 24 Ct (Frozen)",De Wafelbakkers,4.42,4.42,33,,2022-09-11 21:20:04,16496752
332951,78130,Frozen,Frozen Breakfast,Shop all,Frozen/Frozen Breakfast,10891832,https://www.walmart.com/ip/Eggo-Frozen-Waffles-Strawberry-12-3-Oz-Box-Frozen/10891832?fulfillmentIntent=Pickup,"Eggo Frozen Waffles, Strawberry, 12.3 Oz, Box, Frozen",Eggo,2.82,2.82,12.3,,2022-09-11 21:20:04,16496755
332952,78130,Frozen,Frozen Breakfast,Shop all,Frozen/Frozen Breakfast,10891834,https://www.walmart.com/ip/Eggo-Frozen-Mini-Waffles-Cinnamon-Toast-10-75-Oz-Box-4-Ct-Frozen/10891834?fulfillmentIntent=Pickup,"Eggo Frozen Mini Waffles, Cinnamon Toast, 10.75 Oz, Box, 4 Ct, Frozen",Eggo,2.82,2.82,10.75,,2022-09-11 21:20:04,16496756
332953,78130,Frozen,Frozen Breakfast,Shop all,Frozen/Frozen Breakfast,50178119,https://www.walmart.com/ip/Jimmy-Dean-Delights-Bacon-Spinach-Frittatas-12-oz-6-Ct-Frozen/50178119?fulfillmentIntent=Pickup,"Jimmy Dean Delights Bacon & Spinach Frittatas, 12 oz, 6 Ct (Frozen)",Jimmy Dean,7.58,7.58,12,,2022-09-11 21:20:04,16496757
332959,78130,Frozen,Frozen Breakfast,Shop all,Frozen/Frozen Breakfast,10813684,https://www.walmart.com/ip/Pillsbury-Grands-Buttermilk-Biscuits-Frozen-Dough-Value-Pack-20-ct-41-6-oz/10813684?fulfillmentIntent=Pickup,"Pillsbury Grands! Buttermilk Biscuits Frozen Dough, Value Pack, 20 ct., 41.6 oz.",Pillsbury,4.84,4.84,41.6,,2022-09-11 21:20:04,16496763
332960,78130,Frozen,Frozen Breakfast,Shop all,Frozen/Frozen Breakfast,16382426,https://www.walmart.com/ip/Great-Value-Waffles-Homestyle-29-6-oz-24-Count/16382426?fulfillmentIntent=Pickup,"Great Value Waffles, Homestyle, 29.6 oz, 24 Count",Great Value,3.82,3.82,29.6,,2022-09-11 21:20:04,16496764
332962,78130,Frozen,Frozen Breakfast,Shop all,Frozen/Frozen Breakfast,10415393,https://www.walmart.com/ip/Great-Value-Buttermilk-Pancakes-16-5-oz-12-Count-Frozen/10415393?fulfillmentIntent=Pickup,"Great Value Buttermilk Pancakes, 16.5 oz, 12 Count (Frozen)",Great Value,2.0,2.0,16.5,,2022-09-11 21:20:04,16496766
332964,78130,Frozen,Frozen Breakfast,Shop all,Frozen/Frozen Breakfast,828843052,https://www.walmart.com/ip/Cinnabon-Cinnamon-Filled-Cinnapastry-Frosting-14-9-Oz-4-Count/828843052?fulfillmentIntent=Pickup,"Cinnabon Cinnamon Filled Cinnapastry Frosting, 14.9 Oz, 4 Count",Cinnabon,7.12,7.12,14.9,,2022-09-11 21:20:04,16496768
332966,78130,Frozen,Frozen Breakfast,Shop all,Frozen/Frozen Breakfast,10891836,https://www.walmart.com/ip/Eggo-Frozen-Waffles-Chocolatey-Chip-12-3-Oz-Box-Frozen/10891836?fulfillmentIntent=Pickup,"Eggo Frozen Waffles, Chocolatey Chip, 12.3 Oz, Box, Frozen",Eggo,2.82,2.82,12.3,,2022-09-11 21:20:04,16496770
332967,78130,Frozen,Frozen Breakfast,Shop all,Frozen/Frozen Breakfast,10813702,https://www.walmart.com/ip/Pillsbury-Grands-Southern-Style-Frozen-Breakfast-Biscuits-Value-Pack-20-ct-41-6-oz/10813702?fulfillmentIntent=Pickup,"Pillsbury Grands! Southern Style Frozen Breakfast Biscuits, Value Pack, 20 ct., 41.6 oz",Pillsbury,4.84,4.84,41.6,,2022-09-11 21:20:04,16496771
332968,78130,Frozen,Frozen Breakfast,Shop all,Frozen/Frozen Breakfast,13399284,https://www.walmart.com/ip/Eggo-Frozen-Waffles-Blueberry-29-6-Oz-Box-Frozen/13399284?fulfillmentIntent=Pickup,"Eggo Frozen Waffles, Blueberry, 29.6 Oz, Box, Frozen",Eggo,5.98,5.98,29.6,,2022-09-11 21:20:04,16496772
332971,78130,Frozen,Frozen Breakfast,Shop all,Frozen/Frozen Breakfast,766173615,https://www.walmart.com/ip/TINA-S-8ct-Egg-Potato-Cheese-Sausage-Breakfast-Wraps-8-8-3-6oz/766173615?fulfillmentIntent=Pickup,"TINA'S 8ct Egg, Potato, Cheese, Sausage Breakfast Wraps 8/8/3.6oz",Tina's,5.98,5.98,3.6,,2022-09-11 21:20:04,16496775
332972,78130,Frozen,Frozen Breakfast,Shop all,Frozen/Frozen Breakfast,20971296,https://www.walmart.com/ip/Eggo-Frozen-Waffles-Original-23-2-Oz-Box-Frozen/20971296?fulfillmentIntent=Pickup,"Eggo Frozen Waffles, Original, 23.2 Oz, Box, Frozen",Eggo,5.98,5.98,23.2,,2022-09-11 21:20:04,16496776
332975,78130,Frozen,Frozen Breakfast,Shop all,Frozen/Frozen Breakfast,37560406,https://www.walmart.com/ip/El-Monterey-Signature-Egg-Applewood-Smoked-Bacon-Cheese-Burritos-54-oz-12-Ct-Frozen/37560406?fulfillmentIntent=Pickup,"El Monterey Signature Egg, Applewood Smoked Bacon & Cheese Burritos, 54 oz, 12 Ct (Frozen)",El Monterey,14.72,14.72,54,,2022-09-11 21:20:04,16496779
332976,78130,Frozen,Frozen Breakfast,Shop all,Frozen/Frozen Breakfast,37011488,https://www.walmart.com/ip/El-Monterey-Signature-Egg-Sausage-Cheese-Burritos-54-oz-12-Ct-Frozen/37011488?fulfillmentIntent=Pickup,"El Monterey Signature Egg, Sausage & Cheese Burritos, 54 oz, 12 Ct (Frozen)",El Monterey,14.72,14.72,54,,2022-09-11 21:20:04,16496780
332977,78130,Frozen,Frozen Breakfast,Shop all,Frozen/Frozen Breakfast,45726076,https://www.walmart.com/ip/El-Monterey-Signature-Meat-Lovers-Burritos-54-oz-12-Ct-Frozen/45726076?fulfillmentIntent=Pickup,"El Monterey Signature Meat Lovers Burritos, 54 oz, 12 Ct (Frozen)",El Monterey,14.72,14.72,54,,2022-09-11 21:20:04,16496781
332978,78130,Frozen,Frozen Breakfast,Shop all,Frozen/Frozen Breakfast,10794791,https://www.walmart.com/ip/Ore-Ida-Diced-Hash-Brown-Frozen-Potatoes-32-oz-Bag/10794791?fulfillmentIntent=Pickup,"Ore-Ida Diced Hash Brown Frozen Potatoes, 32 oz Bag",Ore-Ida,3.68,3.68,32,,2022-09-11 21:20:04,16496782
332979,78130,Frozen,Frozen Breakfast,Shop all,Frozen/Frozen Breakfast,22089972,https://www.walmart.com/ip/Great-Value-Original-Pork-Sausage-Links-24-Oz-15-Ct-Frozen/22089972?fulfillmentIntent=Pickup,"Great Value Original Pork Sausage Links, 24 Oz, 15 Ct ( Frozen)",Great Value,8.82,8.82,24,,2022-09-11 21:20:04,16496783
332981,78130,Frozen,Frozen Breakfast,Shop all,Frozen/Frozen Breakfast,606554088,https://www.walmart.com/ip/Garden-Lites-Veggies-Made-Great-Spinach-Egg-White-Frittata-12oz-6-CT-Box-Frozen/606554088?fulfillmentIntent=Pickup,"Garden Lites Veggies Made Great Spinach Egg White Frittata, 12oz, 6 CT Box (Frozen)",Garden Lites,5.14,5.14,12,,2022-09-11 21:20:04,16496785
332983,78130,Frozen,Frozen Breakfast,Shop all,Frozen/Frozen Breakfast,569201574,https://www.walmart.com/ip/Jimmy-Dean-Delights-Bacon-Ham-Veggies-Frittatas-12-oz-6-Ct-Frozen/569201574?fulfillmentIntent=Pickup,"Jimmy Dean Delights Bacon, Ham & Veggies Frittatas, 12 oz, 6 Ct (Frozen)",Jimmy Dean,7.58,7.58,12,,2022-09-11 21:20:04,16496787
332985,78130,Frozen,Frozen Breakfast,Shop all,Frozen/Frozen Breakfast,10813696,https://www.walmart.com/ip/Pillsbury-Grands-Buttermilk-Biscuits-Frozen-Dough-12-ct-25-oz/10813696?fulfillmentIntent=Pickup,"Pillsbury Grands! Buttermilk Biscuits Frozen Dough, 12 ct., 25 oz.",Pillsbury,4.12,4.12,25,,2022-09-11 21:20:04,16496789
332986,78130,Frozen,Frozen Breakfast,Shop all,Frozen/Frozen Breakfast,47314773,https://www.walmart.com/ip/Pillsbury-Grands-Butter-Tastin-Frozen-Biscuits-Value-Pack-20-ct-41-6-oz/47314773?fulfillmentIntent=Pickup,"Pillsbury Grands! Butter Tastin' Frozen Biscuits, Value Pack, 20 ct., 41.6 oz.",Pillsbury,4.84,4.84,41.6,,2022-09-11 21:20:04,16496790
332987,78130,Frozen,Frozen Breakfast,Shop all,Frozen/Frozen Breakfast,10818585,https://www.walmart.com/ip/Mary-B-s-Butter-Taste-Biscuits-44-oz-20-Count/10818585?fulfillmentIntent=Pickup,"Mary B's Butter Taste Biscuits, 44 oz, 20 Count",Mary B's,5.13,5.13,44,,2022-09-11 21:20:04,16496791
332992,78130,Frozen,Frozen Breakfast,Shop all,Frozen/Frozen Breakfast,279650585,https://www.walmart.com/ip/Tina-s-Cantina-Sausage-Egg-Cheese-Breakfast-Burritos-48-Oz-12-Ct-Frozen/279650585?fulfillmentIntent=Pickup,"Tina's Cantina Sausage, Egg & Cheese Breakfast Burritos, 48 Oz, 12 Ct (Frozen)",Tina's,13.23,13.23,48,,2022-09-11 21:20:04,16496796
332993,78130,Frozen,Frozen Breakfast,Shop all,Frozen/Frozen Breakfast,113803069,https://www.walmart.com/ip/Jimmy-Dean-Simple-Scrambles-Bacon-Quick-Breakfast-Cup-5-35-oz/113803069?fulfillmentIntent=Pickup,"Jimmy Dean Simple Scrambles Bacon Quick Breakfast Cup, 5.35 oz",Jimmy Dean,3.18,3.18,5.35,,2022-09-11 21:20:04,16496797
332994,78130,Frozen,Frozen Breakfast,Shop all,Frozen/Frozen Breakfast,393011452,https://www.walmart.com/ip/Kodiak-Cakes-Kosher-Buttermilk-Vanilla-Power-Waffles-13-4oz-10-CT-Box-Frozen/393011452?fulfillmentIntent=Pickup,"Kodiak Cakes Kosher Buttermilk & Vanilla Power Waffles, 13.4oz, 10 CT Box (Frozen)",Kodiak Cakes,6.68,6.68,13.4,,2022-09-11 21:20:04,16496798
332996,78130,Frozen,Frozen Breakfast,Shop all,Frozen/Frozen Breakfast,385979712,https://www.walmart.com/ip/Jimmy-Dean-Simple-Scrambles-Turkey-Sausage-Quick-Breakfast-Cup-5-35-oz/385979712?fulfillmentIntent=Pickup,"Jimmy Dean Simple Scrambles Turkey Sausage Quick Breakfast Cup, 5.35 oz",Jimmy Dean,3.18,3.18,5.35,,2022-09-11 21:20:04,16496800
332998,78130,Frozen,Frozen Breakfast,Shop all,Frozen/Frozen Breakfast,52694735,https://www.walmart.com/ip/El-Monterey-Simply-Breakfast-Egg-Turkey-Sausage-Cheese-Burritos-48-oz-12-Ct-Frozen/52694735?fulfillmentIntent=Pickup,"El Monterey Simply Breakfast Egg, Turkey Sausage & Cheese Burritos, 48 oz, 12 Ct (Frozen)",El Monterey,14.72,14.72,48,,2022-09-11 21:20:04,16496802
332999,78130,Frozen,Frozen Breakfast,Shop all,Frozen/Frozen Breakfast,151936134,https://www.walmart.com/ip/TINA-S-CANTINA-BREAKFAST-MEAT-LOVERS-12CT/151936134?fulfillmentIntent=Pickup,TINA'S CANTINA BREAKFAST MEAT LOVERS 12CT,Tina's,13.23,13.23,12,,2022-09-11 21:20:04,16496803
333000,78130,Frozen,Frozen Breakfast,Shop all,Frozen/Frozen Breakfast,25596687,https://www.walmart.com/ip/Applegate-Natural-Savory-Turkey-Breakfast-Sausage-7oz-10-CT-Box-Frozen/25596687?fulfillmentIntent=Pickup,"Applegate Natural Savory Turkey Breakfast Sausage, 7oz, 10 CT Box (Frozen)",Applegate,4.18,4.18,7,,2022-09-11 21:20:04,16496804
333001,78130,Frozen,Frozen Breakfast,Shop all,Frozen/Frozen Breakfast,244985868,https://www.walmart.com/ip/Kodiak-Cakes-Blueberry-Thick-Fluffy-Protein-Waffles-14-82oz-6-CT-Box-Frozen/244985868?fulfillmentIntent=Pickup,"Kodiak Cakes Blueberry Thick & Fluffy Protein Waffles, 14.82oz, 6 CT Box (Frozen)",Kodiak Cakes,5.68,5.68,14.82,,2022-09-11 21:20:04,16496805
333002,78130,Frozen,Frozen Breakfast,Shop all,Frozen/Frozen Breakfast,830711605,https://www.walmart.com/ip/Kodiak-Cakes-Protein-Packed-Buttermilk-Pancakes-15-38oz-12-CT-Box-Frozen/830711605?fulfillmentIntent=Pickup,"Kodiak Cakes Protein-Packed Buttermilk Pancakes, 15.38oz, 12 CT Box (Frozen)",Kodiak Cakes,6.68,6.68,15.38,,2022-09-11 21:20:04,16496806
333003,78130,Frozen,Frozen Breakfast,Shop all,Frozen/Frozen Breakfast,488267361,https://www.walmart.com/ip/Birch-Benders-Keto-Frozen-Waffles-6ct/488267361?fulfillmentIntent=Pickup&athbdg=L1300,"Birch Benders Keto Frozen Waffles, 6ct",Birch Benders,4.48,3.98,6,,2022-09-11 21:20:04,16496807
333004,78130,Frozen,Frozen Breakfast,Shop all,Frozen/Frozen Breakfast,570810357,https://www.walmart.com/ip/Kodiak-Cakes-Protein-Packed-Chocolate-Chip-Waffles-10-72oz-8-CT-Box-Frozen/570810357?fulfillmentIntent=Pickup,"Kodiak Cakes Protein-Packed Chocolate Chip Waffles, 10.72oz, 8 CT Box (Frozen)",Kodiak Cakes,6.68,6.68,10.72,,2022-09-11 21:20:04,16496808
333006,78130,Frozen,Frozen Breakfast,Shop all,Frozen/Frozen Breakfast,980436347,https://www.walmart.com/ip/Kodiak-Cakes-Buttermilk-Vanilla-Thick-Fluffy-Protein-Waffles-14-82oz-6-CT-Box-Frozen/980436347?fulfillmentIntent=Pickup,"Kodiak Cakes Buttermilk & Vanilla Thick & Fluffy Protein Waffles, 14.82oz, 6 CT Box (Frozen)",Kodiak Cakes,5.68,5.68,14.82,,2022-09-11 21:20:04,16496810
333007,78130,Frozen,Frozen Breakfast,Shop all,Frozen/Frozen Breakfast,672435904,https://www.walmart.com/ip/JUST-Egg-Folded-plant-based-egg-4-count-8-oz/672435904?fulfillmentIntent=Pickup,"JUST Egg Folded, plant-based egg, 4 count, 8 oz",JUST Egg,4.08,4.08,8,,2022-09-11 21:20:04,16496811
333008,78130,Frozen,Frozen Breakfast,Shop all,Frozen/Frozen Breakfast,545125454,https://www.walmart.com/ip/Beyond-Meat-Beyond-Breakfast-Sausage-Plant-Based-Breakfast-Patties-Original-7-4-oz/545125454?fulfillmentIntent=Pickup,"Beyond Meat Beyond Breakfast Sausage Plant-Based Breakfast Patties, Original 7.4 oz",BEYOND MEAT,5.14,5.14,7.4,,2022-09-11 21:20:04,16496812
333009,78130,Frozen,Frozen Breakfast,Shop all,Frozen/Frozen Breakfast,886228786,https://www.walmart.com/ip/Gardein-Plant-Based-Vegan-SW-Saus-age-Veggie-Breakfast-Bowl-8-5-Oz/886228786?fulfillmentIntent=Pickup,"Gardein Plant-Based, Vegan SW Saus'age & Veggie Breakfast Bowl, 8.5 Oz",Gardein,5.14,5.14,8.5,,2022-09-11 21:20:04,16496813
333010,78130,Frozen,Frozen Breakfast,Shop all,Frozen/Frozen Breakfast,359147020,https://www.walmart.com/ip/Gardein-Plant-Based-Vegan-Saus-age-Potato-Kale-Bkfst-Bowl-8-5-Oz/359147020?fulfillmentIntent=Pickup,"Gardein Plant-Based, Vegan Saus'age, Potato & Kale Bkfst Bowl, 8.5 Oz",Gardein,5.14,5.14,8.5,,2022-09-11 21:20:04,16496814
333011,78130,Frozen,Frozen Breakfast,Shop all,Frozen/Frozen Breakfast,149883737,https://www.walmart.com/ip/Sweet-Earth-Big-Sur-Frozen-Breakfast-Burrito-Vegan-Frozen-Burrito-5-5-Oz-Plant-Based-Protein-Microwav-5-5-oz/149883737?fulfillmentIntent=Pickup,"Sweet Earth Big Sur Frozen Breakfast Burrito, Vegan Frozen Burrito 5.5 Oz - Plant Based Protein Microwav 5.5 oz",Sweet Earth Natural Foods,3.64,3.64,5.5,,2022-09-11 21:20:04,16496815
333012,78130,Frozen,Frozen Breakfast,Shop all,Frozen/Frozen Breakfast,777273424,https://www.walmart.com/ip/Don-Lee-Farms-Frozen-Chicken-Maple-Breakfast-Sausage/777273424?fulfillmentIntent=Pickup,Don Lee Farms Frozen Chicken Maple Breakfast Sausage,Don Lee Farms,12.18,12.18,,,2022-09-11 21:20:04,16496816
333013,78130,Frozen,Frozen Breakfast,Shop all,Frozen/Frozen Breakfast,879531602,https://www.walmart.com/ip/Beyond-Meat-Beyond-Breakfast-Sausage-Plant-Based-Breakfast-Patties-Spicy-7-4-oz/879531602?fulfillmentIntent=Pickup,"Beyond Meat Beyond Breakfast Sausage Plant-Based Breakfast Patties, Spicy 7.4 oz",BEYOND MEAT,5.14,5.14,7.4,,2022-09-11 21:20:04,16496817
334447,78130,Frozen,Frozen Meals & Snacks,Shop all,Frozen/Frozen Meals & Snacks,10849748,https://www.walmart.com/ip/Uncrustables-Peanut-Butter-Grape-Jelly-Sandwich-10-Count-Pack/10849748?fulfillmentIntent=Pickup&athbdg=L1600,"Uncrustables Peanut Butter & Grape Jelly Sandwich, 10-Count Pack",Smucker's,9.48,9.48,,,2022-09-11 21:20:04,16498251
334449,78130,Frozen,Frozen Meals & Snacks,Shop all,Frozen/Frozen Meals & Snacks,13925167,https://www.walmart.com/ip/Great-Value-Breaded-Fully-Cooked-Popcorn-Chicken-25-5-oz/13925167?fulfillmentIntent=Pickup,"Great Value Breaded Fully Cooked Popcorn Chicken, 25.5 oz",Great Value,7.68,7.68,25.5,,2022-09-11 21:20:04,16498253
334460,78130,Frozen,Frozen Meals & Snacks,Shop all,Frozen/Frozen Meals & Snacks,10805144,https://www.walmart.com/ip/Uncrustables-Peanut-Butter-Strawberry-Jam-Sandwich-10-Count-Pack/10805144?fulfillmentIntent=Pickup,"Uncrustables Peanut Butter & Strawberry Jam Sandwich, 10-Count Pack",Smucker's,9.48,9.48,,,2022-09-11 21:20:04,16498264
334560,78130,Frozen,Frozen Meals & Snacks,Shop all,Frozen/Frozen Meals & Snacks,37912491,https://www.walmart.com/ip/Healthy-Choice-Simply-Steamers-Grilled-Chicken-Marsala-9-9-oz/37912491?fulfillmentIntent=Pickup,"Healthy Choice Simply Steamers Grilled Chicken Marsala, 9.9 oz",Healthy Choice,3.42,3.42,9.9,,2022-09-11 21:20:04,16498364
334568,78130,Frozen,Frozen Meals & Snacks,Shop all,Frozen/Frozen Meals & Snacks,51726946,https://www.walmart.com/ip/Healthy-Choice-Caf-Steamers-Chicken-Fettuccini-Alfredo-Frozen-Meal-10-oz/51726946?fulfillmentIntent=Pickup,"Healthy Choice Caf Steamers Chicken Fettuccini Alfredo Frozen Meal, 10 oz.",Healthy Choice,3.12,3.12,10,,2022-09-11 21:20:04,16498372
334571,78130,Frozen,Frozen Meals & Snacks,Shop all,Frozen/Frozen Meals & Snacks,12166647,https://www.walmart.com/ip/Hot-Pockets-Frozen-Snacks-Chicken-Bacon-Ranch-Frozen-Sandwiches-8-5-oz/12166647?fulfillmentIntent=Pickup,Hot Pockets Frozen Snacks Chicken Bacon Ranch Frozen Sandwiches 8.5 oz,Hot Pockets,2.98,2.98,8.5,,2022-09-11 21:20:04,16498375
334647,78130,Frozen,Frozen Meals & Snacks,Shop all,Frozen/Frozen Meals & Snacks,15724136,https://www.walmart.com/ip/PR-White-Castle-Classic-Cheese-Sliders-16-count-29-28-oz/15724136?fulfillmentIntent=Pickup,PR White Castle Classic Cheese Sliders. 16 count 29.28 oz,White Castle,14.48,14.48,29.28,,2022-09-11 21:20:04,16498451
334663,78130,Frozen,Frozen Meals & Snacks,Shop all,Frozen/Frozen Meals & Snacks,47455634,https://www.walmart.com/ip/Banquet-Frozen-Meal-Chicken-Nuggets-with-Mac-Cheese-6-2-Ounce/47455634?fulfillmentIntent=Pickup,"Banquet Frozen Meal, Chicken Nuggets with Mac & Cheese, 6.2 Ounce",Banquet,1.48,1.48,6.2,,2022-09-11 21:20:04,16498467
334671,78130,Frozen,Frozen Meals & Snacks,Shop all,Frozen/Frozen Meals & Snacks,24225480,https://www.walmart.com/ip/Hungry-Man-Smokin-Backyard-Barbeque-Frozen-Dinner-15-25-oz/24225480?fulfillmentIntent=Pickup,"Hungry Man Smokin' Backyard Barbeque Frozen Dinner, 15.25 oz.",Hungry-Man,3.74,3.74,15.25,,2022-09-11 21:20:04,16498475
334846,78130,Frozen,"Frozen Pizza, Pasta, & Breads",Shop all,"Frozen/Frozen Pizza, Pasta, & Breads",515065622,https://www.walmart.com/ip/DiGiorno-Fully-Stuffed-Crust-Ultimate-Three-Meat-Frozen-Pizza-30-8-Oz-31-7-oz/515065622?fulfillmentIntent=Pickup,"DiGiorno Fully Stuffed Crust Ultimate Three Meat Frozen Pizza, 30.8 Oz 31.7 oz.",DiGiorno,9.78,9.78,30.8,,2022-09-11 21:20:04,16498650
334858,78130,Frozen,"Frozen Pizza, Pasta, & Breads",Shop all,"Frozen/Frozen Pizza, Pasta, & Breads",45942065,https://www.walmart.com/ip/Tony-s-Pizzeria-Style-Pizza-Large-Pepperoni-18-56-oz/45942065?fulfillmentIntent=Pickup,"Tony's Pizzeria Style Pizza, Large Pepperoni, 18.56 oz",TONY'S Pizza,2.98,2.98,18.56,,2022-09-11 21:20:04,16498662
334862,78130,Frozen,"Frozen Pizza, Pasta, & Breads",Shop all,"Frozen/Frozen Pizza, Pasta, & Breads",10996981,https://www.walmart.com/ip/Pepperidge-Farm-Frozen-Garlic-Garlic-Bread-10-oz-Loaf/10996981?fulfillmentIntent=Pickup&athbdg=L1600,"Pepperidge Farm Frozen Garlic Garlic Bread, 10 oz. Loaf",Pepperidge Farm,2.72,2.72,10,,2022-09-11 21:20:04,16498666
334863,78130,Frozen,"Frozen Pizza, Pasta, & Breads",Shop all,"Frozen/Frozen Pizza, Pasta, & Breads",465060858,https://www.walmart.com/ip/Totino-s-Pizza-Rolls-Pepperoni-Flavored-Frozen-Snacks-63-5-oz-130-ct/465060858?fulfillmentIntent=Pickup,"Totino's Pizza Rolls, Pepperoni Flavored, Frozen Snacks, 63.5 oz, 130 ct",Totino's,11.98,11.98,63.5,,2022-09-11 21:20:04,16498667
334864,78130,Frozen,"Frozen Pizza, Pasta, & Breads",Shop all,"Frozen/Frozen Pizza, Pasta, & Breads",620269488,https://www.walmart.com/ip/Great-Value-Microwave-Cheese-Pizza-7-2-oz/620269488?fulfillmentIntent=Pickup,"Great Value Microwave Cheese Pizza, 7.2 oz",Great Value,1.0,1.0,7.2,,2022-09-11 21:20:04,16498668
334868,78130,Frozen,"Frozen Pizza, Pasta, & Breads",Shop all,"Frozen/Frozen Pizza, Pasta, & Breads",10813483,https://www.walmart.com/ip/Totino-s-Party-Pizza-Combination-Frozen-Snacks-10-7-oz-1-ct/10813483?fulfillmentIntent=Pickup,"Totino's Party Pizza, Combination, Frozen Snacks, 10.7 oz, 1 ct",Totino's,1.88,1.88,10.7,,2022-09-11 21:20:04,16498672
334869,78130,Frozen,"Frozen Pizza, Pasta, & Breads",Shop all,"Frozen/Frozen Pizza, Pasta, & Breads",639327476,https://www.walmart.com/ip/Sam-s-Choice-Thin-Crust-Spinach-Alfredo-Pizza-18-3-oz/639327476?fulfillmentIntent=Pickup,"Sam's Choice Thin Crust Spinach Alfredo Pizza, 18.3 oz",Sam's Choice,5.98,5.98,18.3,,2022-09-11 21:20:04,16498673
334872,78130,Frozen,"Frozen Pizza, Pasta, & Breads",Shop all,"Frozen/Frozen Pizza, Pasta, & Breads",28704946,https://www.walmart.com/ip/Great-Value-Cheese-Ravioli-Pasta-Family-Size-48-oz/28704946?fulfillmentIntent=Pickup,"Great Value Cheese Ravioli Pasta Family Size, 48 oz",Great Value,5.97,5.97,48,,2022-09-11 21:20:04,16498676
334886,78130,Frozen,"Frozen Pizza, Pasta, & Breads",Shop all,"Frozen/Frozen Pizza, Pasta, & Breads",485532760,https://www.walmart.com/ip/Great-Value-Rising-Crust-Pizza-Cheese-27-4-oz/485532760?fulfillmentIntent=Pickup,"Great Value Rising Crust Pizza, Cheese, 27.4 oz",Great Value,3.98,3.98,27.4,,2022-09-11 21:20:04,16498690
334893,78130,Frozen,"Frozen Pizza, Pasta, & Breads",Shop all,"Frozen/Frozen Pizza, Pasta, & Breads",332709569,https://www.walmart.com/ip/Motor-City-Five-Cheese-Cheese-Bread/332709569?fulfillmentIntent=Pickup,Motor City Five Cheese Cheese Bread,Motor City Brewing Works,7.44,7.44,,,2022-09-11 21:20:04,16498697
334898,78130,Frozen,"Frozen Pizza, Pasta, & Breads",Shop all,"Frozen/Frozen Pizza, Pasta, & Breads",14089410,https://www.walmart.com/ip/Bagel-Bites-Cheese-Pepperoni-Mini-Pizza-Bagel-Frozen-Snacks-18-ct-Box/14089410?fulfillmentIntent=Pickup,"Bagel Bites Cheese & Pepperoni Mini Pizza Bagel Frozen Snacks, 18 ct Box",Bagel Bites,4.37,4.37,18,,2022-09-11 21:20:04,16498702
334912,78130,Frozen,"Frozen Pizza, Pasta, & Breads",Shop all,"Frozen/Frozen Pizza, Pasta, & Breads",15211677,https://www.walmart.com/ip/Bagel-Bites-Cheese-Pepperoni-Mini-Pizza-Bagel-Frozen-Snacks-40-ct-Box/15211677?fulfillmentIntent=Pickup,"Bagel Bites Cheese & Pepperoni Mini Pizza Bagel Frozen Snacks, 40 ct Box",Bagel Bites,8.97,8.97,40,,2022-09-11 21:20:04,16498716
334921,78130,Frozen,"Frozen Pizza, Pasta, & Breads",Shop all,"Frozen/Frozen Pizza, Pasta, & Breads",847102297,https://www.walmart.com/ip/One-Bite-Thin-Crust-Cheese-Pizza/847102297?fulfillmentIntent=Pickup,One Bite Thin Crust Cheese Pizza,One Bite,6.48,6.48,,,2022-09-11 21:20:04,16498725
334931,78130,Frozen,"Frozen Pizza, Pasta, & Breads",Shop all,"Frozen/Frozen Pizza, Pasta, & Breads",45810747,https://www.walmart.com/ip/Pepperidge-Farm-Texas-Toast-Frozen-5-Cheese-Bread-8-Slices-12-7-oz-Box/45810747?fulfillmentIntent=Pickup,"Pepperidge Farm Texas Toast Frozen 5 Cheese Bread, 8 Slices, 12.7 oz. Box",Pepperidge Farm,2.82,2.82,12.7,,2022-09-11 21:20:04,16498735
334932,78130,Frozen,"Frozen Pizza, Pasta, & Breads",Shop all,"Frozen/Frozen Pizza, Pasta, & Breads",233845946,https://www.walmart.com/ip/Sam-s-Choice-Thin-Crust-Margherita-Pizza-18-5-oz/233845946?fulfillmentIntent=Pickup,"Sam's Choice Thin Crust Margherita Pizza, 18.5 oz",Sam's Choice,5.98,5.98,18.5,,2022-09-11 21:20:04,16498736
334940,78130,Frozen,"Frozen Pizza, Pasta, & Breads",Shop all,"Frozen/Frozen Pizza, Pasta, & Breads",741508735,https://www.walmart.com/ip/Sister-Schubert-s-Cinnamon-Rolls-17-oz-8-Ct/741508735?fulfillmentIntent=Pickup,"Sister Schubert's Cinnamon Rolls, 17 oz, 8 Ct",Sister Schubert's,3.87,3.87,17,,2022-09-11 21:20:04,16498744
334942,78130,Frozen,"Frozen Pizza, Pasta, & Breads",Shop all,"Frozen/Frozen Pizza, Pasta, & Breads",938462515,https://www.walmart.com/ip/Michael-Angelo-s-Three-Cheese-Baked-Ziti-42-oz/938462515?fulfillmentIntent=Pickup,Michael Angelo's Three Cheese Baked Ziti 42 oz,Michael Angelo's,11.28,11.28,42,,2022-09-11 21:20:04,16498746
334949,78130,Frozen,"Frozen Pizza, Pasta, & Breads",Shop all,"Frozen/Frozen Pizza, Pasta, & Breads",43249995,https://www.walmart.com/ip/Screamin-Sicilian-Original-Supremus-Maximus-Pizza-25-oz/43249995?fulfillmentIntent=Pickup,"Screamin' Sicilian Original Supremus Maximus Pizza, 25 oz",Screamin' Sicilian,6.98,6.98,25,,2022-09-11 21:20:04,16498753
334955,78130,Frozen,"Frozen Pizza, Pasta, & Breads",Shop all,"Frozen/Frozen Pizza, Pasta, & Breads",700826718,https://www.walmart.com/ip/Bertolli-Frozen-Skillet-Meals-Family-Size-Chicken-Parmigiana-Penne-36-Oz/700826718?fulfillmentIntent=Pickup,"Bertolli Frozen Skillet Meals Family Size Chicken Parmigiana & Penne, 36 Oz",Bertolli,10.77,10.77,36,,2022-09-11 21:20:04,16498759
334968,78130,Frozen,"Frozen Pizza, Pasta, & Breads",Shop all,"Frozen/Frozen Pizza, Pasta, & Breads",17056833,https://www.walmart.com/ip/Pepperidge-Farm-Texas-Toast-Frozen-Garlic-Bread-11-25-oz-Box/17056833?fulfillmentIntent=Pickup,"Pepperidge Farm Texas Toast Frozen Garlic Bread, 11.25 oz. Box",Pepperidge Farm,2.82,2.82,11.25,,2022-09-11 21:20:04,16498772
334972,78130,Frozen,"Frozen Pizza, Pasta, & Breads",Shop all,"Frozen/Frozen Pizza, Pasta, & Breads",626784884,https://www.walmart.com/ip/Great-Value-Pasta-Primavera-11-oz/626784884?fulfillmentIntent=Pickup,"Great Value Pasta Primavera, 11 oz",Great Value,2.87,2.87,11,,2022-09-11 21:20:04,16498776
334982,78130,Frozen,"Frozen Pizza, Pasta, & Breads",Shop all,"Frozen/Frozen Pizza, Pasta, & Breads",10813426,https://www.walmart.com/ip/Kid-Cuisine-Pop-Star-Popcorn-Chicken-Frozen-Meal-With-Corn-French-Fries-Strawberry-Cake-8-65-oz/10813426?fulfillmentIntent=Pickup,"Kid Cuisine Pop Star Popcorn Chicken Frozen Meal With Corn, French Fries & Strawberry Cake, 8.65 oz.",Kid Cuisine,2.48,2.48,8.65,,2022-09-11 21:20:04,16498786
334983,78130,Frozen,"Frozen Pizza, Pasta, & Breads",Shop all,"Frozen/Frozen Pizza, Pasta, & Breads",40839822,https://www.walmart.com/ip/Hot-Pockets-Frozen-Snacks-Four-Cheese-Pizza-Garlic-Buttery-Crust-Frozen-Sandwiches-21-25-oz/40839822?fulfillmentIntent=Pickup,Hot Pockets Frozen Snacks Four Cheese Pizza Garlic Buttery Crust Frozen Sandwiches 21.25 oz,Hot Pockets,6.48,6.48,21.25,,2022-09-11 21:20:04,16498787
334987,78130,Frozen,"Frozen Pizza, Pasta, & Breads",Shop all,"Frozen/Frozen Pizza, Pasta, & Breads",14122461,https://www.walmart.com/ip/Hot-Pockets-Frozen-Snacks-Four-Cheese-Pizza-Garlic-Buttery-Crust-Frozen-Sandwiches-51-oz/14122461?fulfillmentIntent=Pickup,Hot Pockets Frozen Snacks Four Cheese Pizza Garlic Buttery Crust Frozen Sandwiches 51 oz,Hot Pockets,13.48,13.48,51,,2022-09-11 21:20:04,16498791
334991,78130,Frozen,"Frozen Pizza, Pasta, & Breads",Shop all,"Frozen/Frozen Pizza, Pasta, & Breads",10292977,https://www.walmart.com/ip/Freschetta-Naturally-Rising-Crust-Pepperoni-Pizza-27-35-oz/10292977?fulfillmentIntent=Pickup,"Freschetta Naturally Rising Crust Pepperoni Pizza, 27.35 oz",FRESCHETTA,4.98,4.98,27.35,,2022-09-11 21:20:04,16498795
334994,78130,Frozen,"Frozen Pizza, Pasta, & Breads",Shop all,"Frozen/Frozen Pizza, Pasta, & Breads",103151074,https://www.walmart.com/ip/Great-Value-Creamy-Chicken-Pasta-28-oz-Frozen/103151074?fulfillmentIntent=Pickup,"Great Value Creamy Chicken & Pasta, 28 oz (Frozen)",Great Value,6.97,6.97,28,,2022-09-11 21:20:04,16498798
335014,78130,Frozen,"Frozen Pizza, Pasta, & Breads",Shop all,"Frozen/Frozen Pizza, Pasta, & Breads",10804750,https://www.walmart.com/ip/Lean-Cuisine-Pepperoni-Traditional-Pizza-6-oz-Frozen/10804750?fulfillmentIntent=Pickup,"Lean Cuisine Pepperoni, Traditional Pizza, 6 oz (Frozen)",Lean Cuisine,3.58,3.58,6,,2022-09-11 21:20:04,16498818
335021,78130,Frozen,"Frozen Pizza, Pasta, & Breads",Shop all,"Frozen/Frozen Pizza, Pasta, & Breads",15240674,https://www.walmart.com/ip/Smart-Ones-Chicken-Fettuccine-with-Parmesan-Sauce-Frozen-Meal-9-25-oz-Box/15240674?fulfillmentIntent=Pickup&athbdg=L1300,"Smart Ones Chicken Fettuccine with Parmesan Sauce Frozen Meal, 9.25 oz Box",SMART ONES,2.18,1.96,9.25,,2022-09-11 21:20:04,16498825
335060,78130,Frozen,"Frozen Pizza, Pasta, & Breads",Shop all,"Frozen/Frozen Pizza, Pasta, & Breads",250071883,https://www.walmart.com/ip/Lean-Cuisine-Bowls-Shrimp-Alfredo-Frozen-Meal-10-875-Ounce-10-875-oz/250071883?fulfillmentIntent=Pickup,"Lean Cuisine Bowls Shrimp Alfredo Frozen Meal, 10.875 Ounce 10.875 oz",Lean Cuisine,4.14,4.14,10.875,,2022-09-11 21:20:04,16498864
335155,78130,Frozen,Frozen Meals & Snacks,Shop all,Frozen/Frozen Meals & Snacks,10804834,https://www.walmart.com/ip/Lean-Cuisine-Favorites-Swedish-Meatballs-Frozen-Meal-9-125-oz/10804834?fulfillmentIntent=Pickup,Lean Cuisine Favorites Swedish Meatballs Frozen Meal 9.125 oz,Lean Cuisine,2.62,2.62,9.125,,2022-09-11 21:20:04,16498959
335172,78130,Frozen,Frozen Meals & Snacks,Shop all,Frozen/Frozen Meals & Snacks,358820788,https://www.walmart.com/ip/Healthy-Choice-Power-Bowls-Basil-Pesto-Chicken-With-Riced-Cauliflower-Frozen-Meal-9-25-oz/358820788?fulfillmentIntent=Pickup,"Healthy Choice Power Bowls Basil Pesto Chicken With Riced Cauliflower Frozen Meal, 9.25 oz.",Healthy Choice,3.98,3.98,9.25,,2022-09-11 21:20:04,16498976
335222,78130,Frozen,Frozen Meals & Snacks,Shop all,Frozen/Frozen Meals & Snacks,15249515,https://www.walmart.com/ip/Lean-Cuisine-Features-Chicken-Parmesan-Frozen-Meal-10-875-oz/15249515?fulfillmentIntent=Pickup,Lean Cuisine Features Chicken Parmesan Frozen Meal 10.875 oz,Lean Cuisine,3.58,3.58,10.875,,2022-09-11 21:20:04,16499026
335249,78130,Frozen,Frozen Meals & Snacks,Shop all,Frozen/Frozen Meals & Snacks,35591553,https://www.walmart.com/ip/Delimex-Chicken-Cheese-Large-Flour-Taquitos-Frozen-Snacks-18-ct-Box/35591553?fulfillmentIntent=Pickup,"Delimex Chicken & Cheese Large Flour Taquitos Frozen Snacks, 18 ct Box",Delimex,5.38,5.38,18,,2022-09-11 21:20:04,16499053
335255,78130,Frozen,Frozen Meals & Snacks,Shop all,Frozen/Frozen Meals & Snacks,708788812,https://www.walmart.com/ip/Great-Value-Buffalo-Style-Fully-Cooked-Chicken-Wings-22-oz/708788812?fulfillmentIntent=Pickup,"Great Value Buffalo Style Fully Cooked Chicken Wings, 22 oz",Great Value,9.64,9.64,22,,2022-09-11 21:20:04,16499059
335364,78130,Frozen,Frozen Meals & Snacks,Shop all,Frozen/Frozen Meals & Snacks,49238685,https://www.walmart.com/ip/Tina-s-Bean-Cheese-Burrito-4-oz/49238685?fulfillmentIntent=Pickup,"Tina's Bean & Cheese Burrito, 4 oz",Tina's,0.58,0.58,4,,2022-09-11 21:20:04,16499168
335371,78130,Frozen,Frozen Meals & Snacks,Shop all,Frozen/Frozen Meals & Snacks,49238684,https://www.walmart.com/ip/Tina-s-Burrito-Beef-Bean-4-oz/49238684?fulfillmentIntent=Pickup,"Tina's Burrito Beef & Bean, 4 oz",Tina's,0.58,0.58,4,,2022-09-11 21:20:04,16499175
335425,78130,Frozen,Frozen Meals & Snacks,Shop all,Frozen/Frozen Meals & Snacks,22660436,https://www.walmart.com/ip/Atkins-Beef-Merlot-9-Oz-Frozen/22660436?fulfillmentIntent=Pickup,Atkins Beef Merlot 9 Oz. (Frozen),Atkins,4.24,4.24,9,,2022-09-11 21:20:04,16499229
335426,78130,Frozen,Frozen Meals & Snacks,Shop all,Frozen/Frozen Meals & Snacks,20441607,https://www.walmart.com/ip/TGI-Fridays-Honey-BBQ-Boneless-Chicken-Bites-Frozen-Snacks-15-oz-Box/20441607?fulfillmentIntent=Pickup,"TGI Fridays Honey BBQ Boneless Chicken Bites Frozen Snacks, 15 oz Box",TGI Fridays,6.44,6.44,15,,2022-09-11 21:20:04,16499230
335430,78130,Frozen,Frozen Meals & Snacks,Shop all,Frozen/Frozen Meals & Snacks,35103132,https://www.walmart.com/ip/Delimex-Beef-Cheese-Large-Flour-Taquitos-Frozen-Snacks-18-ct-Box/35103132?fulfillmentIntent=Pickup,"Delimex Beef & Cheese Large Flour Taquitos Frozen Snacks, 18 ct Box",Delimex,5.38,5.38,18,,2022-09-11 21:20:04,16499234
335432,78130,Frozen,Frozen Meals & Snacks,Shop all,Frozen/Frozen Meals & Snacks,14122356,https://www.walmart.com/ip/Tyson-Fully-Cooked-Southern-Style-Chicken-Breast-Tenderloins-1-56-lb-Bag-Frozen/14122356?fulfillmentIntent=Pickup,"Tyson Fully Cooked Southern Style Chicken Breast Tenderloins, 1.56 lb Bag (Frozen)",Tyson,9.98,9.98,1.56,,2022-09-11 21:20:04,16499236
335437,78130,Frozen,Frozen Meals & Snacks,Shop all,Frozen/Frozen Meals & Snacks,10804772,https://www.walmart.com/ip/Stouffer-s-Chicken-A-La-King-Frozen-Meal-11-5-oz/10804772?fulfillmentIntent=Pickup,Stouffer's Chicken A La King Frozen Meal 11.5 oz.,Stouffer's,3.48,3.48,11.5,,2022-09-11 21:20:04,16499241
335519,78130,Frozen,Frozen Meals & Snacks,Shop all,Frozen/Frozen Meals & Snacks,719983894,https://www.walmart.com/ip/Jos-Ol-Beef-Cheese-Mini-Tacos-16-2-Oz-Frozen/719983894?fulfillmentIntent=Pickup,"Jos Ol Beef & Cheese Mini Tacos, 16.2 Oz (Frozen)",José Olé,5.98,5.98,16.2,,2022-09-11 21:20:04,16499323
335524,78130,Frozen,Frozen Meals & Snacks,Shop all,Frozen/Frozen Meals & Snacks,859240479,https://www.walmart.com/ip/Southern-Style-Chicken-Bites-3-lb-Frozen/859240479?fulfillmentIntent=Pickup,"Southern Style Chicken Bites, 3 lb (Frozen)",Frozen Chicken,11.48,11.48,3,,2022-09-11 21:20:04,16499328
335530,78130,Frozen,Frozen Meals & Snacks,Shop all,Frozen/Frozen Meals & Snacks,668256626,https://www.walmart.com/ip/Bertolli-Frozen-Skillet-Meals-Family-Size-Chicken-Broccoli-Fettuccine-Alfredo-36-Oz/668256626?fulfillmentIntent=Pickup,"Bertolli Frozen Skillet Meals Family Size Chicken Broccoli Fettuccine Alfredo, 36 Oz",Bertolli,10.77,10.77,36,,2022-09-11 21:20:04,16499334
335532,78130,Frozen,Frozen Meals & Snacks,Shop all,Frozen/Frozen Meals & Snacks,10804810,https://www.walmart.com/ip/Lean-Cuisine-Features-Salisbury-Steak-with-Macaroni-Cheese-Frozen-Meal-9-5-oz/10804810?fulfillmentIntent=Pickup,Lean Cuisine Features Salisbury Steak with Macaroni & Cheese Frozen Meal 9.5 oz,Lean Cuisine,3.58,3.58,9.5,,2022-09-11 21:20:04,16499336
335533,78130,Frozen,Frozen Meals & Snacks,Shop all,Frozen/Frozen Meals & Snacks,426625109,https://www.walmart.com/ip/Great-Value-Boneless-Fully-Cooked-Breaded-Chicken-Wyngz-24-oz/426625109?fulfillmentIntent=Pickup,"Great Value Boneless Fully Cooked Breaded Chicken Wyngz, 24 oz",Great Value,8.22,8.22,24,,2022-09-11 21:20:04,16499337
335535,78130,Frozen,Frozen Meals & Snacks,Shop all,Frozen/Frozen Meals & Snacks,27419890,https://www.walmart.com/ip/Hot-Pockets-Frozen-Snacks-Philly-Steak-Cheese-Seasoned-Crust-Frozen-Sandwiches-22-5-oz/27419890?fulfillmentIntent=Pickup,Hot Pockets Frozen Snacks Philly Steak & Cheese Seasoned Crust Frozen Sandwiches 22.5 oz,Hot Pockets,6.48,6.48,22.5,,2022-09-11 21:20:04,16499339
335542,78130,Frozen,Frozen Meals & Snacks,Shop all,Frozen/Frozen Meals & Snacks,616687907,https://www.walmart.com/ip/Bibigo-Steamed-Dumplings-Pork-and-Vegetable-6-6-oz/616687907?fulfillmentIntent=Pickup,"Bibigo Steamed Dumplings - Pork and Vegetable, 6.6 oz",Bibigo,3.24,3.24,6.6,,2022-09-11 21:20:04,16499346
335543,78130,Frozen,Frozen Meals & Snacks,Shop all,Frozen/Frozen Meals & Snacks,514151650,https://www.walmart.com/ip/Life-Cuisine-Cauliflower-Meatlovers-Pizza-Bowl-Frozen-Meal-11-oz/514151650?fulfillmentIntent=Pickup,Life Cuisine Cauliflower Meatlovers Pizza Bowl Frozen Meal 11 oz,Life Cuisine,4.18,4.18,11,,2022-09-11 21:20:04,16499347
335555,78130,Frozen,Frozen Meals & Snacks,Shop all,Frozen/Frozen Meals & Snacks,17670800,https://www.walmart.com/ip/TGI-Fridays-Frozen-Appetizers-Buffalo-Style-Boneless-Chicken-Bites-15-oz-Box/17670800?fulfillmentIntent=Pickup,"TGI Fridays Frozen Appetizers Buffalo Style Boneless Chicken Bites, 15 oz. Box",TGI Fridays,6.44,6.44,15,,2022-09-11 21:20:04,16499359
335670,78130,Frozen,Frozen Meals & Snacks,Shop all,Frozen/Frozen Meals & Snacks,20511533,https://www.walmart.com/ip/El-Monterey-Signature-Chicken-Cheese-Rice-Chimichangas-54-oz-12-Ct-Frozen/20511533?fulfillmentIntent=Pickup,"El Monterey Signature Chicken, Cheese & Rice Chimichangas, 54 oz, 12 Ct (Frozen)",El Monterey,14.88,14.88,54,,2022-09-11 21:20:04,16499474
335674,78130,Frozen,Frozen Meals & Snacks,Shop all,Frozen/Frozen Meals & Snacks,11964934,https://www.walmart.com/ip/TGI-Fridays-Loaded-Cheddar-Bacon-Potato-Skins-Frozen-Snacks-13-5-oz-Box/11964934?fulfillmentIntent=Pickup,"TGI Fridays Loaded Cheddar & Bacon Potato Skins Frozen Snacks, 13.5 oz Box",TGI Fridays,6.44,6.44,13.5,,2022-09-11 21:20:04,16499478
335676,78130,Frozen,Frozen Meals & Snacks,Shop all,Frozen/Frozen Meals & Snacks,689549020,https://www.walmart.com/ip/Banquet-Mega-Meats-Original-Crispy-Chicken-Thigh-with-Homestyle-Mashed-Potatoes-14-25-oz/689549020?fulfillmentIntent=Pickup,"Banquet Mega Meats Original Crispy Chicken Thigh with Homestyle Mashed Potatoes, 14.25 oz",Homestyle Bakes,4.18,4.18,14.25,,2022-09-11 21:20:04,16499480
335688,78130,Frozen,Frozen Meals & Snacks,Shop all,Frozen/Frozen Meals & Snacks,7696441,https://www.walmart.com/ip/Great-Value-Buffalo-Style-Seasoned-Boneless-Fully-Cooked-Chicken-Wyngz-24-oz/7696441?fulfillmentIntent=Pickup,"Great Value Buffalo Style Seasoned Boneless Fully Cooked Chicken Wyngz, 24 oz",Great Value,8.22,8.22,24,,2022-09-11 21:20:04,16499492
335703,78130,Frozen,Frozen Meals & Snacks,Shop all,Frozen/Frozen Meals & Snacks,41318984,https://www.walmart.com/ip/White-Castle-The-Original-Sliders-16-count-25-28-oz/41318984?fulfillmentIntent=Pickup,"White Castle The Original Sliders, 16 count, 25.28 oz",White Castle,14.48,14.48,25.28,,2022-09-11 21:20:04,16499507
335708,78130,Frozen,Frozen Meals & Snacks,Shop all,Frozen/Frozen Meals & Snacks,46806489,https://www.walmart.com/ip/Farm-Rich-Loaded-Potato-Skins-Stuffed-with-Cheddar-Cheese-and-Bacon-16-oz/46806489?fulfillmentIntent=Pickup,"Farm Rich Loaded Potato Skins Stuffed with Cheddar Cheese and Bacon, 16 oz",Farm Rich,6.68,6.68,16,,2022-09-11 21:20:04,16499512
335710,78130,Frozen,Frozen Meals & Snacks,Shop all,Frozen/Frozen Meals & Snacks,462351970,https://www.walmart.com/ip/Life-Cuisine-Chicken-Enchilada-Bowl-Frozen-Meal-10-oz/462351970?fulfillmentIntent=Pickup,Life Cuisine Chicken Enchilada Bowl Frozen Meal 10 oz,Life Cuisine,4.18,4.18,10,,2022-09-11 21:20:04,16499514
335712,78130,Frozen,Frozen Meals & Snacks,Shop all,Frozen/Frozen Meals & Snacks,119457213,https://www.walmart.com/ip/Great-Value-Ham-Cheese-Filled-Sandwiches-9-oz-2-Count/119457213?fulfillmentIntent=Pickup,"Great Value Ham & Cheese Filled Sandwiches, 9 oz, 2 Count",Great Value,1.98,1.98,9,,2022-09-11 21:20:04,16499516
335715,78130,Frozen,Frozen Meals & Snacks,Shop all,Frozen/Frozen Meals & Snacks,20897704,https://www.walmart.com/ip/TGI-Fridays-Loaded-Cheddar-Bacon-Potato-Skins-Value-Size-Frozen-Snacks-22-3-oz-Box/20897704?fulfillmentIntent=Pickup,"TGI Fridays Loaded Cheddar & Bacon Potato Skins Value Size Frozen Snacks, 22.3 oz Box",TGI Fridays,10.84,10.84,22.3,,2022-09-11 21:20:04,16499519
335717,78130,Frozen,Frozen Meals & Snacks,Shop all,Frozen/Frozen Meals & Snacks,10849771,https://www.walmart.com/ip/Hungry-Man-Beer-Battered-Chicken-Frozen-Dinner-16-oz/10849771?fulfillmentIntent=Pickup,"Hungry Man Beer Battered Chicken Frozen Dinner, 16 oz.",Hungry-Man,3.74,3.74,16,,2022-09-11 21:20:04,16499521
335757,78130,Frozen,Frozen Meals & Snacks,Shop all,Frozen/Frozen Meals & Snacks,591310760,https://www.walmart.com/ip/Great-Value-Cheese-Burger-Sandwiches-4-Count-Frozen/591310760?fulfillmentIntent=Pickup,"Great Value Cheese Burger Sandwiches, 4 Count (Frozen)",Great Value,6.38,6.38,,,2022-09-11 21:20:04,16499561
335763,78130,Frozen,Frozen Meals & Snacks,Shop all,Frozen/Frozen Meals & Snacks,27419891,https://www.walmart.com/ip/Hot-Pockets-Frozen-Snacks-Italian-Style-Meatballs-Mozzarella-Garlic-Buttery-Crust-Frozen-Sandwiches-22-5-oz/27419891?fulfillmentIntent=Pickup,Hot Pockets Frozen Snacks Italian Style Meatballs & Mozzarella Garlic Buttery Crust Frozen Sandwiches 22.5 oz.,Hot Pockets,6.48,6.48,22.5,,2022-09-11 21:20:04,16499567
335765,78130,Frozen,Frozen Meals & Snacks,Shop all,Frozen/Frozen Meals & Snacks,10804814,https://www.walmart.com/ip/Lean-Cuisine-Cheese-Ravioli-Frozen-Meal-8-5-oz/10804814?fulfillmentIntent=Pickup,Lean Cuisine Cheese Ravioli Frozen Meal 8.5 oz,Lean Cuisine,3.14,3.14,8.5,,2022-09-11 21:20:04,16499569
335767,78130,Frozen,Frozen Meals & Snacks,Shop all,Frozen/Frozen Meals & Snacks,181770029,https://www.walmart.com/ip/Healthy-Choice-Simply-Steamers-Unwrapped-Burrito-Bowl-Frozen-Meal-9-oz/181770029?fulfillmentIntent=Pickup,"Healthy Choice Simply Steamers Unwrapped Burrito Bowl Frozen Meal, 9 oz.",Healthy Choice,3.42,3.42,9,,2022-09-11 21:20:04,16499571
335768,78130,Frozen,Frozen Meals & Snacks,Shop all,Frozen/Frozen Meals & Snacks,362525932,https://www.walmart.com/ip/Real-Good-Foods-Cordon-Bleu-Stuffed-Chicken-2-5oz-Servings/362525932?fulfillmentIntent=Pickup,"Real Good Foods Cordon Bleu Stuffed Chicken, 2 - 5oz Servings",Realgood Foods Co.,4.98,4.98,5,,2022-09-11 21:20:04,16499572
335776,78130,Frozen,Frozen Meals & Snacks,Shop all,Frozen/Frozen Meals & Snacks,416778226,https://www.walmart.com/ip/Healthy-Choice-Power-Bowls-Cuban-Inspired-Pork-Frozen-Meals-9-5-oz/416778226?fulfillmentIntent=Pickup,"Healthy Choice Power Bowls Cuban-Inspired Pork Frozen Meals, 9.5 oz.",Healthy Choice,3.98,3.98,9.5,,2022-09-11 21:20:04,16499580
335781,78130,Frozen,Frozen Meals & Snacks,Shop all,Frozen/Frozen Meals & Snacks,194326967,https://www.walmart.com/ip/Fast-Fixin-Restaurant-Style-Steak-Fingers-with-Gravy-Mix-22-75-oz-Frozen/194326967?fulfillmentIntent=Pickup,"Fast Fixin' Restaurant Style Steak Fingers with Gravy Mix, 22.75 oz (Frozen)",Fast Fixin',8.98,8.98,22.75,,2022-09-11 21:20:04,16499585
335782,78130,Frozen,Frozen Meals & Snacks,Shop all,Frozen/Frozen Meals & Snacks,10849585,https://www.walmart.com/ip/Night-Hawk-Steak-N-Taters-Frozen-Dinner-6-oz-Box/10849585?fulfillmentIntent=Pickup,Night Hawk Steak 'N Taters Frozen Dinner 6 oz. Box,Night Hawk,3.48,3.48,6,,2022-09-11 21:20:04,16499586
335785,78130,Frozen,Frozen Meals & Snacks,Shop all,Frozen/Frozen Meals & Snacks,267678082,https://www.walmart.com/ip/Life-Cuisine-Vermont-White-Cheddar-Mac-and-Cheese-Broccoli-Bowl-Frozen-Meal-11-oz/267678082?fulfillmentIntent=Pickup,Life Cuisine Vermont White Cheddar Mac and Cheese Broccoli Bowl Frozen Meal 11 oz,Life Cuisine,4.18,4.18,11,,2022-09-11 21:20:04,16499589
335786,78130,Frozen,Frozen Meals & Snacks,Shop all,Frozen/Frozen Meals & Snacks,876556683,https://www.walmart.com/ip/WHITE-CASTLE-CHICKEN-CHEESE-SLIDERS-4CT-TWO-2-PACKS/876556683?fulfillmentIntent=Pickup,"WHITE CASTLE CHICKEN & CHEESE SLIDERS 4CT, TWO 2 PACKS",White Castle,5.78,5.78,4,,2022-09-11 21:20:04,16499590
335791,78130,Frozen,Frozen Meals & Snacks,Shop all,Frozen/Frozen Meals & Snacks,133141258,https://www.walmart.com/ip/Great-Value-Fully-Cooked-Spicy-Chicken-Nuggets-27-5-oz-Frozen/133141258?fulfillmentIntent=Pickup,"Great Value Fully Cooked Spicy Chicken Nuggets, 27.5 oz (Frozen)",Great Value,6.78,6.78,27.5,,2022-09-11 21:20:04,16499595
335915,78130,Frozen,Frozen Meals & Snacks,Shop all,Frozen/Frozen Meals & Snacks,100212487,https://www.walmart.com/ip/InnovAsian-General-Tso-s-Chicken-Rice-Bowl-9-oz-Frozen/100212487?fulfillmentIntent=Pickup,"InnovAsian General Tsos Chicken Rice Bowl, 9 oz (Frozen)",InnovAsian Cuisine,2.98,2.98,9,,2022-09-11 21:20:04,16499719
335917,78130,Frozen,Frozen Meals & Snacks,Shop all,Frozen/Frozen Meals & Snacks,35067455,https://www.walmart.com/ip/Farm-Rich-Crispy-Dill-Pickle-Slices-with-Lightly-Seasoned-Breading-20-oz/35067455?fulfillmentIntent=Pickup,"Farm Rich Crispy Dill Pickle Slices with Lightly Seasoned Breading, 20 oz",Farm Rich,6.68,6.68,20,,2022-09-11 21:20:04,16499721
335926,78130,Frozen,Frozen Meals & Snacks,Shop all,Frozen/Frozen Meals & Snacks,381713961,https://www.walmart.com/ip/Marie-Callender-s-Frozen-Meal-Creamy-Parmesan-Chicken-Pot-Pie-15-Ounce/381713961?fulfillmentIntent=Pickup,"Marie Callender's Frozen Meal, Creamy Parmesan Chicken Pot Pie, 15 Ounce",Marie Callender's,3.48,3.48,15,,2022-09-11 21:20:04,16499730
335928,78130,Frozen,Frozen Meals & Snacks,Shop all,Frozen/Frozen Meals & Snacks,25753668,https://www.walmart.com/ip/Atkins-Chili-Con-Carne-9-Oz-Frozen/25753668?fulfillmentIntent=Pickup,Atkins Chili Con Carne 9 Oz. (Frozen),Atkins,4.24,4.24,9,,2022-09-11 21:20:04,16499732
335937,78130,Frozen,Frozen Meals & Snacks,Shop all,Frozen/Frozen Meals & Snacks,114216685,https://www.walmart.com/ip/Pilgrim-s-Fully-Cooked-Crispy-Chicken-Breast-Strips-24oz/114216685?fulfillmentIntent=Pickup,Pilgrim's Fully Cooked Crispy Chicken Breast Strips 24oz,Pilgrim's,9.74,9.74,24,,2022-09-11 21:20:04,16499741
335938,78130,Frozen,Frozen Meals & Snacks,Shop all,Frozen/Frozen Meals & Snacks,14122869,https://www.walmart.com/ip/Big-Easy-Foods-Louisiana-Cajun-Style-Chicken-and-Sausage-Gumbo-12-oz/14122869?fulfillmentIntent=Pickup,"Big Easy Foods Louisiana Cajun Style Chicken and Sausage Gumbo, 12 oz",Big Easy Foods,3.88,3.88,12,,2022-09-11 21:20:04,16499742
335948,78130,Frozen,Frozen Meals & Snacks,Shop all,Frozen/Frozen Meals & Snacks,977197699,https://www.walmart.com/ip/Jose-Ole-Chicken-Cheese-Flour-Taquitos-45-oz/977197699?fulfillmentIntent=Pickup,Jose Ole Chicken & Cheese Flour Taquitos 45 oz,José Olé,11.28,11.28,45,,2022-09-11 21:20:04,16499752
335950,78130,Frozen,Frozen Meals & Snacks,Shop all,Frozen/Frozen Meals & Snacks,561983939,https://www.walmart.com/ip/Pilgrim-s-Fully-Cooked-Chicken-Nuggets-24oz/561983939?fulfillmentIntent=Pickup,Pilgrim's Fully Cooked Chicken Nuggets 24oz,Pilgrim's,7.34,7.34,24,,2022-09-11 21:20:04,16499754
336001,78130,Frozen,Frozen Meals & Snacks,Shop all,Frozen/Frozen Meals & Snacks,40839821,https://www.walmart.com/ip/Hot-Pockets-Frozen-Snacks-Steak-Cheddar-Crispy-Buttery-Crust-Frozen-Sandwiches-5-Count-Box-22-5-oz/40839821?fulfillmentIntent=Pickup,"Hot Pockets Frozen Snacks Steak & Cheddar Crispy Buttery Crust Frozen Sandwiches, 5 Count Box 22.5 oz",Hot Pockets,6.48,6.48,22.5,,2022-09-11 21:20:04,16499805
336003,78130,Frozen,Frozen Meals & Snacks,Shop all,Frozen/Frozen Meals & Snacks,851676729,https://www.walmart.com/ip/Jose-Ole-Beef-Cheese-Flour-Taquitos-45-oz/851676729?fulfillmentIntent=Pickup,Jose Ole Beef & Cheese Flour Taquitos 45 oz,José Olé,11.28,11.28,45,,2022-09-11 21:20:04,16499807
336004,78130,Frozen,Frozen Meals & Snacks,Shop all,Frozen/Frozen Meals & Snacks,10804835,https://www.walmart.com/ip/Stouffer-s-Party-Size-Veggie-Lovers-Lasagna-Frozen-Meal-96-oz/10804835?fulfillmentIntent=Pickup,Stouffer's Party Size Veggie Lovers Lasagna Frozen Meal 96 oz,Stouffer's,16.48,16.48,96,,2022-09-11 21:20:04,16499808
336008,78130,Frozen,Frozen Meals & Snacks,Shop all,Frozen/Frozen Meals & Snacks,535017345,https://www.walmart.com/ip/Life-Cuisine-Beef-Chorizo-Taco-Bowl-Frozen-Meal-10-oz/535017345?fulfillmentIntent=Pickup,Life Cuisine Beef & Chorizo Taco Bowl Frozen Meal 10 oz,Life Cuisine,4.18,4.18,10,,2022-09-11 21:20:04,16499812
336011,78130,Frozen,Frozen Meals & Snacks,Shop all,Frozen/Frozen Meals & Snacks,10324297,https://www.walmart.com/ip/InnovAsian-Sweet-Sour-Chicken-Meal-36-oz-Frozen/10324297?fulfillmentIntent=Pickup,"InnovAsian Sweet & Sour Chicken Meal, 36 oz (Frozen)",InnovAsian Cuisine,10.58,10.58,36,,2022-09-11 21:20:04,16499815
336014,78130,Frozen,Frozen Meals & Snacks,Shop all,Frozen/Frozen Meals & Snacks,199080364,https://www.walmart.com/ip/Gardein-Home-Style-Beefless-Tips-9-Oz-Bag/199080364?fulfillmentIntent=Pickup,Gardein Home Style Beefless Tips 9 Oz Bag,Gardein,4.23,4.23,9,,2022-09-11 21:20:04,16499818
336015,78130,Frozen,Frozen Meals & Snacks,Shop all,Frozen/Frozen Meals & Snacks,14053227,https://www.walmart.com/ip/Amy-s-Brown-Rice-Black-Eyed-Peas-Veggies-Bowl-9oz-Box-Frozen/14053227?fulfillmentIntent=Pickup,"Amy's Brown Rice Black-Eyed Peas & Veggies Bowl, 9oz Box (Frozen)",Amy's Kitchen,5.97,5.97,9,,2022-09-11 21:20:04,16499819
336022,78130,Frozen,Frozen Meals & Snacks,Shop all,Frozen/Frozen Meals & Snacks,869631858,https://www.walmart.com/ip/Hot-Ones-Classic-Spicy-Garlic-Boneless-Chicken-Bites-18-6-oz-The-Classic-Garlic-Fresno-Hot-Sauce/869631858?fulfillmentIntent=Pickup,"Hot Ones Classic Spicy Garlic Boneless Chicken Bites, 18.6 oz. The Classic Garlic Fresno Hot Sauce",Hot Ones,8.98,8.98,18.6,,2022-09-11 21:20:04,16499826
336023,78130,Frozen,Frozen Meals & Snacks,Shop all,Frozen/Frozen Meals & Snacks,902083381,https://www.walmart.com/ip/Lean-Cuisine-Bowls-Oven-Fried-Chicken-with-Mashed-Potatoes-Frozen-Meal-10-5-oz/902083381?fulfillmentIntent=Pickup,"Lean Cuisine Bowls Oven Fried Chicken with Mashed Potatoes Frozen Meal,  10.5 oz",Lean Cuisine,4.14,4.14,10.5,,2022-09-11 21:20:04,16499827
336027,78130,Frozen,Frozen Meals & Snacks,Shop all,Frozen/Frozen Meals & Snacks,819284650,https://www.walmart.com/ip/Marie-Callender-s-Cheesy-Chicken-Bacon-Pot-Pie-Large-Size-15-oz/819284650?fulfillmentIntent=Pickup,"Marie Callender's Cheesy Chicken & Bacon Pot Pie, Large Size, 15 oz",Marie Callender's,3.48,3.48,15,,2022-09-11 21:20:04,16499831
336032,78130,Frozen,Frozen Meals & Snacks,Shop all,Frozen/Frozen Meals & Snacks,10850011,https://www.walmart.com/ip/Night-Hawk-Top-Chop-t-Classic-Frozen-Dinner-7-8-oz-Box/10850011?fulfillmentIntent=Pickup,Night Hawk Top Chop't Classic Frozen Dinner 7.8 oz. Box,Night Hawk,3.48,3.48,7.8,,2022-09-11 21:20:04,16499836
336033,78130,Frozen,Frozen Meals & Snacks,Shop all,Frozen/Frozen Meals & Snacks,639978256,https://www.walmart.com/ip/Great-Value-Chicken-Florentine-Pasta-8-oz/639978256?fulfillmentIntent=Pickup,"Great Value Chicken Florentine Pasta, 8 oz",Great Value,3.24,3.24,8,,2022-09-11 21:20:04,16499837
336034,78130,Frozen,Frozen Meals & Snacks,Shop all,Frozen/Frozen Meals & Snacks,45127034,https://www.walmart.com/ip/Kahiki-Beef-Broccoli-StirFresh-22-oz-Frozen/45127034?fulfillmentIntent=Pickup,"Kahiki Beef & Broccoli StirFresh, 22 oz. (Frozen)",StirFresh,7.38,7.38,22,,2022-09-11 21:20:04,16499838
336035,78130,Frozen,Frozen Meals & Snacks,Shop all,Frozen/Frozen Meals & Snacks,578001237,https://www.walmart.com/ip/Lean-Cuisine-Bowls-Chicken-Pad-Thai-Frozen-Meal-11-oz/578001237?fulfillmentIntent=Pickup,Lean Cuisine Bowls Chicken Pad Thai Frozen Meal 11 oz.,Lean Cuisine,4.14,4.14,11,,2022-09-11 21:20:04,16499839
336155,78130,Frozen,Frozen Meals & Snacks,Shop all,Frozen/Frozen Meals & Snacks,238745637,https://www.walmart.com/ip/Daiya-Dairy-Free-Gluten-Free-Tex-Mex-Vegan-Burrito-5-64-oz/238745637?fulfillmentIntent=Pickup,Daiya Dairy Free Gluten Free Tex Mex Vegan Burrito - 5.64 oz,Daiya,3.34,3.34,5.64,,2022-09-11 21:20:04,16499959
336157,78130,Frozen,Frozen Meals & Snacks,Shop all,Frozen/Frozen Meals & Snacks,34328069,https://www.walmart.com/ip/Night-Hawk-Beef-Patty-N-Mashed-Potatoes-Frozen-Dinner-10-oz-Box/34328069?fulfillmentIntent=Pickup,Night Hawk Beef Patty 'N Mashed Potatoes Frozen Dinner 10 oz. Box,Night Hawk,3.48,3.48,10,,2022-09-11 21:20:04,16499961
336161,78130,Frozen,Frozen Meals & Snacks,Shop all,Frozen/Frozen Meals & Snacks,927953185,https://www.walmart.com/ip/Frank-s-RedHot-Frozen-Chicken-Bites-Original-15-oz/927953185?fulfillmentIntent=Pickup,"Frank's RedHot  Frozen Chicken Bites - Original, 15 oz",Frank's RedHot,7.64,7.64,15,,2022-09-11 21:20:04,16499965
336163,78130,Frozen,Frozen Meals & Snacks,Shop all,Frozen/Frozen Meals & Snacks,45743487,https://www.walmart.com/ip/Atkins-Roasted-Turkey-with-Garlic-Mashed-Cauliflower-9-Oz-Frozen/45743487?fulfillmentIntent=Pickup,Atkins Roasted Turkey with Garlic Mashed Cauliflower 9 Oz. (Frozen),Atkins,4.24,4.24,9,,2022-09-11 21:20:04,16499967
336171,78130,Frozen,Frozen Meals & Snacks,Shop all,Frozen/Frozen Meals & Snacks,334276358,https://www.walmart.com/ip/Great-Value-Butter-Chicken-9-5-oz/334276358?fulfillmentIntent=Pickup,"Great Value Butter Chicken, 9.5 oz",Great Value,3.12,3.12,9.5,,2022-09-11 21:20:04,16499975
336172,78130,Frozen,Frozen Meals & Snacks,Shop all,Frozen/Frozen Meals & Snacks,339910290,https://www.walmart.com/ip/John-Soules-Foods-Oven-Roasted-Diced-Chicken-16oz-Frozen/339910290?fulfillmentIntent=Pickup,"John Soules Foods Oven Roasted Diced Chicken, 16oz (Frozen)",John Soules Foods,8.93,8.93,16,,2022-09-11 21:20:04,16499976
336176,78130,Frozen,Frozen Meals & Snacks,Shop all,Frozen/Frozen Meals & Snacks,749770153,https://www.walmart.com/ip/Hot-Ones-Smoky-Sweet-Boneless-Chicken-Bites-18-6-oz-The-Los-Calientes-Verde-Sauce/749770153?fulfillmentIntent=Pickup,"Hot Ones Smoky Sweet Boneless Chicken Bites, 18.6 oz., The Los Calientes Verde Sauce",Hot Ones,8.98,8.98,18.6,,2022-09-11 21:20:04,16499980
336178,78130,Frozen,Frozen Meals & Snacks,Shop all,Frozen/Frozen Meals & Snacks,976833668,https://www.walmart.com/ip/Hot-Ones-Smoky-Habanero-Boneless-Chicken-Bites-18-6-oz-The-Los-Calientes-Rojo-Sauce/976833668?fulfillmentIntent=Pickup,"Hot Ones Smoky Habanero Boneless Chicken Bites, 18.6 oz., The Los Calientes Rojo Sauce",Hot Ones,8.98,8.98,18.6,,2022-09-11 21:20:04,16499982
336180,78130,Frozen,Frozen Meals & Snacks,Shop all,Frozen/Frozen Meals & Snacks,697090115,https://www.walmart.com/ip/SeaPak-Budweiser-Beer-Battered-Crab-Poppers-with-Citrus-Tartar-Sauce-Frozen-11-oz/697090115?fulfillmentIntent=Pickup,"SeaPak Budweiser Beer Battered Crab Poppers with Citrus Tartar Sauce, Frozen, 11 oz",SeaPak,7.12,7.12,11,,2022-09-11 21:20:04,16499984
336183,78130,Frozen,Frozen Meals & Snacks,Shop all,Frozen/Frozen Meals & Snacks,617266337,https://www.walmart.com/ip/Chaparros-Tamales-Chapparro-Pork-Tamales/617266337?fulfillmentIntent=Pickup,Chaparros Tamales Chapparro Pork Tamales,Chaparro's,13.97,13.97,,,2022-09-11 21:20:04,16499987
336185,78130,Frozen,Frozen Meals & Snacks,Shop all,Frozen/Frozen Meals & Snacks,918988979,https://www.walmart.com/ip/InnovAsian-Crispy-Mongolian-Chicken-Meal-18-oz-Frozen/918988979?fulfillmentIntent=Pickup,"InnovAsian Crispy Mongolian Chicken Meal, 18 oz (Frozen)",InnovAsian Cuisine,6.48,6.48,18,,2022-09-11 21:20:04,16499989
336187,78130,Frozen,Frozen Meals & Snacks,Shop all,Frozen/Frozen Meals & Snacks,118729007,https://www.walmart.com/ip/Gardein-Plant-Based-Vegan-Chipotle-Black-Bean-Burger-12-Oz-4-Ct/118729007?fulfillmentIntent=Pickup,"Gardein Plant-Based, Vegan Chipotle Black Bean Burger, 12 Oz, 4 Ct",Gardein,5.72,5.72,12,,2022-09-11 21:20:04,16499991
336190,78130,Frozen,Frozen Meals & Snacks,Shop all,Frozen/Frozen Meals & Snacks,160956992,https://www.walmart.com/ip/Tempura-Chicken-Thigh-Chunk-Fritter-3-lb-Frozen/160956992?fulfillmentIntent=Pickup,Tempura Chicken Thigh Chunk Fritter 3 lb (Frozen),Covington Farms,12.46,12.46,3,,2022-09-11 21:20:04,16499994
336191,78130,Frozen,Frozen Meals & Snacks,Shop all,Frozen/Frozen Meals & Snacks,558437535,https://www.walmart.com/ip/Hot-Spicy-Chicken-Breast-Chunk-Fritter-3-lb-Frozen/558437535?fulfillmentIntent=Pickup,"Hot & Spicy Chicken Breast Chunk Fritter, 3 lb (Frozen)",Covington Farms,15.43,15.43,3,,2022-09-11 21:20:04,16499995
336192,78130,Frozen,Frozen Meals & Snacks,Shop all,Frozen/Frozen Meals & Snacks,14654120,https://www.walmart.com/ip/The-Authentic-New-Mexican-Pork-Tamales-With-Red-Chile-Wrapped-In-Hoja-12-ct/14654120?fulfillmentIntent=Pickup,"The Authentic New Mexican Pork Tamales With Red Chile & Wrapped In Hoja, 12 ct.",The Authentic New Mexican,10.47,10.47,12,,2022-09-11 21:20:04,16499996
339463,30044,Frozen,"Frozen Pizza, Pasta, & Breads",Shop all,"Frozen/Frozen Pizza, Pasta, & Breads",10804805,https://www.walmart.com/ip/Stouffer-s-Cheese-French-Bread-Pizza-11-75-oz-Frozen/10804805?fulfillmentIntent=Pickup,"Stouffer's Cheese, French Bread Pizza, 11.75 oz (Frozen)",Stouffer's,3.48,3.48,11.75,,2022-09-11 21:20:04,16503267
339476,30044,Frozen,"Frozen Pizza, Pasta, & Breads",Shop all,"Frozen/Frozen Pizza, Pasta, & Breads",375869450,https://www.walmart.com/ip/Mrs-Ts-Pierogies-4-Cheese-Medley-Pouch-32-0-oz/375869450?fulfillmentIntent=Pickup,"Mrs Ts Pierogies, 4 Cheese Medley, Pouch, 32.0 oz.",Mrs. T's,5.67,5.67,32.0,,2022-09-11 21:20:04,16503280
339548,30044,Frozen,"Frozen Pizza, Pasta, & Breads",Shop all,"Frozen/Frozen Pizza, Pasta, & Breads",897798908,https://www.walmart.com/ip/Great-Value-Beef-Steak-Fajitas-with-6-Tortillas-24-oz/897798908?fulfillmentIntent=Pickup,"Great Value Beef Steak Fajitas with 6 Tortillas, 24 oz",Great Value,6.28,6.28,24,,2022-09-11 21:20:04,16503352
339553,30044,Frozen,"Frozen Pizza, Pasta, & Breads",Shop all,"Frozen/Frozen Pizza, Pasta, & Breads",24194156,https://www.walmart.com/ip/Zatarain-s-Bourbon-Chicken-Pasta-Bowl-10-5-oz/24194156?fulfillmentIntent=Pickup,"Zatarain's Bourbon Chicken Pasta Bowl, 10.5 oz",Zatarain's,3.98,3.98,10.5,,2022-09-11 21:20:04,16503357
339573,30044,Frozen,"Frozen Pizza, Pasta, & Breads",Shop all,"Frozen/Frozen Pizza, Pasta, & Breads",379918616,https://www.walmart.com/ip/Michelina-s-Grande-Rigatoni-Alfredo-With-Chicken-And-Broccoli-13-Oz-Frozen/379918616?fulfillmentIntent=Pickup,Michelina's Grande Rigatoni Alfredo With Chicken And Broccoli 13 Oz. (Frozen),Michelina's,1.66,1.66,13,,2022-09-11 21:20:04,16503377
339581,30044,Frozen,"Frozen Pizza, Pasta, & Breads",Shop all,"Frozen/Frozen Pizza, Pasta, & Breads",504054104,https://www.walmart.com/ip/Motor-City-Four-Cheese-Detroit-Style-Deep-Dish-Pizza-25-84-oz-Frozen/504054104?fulfillmentIntent=Pickup,"Motor City Four Cheese Detroit Style Deep Dish Pizza, 25.84 oz (Frozen)",Motor City Pizza,6.98,6.98,25.84,,2022-09-11 21:20:04,16503385
339588,30044,Frozen,"Frozen Pizza, Pasta, & Breads",Shop all,"Frozen/Frozen Pizza, Pasta, & Breads",295058393,https://www.walmart.com/ip/Screamin-Sicilian-Stromboli-2pk-Holy-Pepperoni-9-25-oz/295058393?fulfillmentIntent=Pickup,"Screamin' Sicilian Stromboli 2pk Holy Pepperoni, 9.25 oz",Screamin' Sicilian,6.72,6.72,9.25,,2022-09-11 21:20:04,16503392
339607,30044,Frozen,"Frozen Pizza, Pasta, & Breads",Shop all,"Frozen/Frozen Pizza, Pasta, & Breads",15716808,https://www.walmart.com/ip/White-Castle-The-Original-Sliders-6-count-9-5-oz/15716808?fulfillmentIntent=Pickup,"White Castle The Original Sliders, 6 count, 9.5 oz",White Castle,5.78,5.78,9.5,,2022-09-11 21:20:04,16503411
339610,30044,Frozen,"Frozen Pizza, Pasta, & Breads",Shop all,"Frozen/Frozen Pizza, Pasta, & Breads",247818168,https://www.walmart.com/ip/Netflix-Stranger-Things-Surfer-Boy-Pineapple-Jalapeno-Frozen-Pizza/247818168?fulfillmentIntent=Pickup,Netflix Stranger Things Surfer Boy Pineapple Jalapeno Frozen Pizza,Surfer Boy Pizza,6.98,6.98,,,2022-09-11 21:20:04,16503414
339612,30044,Frozen,"Frozen Pizza, Pasta, & Breads",Shop all,"Frozen/Frozen Pizza, Pasta, & Breads",10849615,https://www.walmart.com/ip/Celentano-Mini-Rounds-Cheese-Ravioli-24-oz/10849615?fulfillmentIntent=Pickup,"Celentano Mini Rounds Cheese Ravioli, 24 oz",Celentano,3.58,3.58,24,,2022-09-11 21:20:04,16503416
339696,30044,Frozen,"Frozen Pizza, Pasta, & Breads",Shop all,"Frozen/Frozen Pizza, Pasta, & Breads",15556508,https://www.walmart.com/ip/Michelina-s-Five-Cheese-Ziti-8-5-Oz-Frozen/15556508?fulfillmentIntent=Pickup,Michelina's Five Cheese Ziti 8.5 Oz. (Frozen),Michelina's,1.24,1.24,8.5,,2022-09-11 21:20:04,16503500
339704,30044,Frozen,"Frozen Pizza, Pasta, & Breads",Shop all,"Frozen/Frozen Pizza, Pasta, & Breads",10804776,https://www.walmart.com/ip/Lean-Cuisine-Spinach-and-Mushroom-Traditional-Pizza-6-125-oz-Frozen/10804776?fulfillmentIntent=Pickup,"Lean Cuisine Spinach and Mushroom, Traditional Pizza, 6.125 oz (Frozen)",Lean Cuisine,2.98,2.98,6.125,,2022-09-11 21:20:04,16503508
339714,30044,Frozen,"Frozen Pizza, Pasta, & Breads",Shop all,"Frozen/Frozen Pizza, Pasta, & Breads",12329754,https://www.walmart.com/ip/Great-Value-Italian-Style-Lasagna-with-Meat-Sauce-35-oz/12329754?fulfillmentIntent=Pickup,"Great Value Italian-Style Lasagna with Meat Sauce, 35 oz",Great Value,8.77,8.77,35,,2022-09-11 21:20:04,16503518
339721,30044,Frozen,"Frozen Pizza, Pasta, & Breads",Shop all,"Frozen/Frozen Pizza, Pasta, & Breads",14940856,https://www.walmart.com/ip/Michelina-s-Pizza-Snack-Rolls-4-5-Oz-Frozen/14940856?fulfillmentIntent=Pickup,Michelina's Pizza Snack Rolls 4.5 Oz. (Frozen),Michelina's,1.24,1.24,4.5,,2022-09-11 21:20:04,16503525
339728,30044,Frozen,"Frozen Pizza, Pasta, & Breads",Shop all,"Frozen/Frozen Pizza, Pasta, & Breads",156148404,https://www.walmart.com/ip/Michelina-s-Grande-Cheeseburger-Mac-12-75-Oz-Frozen/156148404?fulfillmentIntent=Pickup,Michelina's Grande Cheeseburger Mac 12.75 Oz. (Frozen),Michelina's,1.66,1.66,12.75,,2022-09-11 21:20:04,16503532
339773,30044,Frozen,"Frozen Pizza, Pasta, & Breads",Shop all,"Frozen/Frozen Pizza, Pasta, & Breads",10292978,https://www.walmart.com/ip/Freschetta-Four-Cheese-Pizza-26-11-oz/10292978?fulfillmentIntent=Pickup,"Freschetta Four Cheese Pizza, 26.11 oz",FRESCHETTA,4.98,4.98,26.11,,2022-09-11 21:20:04,16503577
339774,30044,Frozen,"Frozen Pizza, Pasta, & Breads",Shop all,"Frozen/Frozen Pizza, Pasta, & Breads",10791028,https://www.walmart.com/ip/Mrs-T-s-Pierogies-Classic-Cheddar-64-oz/10791028?fulfillmentIntent=Pickup,Mrs. T's Pierogies Classic Cheddar 64 oz.,Mrs. T's,9.98,9.98,64,,2022-09-11 21:20:04,16503578
339775,30044,Frozen,"Frozen Pizza, Pasta, & Breads",Shop all,"Frozen/Frozen Pizza, Pasta, & Breads",936944736,https://www.walmart.com/ip/Michelina-s-Grande-Mac-And-Cheese-14-Oz-Frozen/936944736?fulfillmentIntent=Pickup,Michelina's Grande Mac And Cheese 14 Oz. (Frozen),Michelina's,1.66,1.66,14,,2022-09-11 21:20:04,16503579
339789,30044,Frozen,"Frozen Pizza, Pasta, & Breads",Shop all,"Frozen/Frozen Pizza, Pasta, & Breads",148845208,https://www.walmart.com/ip/Zatarain-s-Frozen-Meal-Shrimp-Alfredo-20-oz/148845208?fulfillmentIntent=Pickup,"Zatarain's Frozen Meal - Shrimp Alfredo, 20 oz",Zatarain's,7.68,7.68,20,,2022-09-11 21:20:04,16503593
339800,30044,Frozen,"Frozen Pizza, Pasta, & Breads",Shop all,"Frozen/Frozen Pizza, Pasta, & Breads",339305247,https://www.walmart.com/ip/Banquet-Mega-Meats-Buffalo-Style-Chicken-Strips-With-Mac-Cheese-Frozen-13-2-oz/339305247?fulfillmentIntent=Pickup,"Banquet Mega Meats Buffalo-Style Chicken Strips With Mac& Cheese, Frozen, 13.2 oz.",Homestyle Bakes,4.18,4.18,13.2,,2022-09-11 21:20:04,16503604
339802,30044,Frozen,"Frozen Pizza, Pasta, & Breads",Shop all,"Frozen/Frozen Pizza, Pasta, & Breads",14940816,https://www.walmart.com/ip/Michelina-s-Wheels-and-Cheese-8-0-Oz-Frozen/14940816?fulfillmentIntent=Pickup,Michelina's Wheels and Cheese 8.0 Oz. (Frozen),Michelina's,1.24,1.24,8.0,,2022-09-11 21:20:04,16503606
339807,30044,Frozen,"Frozen Pizza, Pasta, & Breads",Shop all,"Frozen/Frozen Pizza, Pasta, & Breads",974803928,https://www.walmart.com/ip/Birds-Eye-Voila-Family-Size-Supreme-Pizza-Skillet-Frozen-Meal-42-oz/974803928?fulfillmentIntent=Pickup,"Birds Eye Voila! Family Size Supreme Pizza Skillet, Frozen Meal, 42 oz.",Birdseye,8.48,8.48,42,,2022-09-11 21:20:04,16503611
339809,30044,Frozen,"Frozen Pizza, Pasta, & Breads",Shop all,"Frozen/Frozen Pizza, Pasta, & Breads",629026690,https://www.walmart.com/ip/Patti-LaBelle-Macaroni-Cheese-30-Oz-Frozen/629026690?fulfillmentIntent=Pickup,"Patti LaBelle Macaroni & Cheese, 30 Oz (Frozen)",Patti LaBelle,8.48,8.48,30,,2022-09-11 21:20:04,16503613
339810,30044,Frozen,"Frozen Pizza, Pasta, & Breads",Shop all,"Frozen/Frozen Pizza, Pasta, & Breads",158805302,https://www.walmart.com/ip/Michael-Angelo-s-Baked-Ziti-with-Meatballs-28-oz-Box/158805302?fulfillmentIntent=Pickup,Michael Angelo's Baked Ziti with Meatballs 28 oz. Box,Michael Angelo's,8.0,8.0,28,,2022-09-11 21:20:04,16503614
339868,30044,Frozen,"Frozen Pizza, Pasta, & Breads",Shop all,"Frozen/Frozen Pizza, Pasta, & Breads",47197148,https://www.walmart.com/ip/Banquet-Frozen-Meal-Mac-Cheese-8-Ounce/47197148?fulfillmentIntent=Pickup,"Banquet Frozen Meal, Mac & Cheese, 8 Ounce",Banquet,1.24,1.24,8,,2022-09-11 21:20:04,16503672
339872,30044,Frozen,"Frozen Pizza, Pasta, & Breads",Shop all,"Frozen/Frozen Pizza, Pasta, & Breads",838948554,https://www.walmart.com/ip/Red-Baron-Fully-Loaded-Five-Cheese-Pizza/838948554?fulfillmentIntent=Pickup,Red Baron Fully Loaded Five Cheese Pizza,Red Baron,7.92,7.92,,,2022-09-11 21:20:04,16503676
339886,30044,Frozen,"Frozen Pizza, Pasta, & Breads",Shop all,"Frozen/Frozen Pizza, Pasta, & Breads",807765818,https://www.walmart.com/ip/Great-Value-Southwestern-Style-Chicken-Pasta-28-oz-Frozen/807765818?fulfillmentIntent=Pickup,"Great Value Southwestern Style Chicken & Pasta, 28 oz (Frozen)",Great Value,8.77,8.77,28,,2022-09-11 21:20:04,16503690
339892,30044,Frozen,"Frozen Pizza, Pasta, & Breads",Shop all,"Frozen/Frozen Pizza, Pasta, & Breads",537029681,https://www.walmart.com/ip/Rao-s-Made-for-Home-Meat-Lasagna-Sauce-Single-Serve-Frozen-Meal-8-9-oz/537029681?fulfillmentIntent=Pickup,"Rao's Made for Home Meat Lasagna & Sauce, Single Serve Frozen Meal, 8.9 oz",Rao's Homemade,4.76,4.76,8.9,,2022-09-11 21:20:04,16503696
339896,30044,Frozen,"Frozen Pizza, Pasta, & Breads",Shop all,"Frozen/Frozen Pizza, Pasta, & Breads",22259163,https://www.walmart.com/ip/Sister-Schubert-s-Parker-House-Style-Yeast-Rolls-32-count-22-oz/22259163?fulfillmentIntent=Pickup,"Sister Schubert's Parker House Style Yeast Rolls, 32 count, 22 oz",Sister Schubert's,7.5,7.5,22,,2022-09-11 21:20:04,16503700
339902,30044,Frozen,"Frozen Pizza, Pasta, & Breads",Shop all,"Frozen/Frozen Pizza, Pasta, & Breads",236178261,https://www.walmart.com/ip/Marie-Callender-s-Classic-Spaghetti-and-Meatballs-Bowl-Single-Serve-Frozen-Meal-12-4-oz/236178261?fulfillmentIntent=Pickup,"Marie Callender's Classic Spaghetti and Meatballs Bowl Single Serve Frozen Meal, 12.4 oz.",Marie Callender's,2.98,2.98,12.4,,2022-09-11 21:20:04,16503706
339904,30044,Frozen,"Frozen Pizza, Pasta, & Breads",Shop all,"Frozen/Frozen Pizza, Pasta, & Breads",10804766,https://www.walmart.com/ip/Lean-Cuisine-Favorites-Spaghetti-With-Meatballs-Frozen-Meal-9-5-oz/10804766?fulfillmentIntent=Pickup,Lean Cuisine Favorites Spaghetti With Meatballs Frozen Meal 9.5 oz,Lean Cuisine,2.62,2.62,9.5,,2022-09-11 21:20:04,16503708
339915,30044,Frozen,"Frozen Pizza, Pasta, & Breads",Shop all,"Frozen/Frozen Pizza, Pasta, & Breads",296974927,https://www.walmart.com/ip/Rao-s-Made-for-Home-Meat-Lasagna-Sauce-Family-Size-Frozen-Dinner-27-oz/296974927?fulfillmentIntent=Pickup,"Rao's Made for Home Meat Lasagna & Sauce, Family Size Frozen Dinner, 27 oz",Rao's Homemade,10.68,10.68,27,,2022-09-11 21:20:04,16503719
339918,30044,Frozen,"Frozen Pizza, Pasta, & Breads",Shop all,"Frozen/Frozen Pizza, Pasta, & Breads",629141087,https://www.walmart.com/ip/Rao-s-Made-for-Home-Chicken-Alfredo-Single-Serve-Frozen-Meal-8-4-oz/629141087?fulfillmentIntent=Pickup,"Rao's Made for Home Chicken Alfredo, Single Serve Frozen Meal, 8.4 oz",Rao's Homemade,4.76,4.76,8.4,,2022-09-11 21:20:04,16503722
339925,30044,Frozen,"Frozen Pizza, Pasta, & Breads",Shop all,"Frozen/Frozen Pizza, Pasta, & Breads",42679305,https://www.walmart.com/ip/Atkins-Stone-Fired-Pepperoni-Pizza-5-6-Oz-Frozen/42679305?fulfillmentIntent=Pickup,Atkins Stone Fired Pepperoni Pizza 5.6 Oz. (Frozen),Atkins,4.24,4.24,5.6,,2022-09-11 21:20:04,16503729
339969,30044,Frozen,"Frozen Pizza, Pasta, & Breads",Shop all,"Frozen/Frozen Pizza, Pasta, & Breads",139758587,https://www.walmart.com/ip/Banquet-Mega-Bowls-Bacon-Mac-n-Cheese-Frozen-13-oz/139758587?fulfillmentIntent=Pickup,"Banquet Mega Bowls Bacon Mac n' Cheese, Frozen, 13 oz.",Banquet,2.98,2.98,13,,2022-09-11 21:20:04,16503773
339977,30044,Frozen,"Frozen Pizza, Pasta, & Breads",Shop all,"Frozen/Frozen Pizza, Pasta, & Breads",408022914,https://www.walmart.com/ip/Quest-Meat-Lovers-Loaded-Pizza/408022914?fulfillmentIntent=Pickup,Quest Meat Lovers Loaded Pizza,Quest Nutrition,8.38,8.38,,,2022-09-11 21:20:04,16503781
339995,30044,Frozen,"Frozen Pizza, Pasta, & Breads",Shop all,"Frozen/Frozen Pizza, Pasta, & Breads",273823188,https://www.walmart.com/ip/Healthy-Choice-Flatbread-Pizza-Chicken-Sausage-Supreme-Frozen-6-75oz/273823188?fulfillmentIntent=Pickup,"Healthy Choice Flatbread Pizza, Chicken Sausage Supreme, Frozen 6.75oz",Healthy Choice,3.98,3.98,6.75,,2022-09-11 21:20:04,16503799
339996,30044,Frozen,"Frozen Pizza, Pasta, & Breads",Shop all,"Frozen/Frozen Pizza, Pasta, & Breads",873507127,https://www.walmart.com/ip/Michelina-s-Grande-Bacon-Parmesan-Linguine-13-Oz-Frozen/873507127?fulfillmentIntent=Pickup,Michelina's Grande Bacon Parmesan Linguine 13 Oz. (Frozen),Michelina's,1.66,1.66,13,,2022-09-11 21:20:04,16503800
339998,30044,Frozen,"Frozen Pizza, Pasta, & Breads",Shop all,"Frozen/Frozen Pizza, Pasta, & Breads",13281179,https://www.walmart.com/ip/Lean-Cuisine-Favorites-Fettuccinni-Alfredo-Frozen-Meal-9-25-oz/13281179?fulfillmentIntent=Pickup,Lean Cuisine Favorites Fettuccinni Alfredo Frozen Meal 9.25 oz,Lean Cuisine,1.98,1.98,9.25,,2022-09-11 21:20:04,16503802
339999,30044,Frozen,"Frozen Pizza, Pasta, & Breads",Shop all,"Frozen/Frozen Pizza, Pasta, & Breads",10292835,https://www.walmart.com/ip/FRESCHETTA-Pizza-Brick-Oven-Crust-Pepperoni-22-70-oz/10292835?fulfillmentIntent=Pickup,"FRESCHETTA Pizza, Brick Oven Crust, Pepperoni, 22.70 oz",FRESCHETTA,5.48,5.48,22.70,,2022-09-11 21:20:04,16503803
340000,30044,Frozen,"Frozen Pizza, Pasta, & Breads",Shop all,"Frozen/Frozen Pizza, Pasta, & Breads",873778312,https://www.walmart.com/ip/Sam-s-Choice-Seasoned-Crust-Chicken-Bacon-Ranch-28-9oz-Pizza-Frozen/873778312?fulfillmentIntent=Pickup,Sam's Choice - Seasoned Crust Chicken Bacon Ranch - 28.9oz Pizza (Frozen),Sam's Choice,6.22,6.22,28.9,,2022-09-11 21:20:04,16503804
340001,30044,Frozen,"Frozen Pizza, Pasta, & Breads",Shop all,"Frozen/Frozen Pizza, Pasta, & Breads",47197145,https://www.walmart.com/ip/Banquet-Basic-Pizza-with-Reduced-Fat-Pepperoni-Frozen-Single-Serve-Meal-6-25-Ounce/47197145?fulfillmentIntent=Pickup,"Banquet Basic Pizza with Reduced Fat Pepperoni Frozen Single Serve Meal, 6.25 Ounce",Banquet,1.24,1.24,6.25,,2022-09-11 21:20:04,16503805
340002,30044,Frozen,"Frozen Pizza, Pasta, & Breads",Shop all,"Frozen/Frozen Pizza, Pasta, & Breads",921764333,https://www.walmart.com/ip/Michelina-s-Grande-Cheesy-Chipotle-Beef-Nacho-Style-Pasta-14-Oz-Frozen/921764333?fulfillmentIntent=Pickup,Michelina's Grande Cheesy Chipotle Beef Nacho Style Pasta 14 Oz. (Frozen),Michelina's,1.66,1.66,14,,2022-09-11 21:20:04,16503806
340003,30044,Frozen,"Frozen Pizza, Pasta, & Breads",Shop all,"Frozen/Frozen Pizza, Pasta, & Breads",623661249,https://www.walmart.com/ip/Sam-s-Choice-Seasoned-Crust-Seven-Cheese-30-6oz-Pizza-Frozen/623661249?fulfillmentIntent=Pickup,Sam's Choice - Seasoned Crust Seven Cheese - 30.6oz Pizza (Frozen),Sam's Choice,6.22,6.22,30.6,,2022-09-11 21:20:04,16503807
340004,30044,Frozen,"Frozen Pizza, Pasta, & Breads",Shop all,"Frozen/Frozen Pizza, Pasta, & Breads",475193911,https://www.walmart.com/ip/Cali-flour-Foods-Cauliflower-Pizza-Crust-Plain-9-75-oz-2-Crusts/475193911?fulfillmentIntent=Pickup,"Cali'flour Foods Cauliflower Pizza Crust, Plain, 9.75 oz, 2 Crusts",Cali'flour Foods,9.96,9.96,9.75,,2022-09-11 21:20:04,16503808
340007,30044,Frozen,"Frozen Pizza, Pasta, & Breads",Shop all,"Frozen/Frozen Pizza, Pasta, & Breads",916838780,https://www.walmart.com/ip/Deep-Cuts-Lil-Yachty-Pepperoni-Bacon-Seasoned-Rising-Crust-Pizza-29-3oz-Frozen/916838780?fulfillmentIntent=Pickup,"Deep Cuts - Lil Yachty Pepperoni & Bacon, Seasoned Rising Crust Pizza, 29.3oz (Frozen)",Deep Cuts,6.98,6.98,29.3,,2022-09-11 21:20:04,16503811
340008,30044,Frozen,"Frozen Pizza, Pasta, & Breads",Shop all,"Frozen/Frozen Pizza, Pasta, & Breads",458688755,https://www.walmart.com/ip/Birds-Eye-Voila-Oven-Bake-Meals-Lasagna-With-Meat-Sauce-Frozen-35oz/458688755?fulfillmentIntent=Pickup,Birds Eye Voila! Oven Bake Meals Lasagna With Meat Sauce Frozen 35oz,Birds Eye Voila,7.78,7.78,35,,2022-09-11 21:20:04,16503812
340088,30044,Frozen,"Frozen Pizza, Pasta, & Breads",Shop all,"Frozen/Frozen Pizza, Pasta, & Breads",608512940,https://www.walmart.com/ip/Celentano-4-Cheese-Ravioli/608512940?fulfillmentIntent=Pickup,Celentano 4 Cheese Ravioli,Celentano,3.58,3.58,,,2022-09-11 21:20:04,16503892
340089,30044,Frozen,"Frozen Pizza, Pasta, & Breads",Shop all,"Frozen/Frozen Pizza, Pasta, & Breads",10849609,https://www.walmart.com/ip/Rosina-Celentano-Italian-Beef-Ravioli-22-oz/10849609?fulfillmentIntent=Pickup,"Rosina Celentano Italian Beef Ravioli, 22 oz",Celentano,3.58,3.58,22,,2022-09-11 21:20:04,16503893
340090,30044,Frozen,"Frozen Pizza, Pasta, & Breads",Shop all,"Frozen/Frozen Pizza, Pasta, & Breads",766750857,https://www.walmart.com/ip/Stouffer-s-Family-Size-Cheesy-Macaroni-and-Beef-Frozen-Meal-33-75-oz/766750857?fulfillmentIntent=Pickup,Stouffer's Family Size Cheesy Macaroni and Beef Frozen Meal 33.75 oz,Stouffer's,9.84,9.84,33.75,,2022-09-11 21:20:04,16503894
340091,30044,Frozen,"Frozen Pizza, Pasta, & Breads",Shop all,"Frozen/Frozen Pizza, Pasta, & Breads",202271702,https://www.walmart.com/ip/Great-Value-Vegetable-Lasagna-30-oz-Frozen/202271702?fulfillmentIntent=Pickup,"Great Value Vegetable Lasagna, 30 oz (Frozen)",Great Value,7.64,7.64,30,,2022-09-11 21:20:04,16503895
340093,30044,Frozen,"Frozen Pizza, Pasta, & Breads",Shop all,"Frozen/Frozen Pizza, Pasta, & Breads",540084044,https://www.walmart.com/ip/Stouffer-s-Family-Size-Baked-Macaroni-and-Cheese-Frozen-Dinner-35-oz/540084044?fulfillmentIntent=Pickup,Stouffer's Family Size Baked Macaroni and Cheese Frozen Dinner 35 oz,Stouffer's,8.18,8.18,35,,2022-09-11 21:20:04,16503897
340095,30044,Frozen,"Frozen Pizza, Pasta, & Breads",Shop all,"Frozen/Frozen Pizza, Pasta, & Breads",226854608,https://www.walmart.com/ip/DiGiorno-Fully-Stuffed-Crust-Double-Pepperoni-Frozen-Pizza-30-4-Oz-31-2-oz/226854608?fulfillmentIntent=Pickup,"DiGiorno Fully Stuffed Crust Double Pepperoni Frozen Pizza, 30.4 Oz 31.2 oz.",DiGiorno,9.78,9.78,30.4,,2022-09-11 21:20:04,16503899
340096,30044,Frozen,"Frozen Pizza, Pasta, & Breads",Shop all,"Frozen/Frozen Pizza, Pasta, & Breads",985071526,https://www.walmart.com/ip/Great-Value-Fettuccine-Alfredo-22-oz/985071526?fulfillmentIntent=Pickup,"Great Value Fettuccine Alfredo, 22 oz",Great Value,4.67,4.67,22,,2022-09-11 21:20:04,16503900
340098,30044,Frozen,"Frozen Pizza, Pasta, & Breads",Shop all,"Frozen/Frozen Pizza, Pasta, & Breads",537065603,https://www.walmart.com/ip/SPIN-CHEESE-RAV/537065603?fulfillmentIntent=Pickup,SPIN CHEESE RAV,Celentano,3.58,3.58,,,2022-09-11 21:20:04,16503902
340099,30044,Frozen,"Frozen Pizza, Pasta, & Breads",Shop all,"Frozen/Frozen Pizza, Pasta, & Breads",549174752,https://www.walmart.com/ip/TOASTED-CHEESE-RAV/549174752?fulfillmentIntent=Pickup,TOASTED CHEESE RAV,Celentano,3.58,3.58,,,2022-09-11 21:20:04,16503903
340101,30044,Frozen,"Frozen Pizza, Pasta, & Breads",Shop all,"Frozen/Frozen Pizza, Pasta, & Breads",706795456,https://www.walmart.com/ip/Deep-Cuts-Lil-Yachty-Hot-Honey-Cheese-Seasoned-Rising-Crust-Pizza-26-5oz-Frozen/706795456?fulfillmentIntent=Pickup,"Deep Cuts - Lil Yachty Hot Honey Cheese, Seasoned Rising Crust Pizza, 26.5oz (Frozen)",Deep Cuts,6.98,6.98,26.5,,2022-09-11 21:20:04,16503905
340102,30044,Frozen,"Frozen Pizza, Pasta, & Breads",Shop all,"Frozen/Frozen Pizza, Pasta, & Breads",219078188,https://www.walmart.com/ip/Tattooed-Chef-Buddha-Bowl-Vegan-10g-Protein-10-oz/219078188?fulfillmentIntent=Pickup,"Tattooed Chef Buddha Bowl, Vegan, 10g Protein, 10 oz",Tattooed Chef,4.16,4.16,10,,2022-09-11 21:20:04,16503906
340105,30044,Frozen,"Frozen Pizza, Pasta, & Breads",Shop all,"Frozen/Frozen Pizza, Pasta, & Breads",619558901,https://www.walmart.com/ip/Screamin-Sicilian-Pizza-Co-Supremus-Maximus-Supreme-Pizza-10-oz-Box/619558901?fulfillmentIntent=Pickup,Screamin' Sicilian Pizza Co. Supremus Maximus Supreme Pizza 10 oz. Box,Screamin' Sicilian,3.98,3.98,10,,2022-09-11 21:20:04,16503909
340107,30044,Frozen,"Frozen Pizza, Pasta, & Breads",Shop all,"Frozen/Frozen Pizza, Pasta, & Breads",697884016,https://www.walmart.com/ip/MICHELINA-S-FETTUCCINE-ALFREDO-w-CHKN-BROCCOLI-5CT-BUNDLE/697884016?fulfillmentIntent=Pickup,MICHELINA'S FETTUCCINE ALFREDO w/ CHKN & BROCCOLI 5CT BUNDLE,Michelina's,5.0,5.0,5,,2022-09-11 21:20:04,16503911
340108,30044,Frozen,"Frozen Pizza, Pasta, & Breads",Shop all,"Frozen/Frozen Pizza, Pasta, & Breads",910007212,https://www.walmart.com/ip/Celentano-4-Cheese-Lasagna-Rolls-6-count-16-oz/910007212?fulfillmentIntent=Pickup,"Celentano 4 Cheese Lasagna Rolls, 6 count, 16 oz",Celentano,3.58,3.58,16,,2022-09-11 21:20:04,16503912
340111,30044,Frozen,"Frozen Pizza, Pasta, & Breads",Shop all,"Frozen/Frozen Pizza, Pasta, & Breads",778554259,https://www.walmart.com/ip/Amy-s-Frozen-Spinach-Cheeze-Ravioli-Vegan-8-4-oz/778554259?fulfillmentIntent=Pickup,"Amys Frozen Spinach & Cheeze Ravioli, Vegan, 8.4 oz.",Amy's Kitchen,5.97,5.97,8.4,,2022-09-11 21:20:04,16503915
340112,30044,Frozen,"Frozen Pizza, Pasta, & Breads",Shop all,"Frozen/Frozen Pizza, Pasta, & Breads",491221808,https://www.walmart.com/ip/Deep-Cuts-Lil-Yachty-Buffalo-Chicken-Seasoned-Rising-Crust-Pizza-28-07oz-Frozen/491221808?fulfillmentIntent=Pickup,"Deep Cuts - Lil Yachty Buffalo Chicken, Seasoned Rising Crust Pizza, 28.07oz (Frozen)",Deep Cuts,6.98,6.98,28.07,,2022-09-11 21:20:04,16503916
340113,30044,Frozen,"Frozen Pizza, Pasta, & Breads",Shop all,"Frozen/Frozen Pizza, Pasta, & Breads",258442020,https://www.walmart.com/ip/Michelina-s-Macaroni-and-Cheese-Value-Pack-Oz-Frozen/258442020?fulfillmentIntent=Pickup,Michelina's Macaroni and Cheese Value Pack   Oz. (Frozen),Michelina's,5.0,5.0,,,2022-09-11 21:20:04,16503917
340115,30044,Frozen,"Frozen Pizza, Pasta, & Breads",Shop all,"Frozen/Frozen Pizza, Pasta, & Breads",571763796,https://www.walmart.com/ip/Lean-Cuisine-Bowls-Oven-Fried-Chicken-with-Buffalo-Style-Mac-and-Cheese-Frozen-Meal-10-oz/571763796?fulfillmentIntent=Pickup,Lean Cuisine Bowls Oven Fried Chicken with Buffalo Style Mac and Cheese Frozen Meal 10 oz,Lean Cuisine,4.14,4.14,10,,2022-09-11 21:20:04,16503919
340116,30044,Frozen,"Frozen Pizza, Pasta, & Breads",Shop all,"Frozen/Frozen Pizza, Pasta, & Breads",659275718,https://www.walmart.com/ip/Stouffer-s-Bowl-Fulls-Chicken-Bacon-Ranch-Frozen-Meal-14-oz/659275718?fulfillmentIntent=Pickup,Stouffer's Bowl-Fulls Chicken Bacon Ranch Frozen Meal 14 oz,Stouffer's,4.68,4.68,14,,2022-09-11 21:20:04,16503920
340117,30044,Frozen,"Frozen Pizza, Pasta, & Breads",Shop all,"Frozen/Frozen Pizza, Pasta, & Breads",187514134,https://www.walmart.com/ip/Great-Value-Italian-Sausage-and-Pasta-10-oz/187514134?fulfillmentIntent=Pickup,"Great Value Italian Sausage and Pasta, 10 oz",Great Value,3.12,3.12,10,,2022-09-11 21:20:04,16503921
340118,30044,Frozen,"Frozen Pizza, Pasta, & Breads",Shop all,"Frozen/Frozen Pizza, Pasta, & Breads",445317817,https://www.walmart.com/ip/Deep-Cuts-Lil-Yachty-Garden-Veggie-Supreme-Seasoned-Rising-Crust-Pizza-27-95oz-Frozen/445317817?fulfillmentIntent=Pickup,"Deep Cuts - Lil Yachty Garden Veggie Supreme, Seasoned Rising Crust Pizza, 27.95oz (Frozen)",Deep Cuts,6.98,6.98,27.95,,2022-09-11 21:20:04,16503922
340119,30044,Frozen,"Frozen Pizza, Pasta, & Breads",Shop all,"Frozen/Frozen Pizza, Pasta, & Breads",700423968,https://www.walmart.com/ip/Sam-s-Choice-Seasoned-Crust-Five-Meat-31-15oz-Pizza-Frozen/700423968?fulfillmentIntent=Pickup,Sam's Choice - Seasoned Crust Five Meat - 31.15oz Pizza (Frozen),Sam's Choice,6.22,6.22,31.15,,2022-09-11 21:20:04,16503923
340120,30044,Frozen,"Frozen Pizza, Pasta, & Breads",Shop all,"Frozen/Frozen Pizza, Pasta, & Breads",513965048,https://www.walmart.com/ip/Pepperoni-Baozza-2-Pack/513965048?fulfillmentIntent=Pickup,Pepperoni Baozza (2-Pack),Baozza!,4.98,4.98,,,2022-09-11 21:20:04,16503924
340121,30044,Frozen,"Frozen Pizza, Pasta, & Breads",Shop all,"Frozen/Frozen Pizza, Pasta, & Breads",997282737,https://www.walmart.com/ip/Screamin-Sicilian-Pizza-Co-Bessie-s-Revenge-I-m-Single-9-1-OZ/997282737?fulfillmentIntent=Pickup,"Screamin' Sicilian Pizza Co. Bessie's Revenge I'm Single, 9.1 OZ",Screamin' Sicilian,3.98,3.98,9.1,,2022-09-11 21:20:04,16503925
340124,30044,Frozen,"Frozen Pizza, Pasta, & Breads",Shop all,"Frozen/Frozen Pizza, Pasta, & Breads",625435002,https://www.walmart.com/ip/Screamin-Sicilian-Ss-Saus-Egg-Chs-Bacon-Pizza/625435002?fulfillmentIntent=Pickup,Screamin Sicilian Ss Saus Egg Chs Bacon Pizza,Screamin' Sicilian,3.98,3.98,,,2022-09-11 21:20:04,16503928
340125,30044,Frozen,"Frozen Pizza, Pasta, & Breads",Shop all,"Frozen/Frozen Pizza, Pasta, & Breads",206517631,https://www.walmart.com/ip/Stouffer-s-MAC-FULLS-Pepperoni-Pizza-Mac-and-Cheese-Frozen-Meal-14-oz/206517631?fulfillmentIntent=Pickup,Stouffer's MAC-FULLS Pepperoni Pizza Mac and Cheese Frozen Meal 14 oz,Stouffer's,4.68,4.68,14,,2022-09-11 21:20:04,16503929
340169,30044,Frozen,"Frozen Pizza, Pasta, & Breads",Shop all,"Frozen/Frozen Pizza, Pasta, & Breads",644626843,https://www.walmart.com/ip/Healthy-Choice-Flatbread-Pizza-Barbecue-Chicken-Frozen-6-95-oz/644626843?fulfillmentIntent=Pickup,"Healthy Choice Flatbread Pizza, Barbecue Chicken, Frozen, 6.95 oz.",Healthy Choice,3.98,3.98,6.95,,2022-09-11 21:20:04,16503973
342472,30044,Frozen,Frozen Breakfast,Shop all,Frozen/Frozen Breakfast,21298424,https://www.walmart.com/ip/Banquet-Brown-N-Serve-Fully-Cooked-Original-Sausage-Links-6-4-oz-10-Ct-Frozen/21298424?fulfillmentIntent=Pickup,"Banquet Brown 'N Serve Fully Cooked Original Sausage Links, 6.4 oz, 10 Ct (Frozen)",Homestyle Bakes,1.78,1.78,6.4,,2022-09-11 21:20:04,16506276
342489,30044,Frozen,Frozen Breakfast,Shop all,Frozen/Frozen Breakfast,46597316,https://www.walmart.com/ip/Pillsbury-Toaster-Strudel-Strawberry-Toaster-Pastries-Value-Size-6-ct-11-7-oz/46597316?fulfillmentIntent=Pickup,"Pillsbury Toaster Strudel, Strawberry Toaster Pastries, Value Size, 6 ct., 11.7 oz",Pillsbury,2.48,2.48,11.7,,2022-09-11 21:20:04,16506293
342491,30044,Frozen,Frozen Breakfast,Shop all,Frozen/Frozen Breakfast,10534284,https://www.walmart.com/ip/Great-Value-Shredded-Hash-Browns-26-oz/10534284?fulfillmentIntent=Pickup,"Great Value Shredded Hash Browns, 26 oz",Great Value,2.24,2.24,26,,2022-09-11 21:20:04,16506295
342500,30044,Frozen,Frozen Breakfast,Shop all,Frozen/Frozen Breakfast,46597311,https://www.walmart.com/ip/Pillsbury-Toaster-Strudel-Cherry-Pastry-6-ct-11-7-oz/46597311?fulfillmentIntent=Pickup,"Pillsbury Toaster Strudel, Cherry Pastry, 6 ct., 11.7 oz.",Pillsbury,2.48,2.48,11.7,,2022-09-11 21:20:04,16506304
342550,30044,Frozen,Frozen Breakfast,Shop all,Frozen/Frozen Breakfast,36073879,https://www.walmart.com/ip/Jimmy-Dean-Pancakes-and-Sausage-on-a-Stick-Breakfast-Original-Frozen-5-Count/36073879?fulfillmentIntent=Pickup,"Jimmy Dean Pancakes and Sausage on a Stick Breakfast, Original, Frozen, 5 Count",Jimmy Dean,4.23,4.23,,,2022-09-11 21:20:04,16506354
342551,30044,Frozen,Frozen Breakfast,Shop all,Frozen/Frozen Breakfast,125652634,https://www.walmart.com/ip/Pillsbury-Bacon-Sausage-Toaster-Scrambles-Frozen-Breakfast-Pastries-8-ct-14-oz/125652634?fulfillmentIntent=Pickup,"Pillsbury Bacon & Sausage Toaster Scrambles, Frozen Breakfast Pastries, 8 ct. 14 oz.",Pillsbury,5.72,5.72,14,,2022-09-11 21:20:04,16506355
342554,30044,Frozen,Frozen Breakfast,Shop all,Frozen/Frozen Breakfast,333498593,https://www.walmart.com/ip/Jimmy-Dean-Breakfast-Nuggets-Sausage-Egg-and-Cheese-12-oz-Frozen/333498593?fulfillmentIntent=Pickup,"Jimmy Dean Breakfast Nuggets Sausage Egg and Cheese, 12 oz (Frozen)",Jimmy Dean,6.0,6.0,12,,2022-09-11 21:20:04,16506358
342556,30044,Frozen,Frozen Breakfast,Shop all,Frozen/Frozen Breakfast,46597310,https://www.walmart.com/ip/Pillsbury-Toaster-Strudel-Pastries-Blueberry-6-ct-11-7-oz/46597310?fulfillmentIntent=Pickup,"Pillsbury Toaster Strudel Pastries, Blueberry, 6 ct., 11.7 oz.",Pillsbury,2.48,2.48,11.7,,2022-09-11 21:20:04,16506360
342559,30044,Frozen,Frozen Breakfast,Shop all,Frozen/Frozen Breakfast,21298420,https://www.walmart.com/ip/Banquet-Brown-N-Serve-Fully-Cooked-Vermont-Maple-Sausage-Links-6-4-oz-10-Ct-Frozen/21298420?fulfillmentIntent=Pickup,"Banquet Brown 'N Serve Fully Cooked Vermont Maple Sausage Links, 6.4 oz, 10 Ct (Frozen)",Homestyle Bakes,1.78,1.78,6.4,,2022-09-11 21:20:04,16506363
342560,30044,Frozen,Frozen Breakfast,Shop all,Frozen/Frozen Breakfast,10891793,https://www.walmart.com/ip/Eggo-Frozen-French-Toast-Sticks-Cinnamon-12-7-Oz-Box-Frozen/10891793?fulfillmentIntent=Pickup,"Eggo Frozen French Toast Sticks, Cinnamon, 12.7 Oz, Box, Frozen",Eggo,2.82,2.82,12.7,,2022-09-11 21:20:04,16506364
342561,30044,Frozen,Frozen Breakfast,Shop all,Frozen/Frozen Breakfast,46597317,https://www.walmart.com/ip/Pillsbury-Toaster-Strudel-Pastries-Cream-Cheese-Strawberry-6-ct-11-7-oz/46597317?fulfillmentIntent=Pickup,"Pillsbury Toaster Strudel Pastries, Cream Cheese & Strawberry, 6 ct., 11.7 oz.",Pillsbury,2.48,2.48,11.7,,2022-09-11 21:20:04,16506365
342569,30044,Frozen,Frozen Breakfast,Shop all,Frozen/Frozen Breakfast,23569831,https://www.walmart.com/ip/Great-Value-Sausage-Breakfast-Bowl-7-oz/23569831?fulfillmentIntent=Pickup,"Great Value Sausage Breakfast Bowl, 7 oz",Great Value,2.43,2.43,7,,2022-09-11 21:20:04,16506373
342570,30044,Frozen,Frozen Breakfast,Shop all,Frozen/Frozen Breakfast,21298421,https://www.walmart.com/ip/Banquet-Brown-N-Serve-Fully-Cooked-Turkey-Sausage-Links-6-4-oz-10-Ct-Frozen/21298421?fulfillmentIntent=Pickup,"Banquet Brown 'N Serve Fully Cooked Turkey Sausage Links, 6.4 oz, 10 Ct (Frozen)",Homestyle Bakes,1.78,1.78,6.4,,2022-09-11 21:20:04,16506374
342573,30044,Frozen,Frozen Breakfast,Shop all,Frozen/Frozen Breakfast,43750573,https://www.walmart.com/ip/Eggo-Frozen-Waffles-Blueberry-11-6-Oz-Box-Frozen/43750573?fulfillmentIntent=Pickup,"Eggo Frozen Waffles, Blueberry, 11.6 Oz, Box, Frozen",Eggo,3.38,3.38,11.6,,2022-09-11 21:20:04,16506377
342576,30044,Frozen,Frozen Breakfast,Shop all,Frozen/Frozen Breakfast,323004872,https://www.walmart.com/ip/Jimmy-Dean-Hot-Sausage-and-Salsa-Verde-Breakfast-Bowl-7-oz-Frozen/323004872?fulfillmentIntent=Pickup,"Jimmy Dean Hot Sausage and Salsa Verde Breakfast Bowl, 7 oz (Frozen)",Jimmy Dean,2.73,2.73,7,,2022-09-11 21:20:04,16506380
342626,30044,Frozen,Frozen Breakfast,Shop all,Frozen/Frozen Breakfast,39360154,https://www.walmart.com/ip/Pillsbury-Bacon-Toaster-Scrambles-Frozen-Breakfast-Pastries/39360154?fulfillmentIntent=Pickup,Pillsbury Bacon Toaster Scrambles Frozen Breakfast Pastries,Pillsbury,4.68,4.68,,,2022-09-11 21:20:04,16506430
342629,30044,Frozen,Frozen Breakfast,Shop all,Frozen/Frozen Breakfast,946468873,https://www.walmart.com/ip/Mama-s-Biscuits-Sweet-Style-Ready-To-Eat-Blueberry-Lemon-Cream-Biscuits-18-oz-6ct/946468873?fulfillmentIntent=Pickup&athbdg=L1300,"Mama's Biscuits Sweet Style Ready-To-Eat Blueberry Lemon Cream Biscuits, 18 oz, 6ct",Mama's Biscuits,4.72,3.98,18,,2022-09-11 21:20:04,16506433
342642,30044,Frozen,Frozen Breakfast,Shop all,Frozen/Frozen Breakfast,877659925,https://www.walmart.com/ip/Hungry-Jack-Buttermilk-Pancake-24ct/877659925?fulfillmentIntent=Pickup,Hungry Jack Buttermilk Pancake 24ct,Hungry Jack,5.32,5.32,24,,2022-09-11 21:20:04,16506446
342647,30044,Frozen,Frozen Breakfast,Shop all,Frozen/Frozen Breakfast,148404998,https://www.walmart.com/ip/Hungry-Jack-Mini-Pancake-80ct/148404998?fulfillmentIntent=Pickup,Hungry Jack Mini Pancake 80ct,Hungry Jack,5.32,5.32,80,,2022-09-11 21:20:04,16506451
342649,30044,Frozen,Frozen Breakfast,Shop all,Frozen/Frozen Breakfast,182647086,https://www.walmart.com/ip/Great-Value-Shredded-Hash-Browns-4-lbs/182647086?fulfillmentIntent=Pickup,"Great Value Shredded Hash Browns, 4 lbs",Great Value,3.83,3.83,4,,2022-09-11 21:20:04,16506453
343107,77449,Frozen,Frozen Breakfast,Shop all,Frozen/Frozen Breakfast,10891829,https://www.walmart.com/ip/Eggo-Frozen-Waffles-Buttermilk-12-3-Oz-Box-Frozen/10891829?fulfillmentIntent=Pickup,"Eggo Frozen Waffles, Buttermilk, 12.3 Oz, Box, Frozen",Eggo,2.82,2.82,12.3,,2022-09-11 21:20:04,16506911
343115,77449,Frozen,Frozen Breakfast,Shop all,Frozen/Frozen Breakfast,965146036,https://www.walmart.com/ip/CAULIPOWER-Broccoli-Cheddar-Breakfast-Scramble-6-5-oz/965146036?fulfillmentIntent=Pickup,"CAULIPOWER Broccoli Cheddar Breakfast Scramble, 6.5 oz",CAULIPOWER,3.98,3.98,6.5,,2022-09-11 21:20:04,16506919
343118,77449,Frozen,Frozen Breakfast,Shop all,Frozen/Frozen Breakfast,125386570,https://www.walmart.com/ip/Jimmy-Dean-Simple-Scrambles-Meat-Lovers-Quick-Breakfast-Cup-5-35-oz/125386570?fulfillmentIntent=Pickup,"Jimmy Dean Simple Scrambles Meat Lovers Quick Breakfast Cup, 5.35 oz",Jimmy Dean,3.18,3.18,5.35,,2022-09-11 21:20:04,16506922
343141,77449,Frozen,Frozen Breakfast,Shop all,Frozen/Frozen Breakfast,736467740,https://www.walmart.com/ip/Eggo-Frozen-French-Toast-Cinnamon-Brown-Sugar-12-6-Oz-Box-Frozen/736467740?fulfillmentIntent=Pickup,"Eggo Frozen French Toast, Cinnamon Brown Sugar, 12.6 Oz, Box, Frozen",Eggo,4.48,4.48,12.6,,2022-09-11 21:20:04,16506945
343175,77449,Frozen,Frozen Breakfast,Shop all,Frozen/Frozen Breakfast,16381767,https://www.walmart.com/ip/Eggo-Frozen-Waffles-Cinnamon-Brown-Sugar-11-6-Oz-Box-Frozen/16381767?fulfillmentIntent=Pickup,"Eggo Frozen Waffles, Cinnamon Brown Sugar, 11.6 Oz, Box, Frozen",Eggo,3.38,3.38,11.6,,2022-09-11 21:20:04,16506979
343180,77449,Frozen,Frozen Breakfast,Shop all,Frozen/Frozen Breakfast,692494705,https://www.walmart.com/ip/Eggo-Frozen-French-Toast-Classic-12-6-Oz-Box-Frozen/692494705?fulfillmentIntent=Pickup,"Eggo Frozen French Toast, Classic, 12.6 Oz, Box, Frozen",Eggo,4.48,4.48,12.6,,2022-09-11 21:20:04,16506984
343230,77449,Frozen,Frozen Breakfast,Shop all,Frozen/Frozen Breakfast,36995862,https://www.walmart.com/ip/De-Wafelbakkers-Buttermilk-Mini-Pancakes-28-2-Oz-80-Ct-Frozen/36995862?fulfillmentIntent=Pickup,"De Wafelbakkers Buttermilk Mini Pancakes, 28.2 Oz, 80 Ct (Frozen)",De Wafelbakkers,4.42,4.42,28.2,,2022-09-11 21:20:04,16507034
343252,77449,Frozen,Frozen Breakfast,Shop all,Frozen/Frozen Breakfast,10891828,https://www.walmart.com/ip/Eggo-Frozen-Waffles-Homestyle-29-6-Oz-Box-Frozen/10891828?fulfillmentIntent=Pickup,"Eggo Frozen Waffles, Homestyle, 29.6 Oz, Box, Frozen",Eggo,5.98,5.98,29.6,,2022-09-11 21:20:04,16507056
343255,77449,Frozen,Frozen Breakfast,Shop all,Frozen/Frozen Breakfast,15136894,https://www.walmart.com/ip/De-Wafelbakkers-Blueberry-Pancakes-33-Oz-24-Ct-Frozen/15136894?fulfillmentIntent=Pickup,"De Wafelbakkers Blueberry Pancakes, 33 Oz, 24 Ct (Frozen)",De Wafelbakkers,4.42,4.42,33,,2022-09-11 21:20:04,16507059
343256,77449,Frozen,Frozen Breakfast,Shop all,Frozen/Frozen Breakfast,122853512,https://www.walmart.com/ip/Sister-Schubert-s-Premium-Lemon-Blueberry-Rolls-18-oz-8-Ct/122853512?fulfillmentIntent=Pickup,"Sister Schubert's Premium Lemon Blueberry Rolls, 18 oz, 8 Ct",Sister Schubert's,4.5,4.5,18,,2022-09-11 21:20:04,16507060
343257,77449,Frozen,Frozen Breakfast,Shop all,Frozen/Frozen Breakfast,356173241,https://www.walmart.com/ip/Jimmy-Dean-Breakfast-Nuggets-Chicken-Sausage-Egg-and-Cheese-12-oz-Frozen/356173241?fulfillmentIntent=Pickup,"Jimmy Dean Breakfast Nuggets Chicken Sausage Egg and Cheese, 12 oz (Frozen)",Jimmy Dean,6.58,6.58,12,,2022-09-11 21:20:04,16507061
343258,77449,Frozen,Frozen Breakfast,Shop all,Frozen/Frozen Breakfast,938504632,https://www.walmart.com/ip/Kellogg-s-Frozen-Waffles-Cotton-Candy-11-6-Oz-Box-Frozen/938504632?fulfillmentIntent=Pickup,"Kellogg's Frozen Waffles, Cotton Candy, 11.6 Oz, Box, Frozen",Unicorn,3.38,3.38,11.6,,2022-09-11 21:20:04,16507062
343262,77449,Frozen,Frozen Breakfast,Shop all,Frozen/Frozen Breakfast,867677920,https://www.walmart.com/ip/40ct-Mini-Southern-Buttermilk-Pancakes/867677920?fulfillmentIntent=Pickup,40ct Mini Southern Buttermilk Pancakes,PGL,3.38,3.38,40,,2022-09-11 21:20:04,16507066
343263,77449,Frozen,Frozen Breakfast,Shop all,Frozen/Frozen Breakfast,661531940,https://www.walmart.com/ip/Kellogg-s-Frozen-Waffles-Birthday-Cake-11-6-Oz-Box-Frozen/661531940?fulfillmentIntent=Pickup,"Kellogg's Frozen Waffles, Birthday Cake, 11.6 Oz, Box, Frozen",Birthday Cake,3.38,3.38,11.6,,2022-09-11 21:20:04,16507067
343322,30044,Frozen,Frozen Breakfast,Shop all,Frozen/Frozen Breakfast,10818579,https://www.walmart.com/ip/Mary-B-s-Jumbo-Biscuits-10-ct-Bag/10818579?fulfillmentIntent=Pickup,Mary B's Jumbo Biscuits 10-ct Bag,Mary B's,4.12,4.12,,,2022-09-11 21:20:04,16507126
343327,30044,Frozen,Frozen Breakfast,Shop all,Frozen/Frozen Breakfast,967166714,https://www.walmart.com/ip/Mama-s-Biscuits-Savory-Style-Ready-To-Eat-Bacon-Cheddar-Jalapeno-Biscuits-18-oz-6ct/967166714?fulfillmentIntent=Pickup&athbdg=L1300,"Mama's Biscuits Savory Style Ready-To-Eat Bacon Cheddar Jalapeno Biscuits, 18 oz, 6ct",Mama's Biscuits,4.72,3.98,18,,2022-09-11 21:20:04,16507131
343334,30044,Frozen,Frozen Breakfast,Shop all,Frozen/Frozen Breakfast,12166227,https://www.walmart.com/ip/Mary-B-s-Cholesterol-Free-Thins-Biscuits-28-6-Oz-22-Count/12166227?fulfillmentIntent=Pickup,"Mary B's Cholesterol-Free Thins Biscuits, 28.6 Oz, 22 Count",Mary B's,4.12,4.12,28.6,,2022-09-11 21:20:04,16507138
343337,30044,Frozen,Frozen Breakfast,Shop all,Frozen/Frozen Breakfast,49699022,https://www.walmart.com/ip/Mary-B-s-Buttermilk-Biscuits-60-oz-30-Count/49699022?fulfillmentIntent=Pickup,"Mary B's Buttermilk Biscuits, 60 oz, 30 Count",Mary B's,6.93,6.93,60,,2022-09-11 21:20:04,16507141
343339,30044,Frozen,Frozen Breakfast,Shop all,Frozen/Frozen Breakfast,335583192,https://www.walmart.com/ip/Garden-Lites-Veggies-Made-Great-Beyond-Meat-Sausage-Egg-Cheese-Frittata-12-oz-Frozen/335583192?fulfillmentIntent=Pickup,"Garden Lites Veggies Made Great Beyond Meat Sausage, Egg & Cheese Frittata, 12 oz (Frozen)",Veggies Made Great,7.3,7.3,12,,2022-09-11 21:20:04,16507143
343344,30044,Frozen,Frozen Breakfast,Shop all,Frozen/Frozen Breakfast,967953484,https://www.walmart.com/ip/Applegate-Natural-Chicken-Maple-Breakfast-Sausage-20oz-30-CT-Resealable-Bag-Frozen/967953484?fulfillmentIntent=Pickup,"Applegate Natural Chicken & Maple Breakfast Sausage, 20oz, 30 CT Resealable Bag (Frozen)",Applegate,11.32,11.32,20,,2022-09-11 21:20:04,16507148
343345,30044,Frozen,Frozen Breakfast,Shop all,Frozen/Frozen Breakfast,205236367,https://www.walmart.com/ip/Garden-Lites-Veggies-Made-Great-Beyond-Meat-Sausage-Pepper-Frittata-12-oz-Frozen/205236367?fulfillmentIntent=Pickup,"Garden Lites Veggies Made Great Beyond Meat Sausage & Pepper Frittata, 12 oz (Frozen)",Veggies Made Great,7.3,7.3,12,,2022-09-11 21:20:04,16507149
343349,30044,Frozen,Frozen Breakfast,Shop all,Frozen/Frozen Breakfast,656670739,https://www.walmart.com/ip/Van-s-Frozen-Waffle-Gluten-Free-Blueberry-9oz/656670739?fulfillmentIntent=Pickup,Van's Frozen Waffle Gluten Free Blueberry 9oz,Van's,4.12,4.12,9,,2022-09-11 21:20:04,16507153
343350,30044,Frozen,Frozen Breakfast,Shop all,Frozen/Frozen Breakfast,713294720,https://www.walmart.com/ip/Bakerly-French-Pancakes-to-Go-9-88-Oz-8-Count/713294720?fulfillmentIntent=Pickup,"Bakerly French Pancakes to-Go, 9.88 Oz, 8 Count",Bakerly,4.12,4.12,9.88,,2022-09-11 21:20:04,16507154
343352,30044,Frozen,Frozen Breakfast,Shop all,Frozen/Frozen Breakfast,37859502,https://www.walmart.com/ip/Van-s-Simply-Delicious-Totally-Original-Gluten-Free-Waffles-6-count-9-oz/37859502?fulfillmentIntent=Pickup,"Van's Simply Delicious Totally Original Gluten Free Waffles, 6 count, 9 oz",Vans,4.12,4.12,9,,2022-09-11 21:20:04,16507156
343355,30044,Frozen,Frozen Breakfast,Shop all,Frozen/Frozen Breakfast,663823690,https://www.walmart.com/ip/Mama-s-Biscuits-Southern-Style-Ready-To-Eat-Buttermilk-Biscuits-18-oz-6ct/663823690?fulfillmentIntent=Pickup&athbdg=L1300,"Mama's Biscuits Southern Style Ready-To-Eat Buttermilk Biscuits, 18 oz, 6ct",Mama's Biscuits,4.72,3.98,18,,2022-09-11 21:20:04,16507159
343359,30044,Frozen,Frozen Breakfast,Shop all,Frozen/Frozen Breakfast,216276315,https://www.walmart.com/ip/Mama-s-Biscuits-Sweet-Style-Ready-To-Eat-CONFETTI-Biscuits-18-oz-6ct/216276315?fulfillmentIntent=Pickup&athbdg=L1300,"Mama's Biscuits Sweet Style Ready-To-Eat CONFETTI Biscuits, 18 oz, 6ct",Mama's Biscuits,4.72,3.98,18,,2022-09-11 21:20:04,16507163
343360,30044,Frozen,Frozen Breakfast,Shop all,Frozen/Frozen Breakfast,463503291,https://www.walmart.com/ip/12ct-Southern-Buttermilk-Pancakes/463503291?fulfillmentIntent=Pickup,12ct Southern Buttermilk Pancakes,PGL,3.38,3.38,12,,2022-09-11 21:20:04,16507164
343363,30044,Frozen,Frozen Breakfast,Shop all,Frozen/Frozen Breakfast,308159321,https://www.walmart.com/ip/CAULIPOWER-Southwest-Breakfast-Scramble-6-5-oz/308159321?fulfillmentIntent=Pickup,"CAULIPOWER Southwest Breakfast Scramble, 6.5 oz",CAULIPOWER,3.43,3.43,6.5,,2022-09-11 21:20:04,16507167
343370,30044,Frozen,Frozen Breakfast,Shop all,Frozen/Frozen Breakfast,374906231,https://www.walmart.com/ip/Birch-Benders-Keto-Chocolate-Chip-Frozen-Waffles-6ct/374906231?fulfillmentIntent=Pickup&athbdg=L1300,"Birch Benders Keto Chocolate Chip Frozen Waffles, 6ct",Birch Benders,4.48,3.98,6,,2022-09-11 21:20:04,16507174
343372,30044,Frozen,Frozen Breakfast,Shop all,Frozen/Frozen Breakfast,493908202,https://www.walmart.com/ip/CAULIPOWER-Spicy-Sesame-Breakfast-Scramble-6-5-oz/493908202?fulfillmentIntent=Pickup,"CAULIPOWER Spicy Sesame Breakfast Scramble, 6.5 oz",CAULIPOWER,3.43,3.43,6.5,,2022-09-11 21:20:04,16507176
343375,30044,Frozen,Frozen Breakfast,Shop all,Frozen/Frozen Breakfast,646117382,https://www.walmart.com/ip/Gardein-Plant-Based-Vegan-Original-Breakfast-Saus-age-Patties-8-Oz/646117382?fulfillmentIntent=Pickup,"Gardein Plant-Based, Vegan Original Breakfast Saus'age Patties, 8 Oz",Gardein,4.92,4.92,8,,2022-09-11 21:20:04,16507179
343377,30044,Frozen,Frozen Breakfast,Shop all,Frozen/Frozen Breakfast,831140636,https://www.walmart.com/ip/Just-Sous-Vide-Plant-Egg-Bites-4-count-8-4-oz/831140636?fulfillmentIntent=Pickup,"Just Sous Vide Plant Egg Bites, 4 count, 8.4 oz",JUST,5.14,5.14,8.4,,2022-09-11 21:20:04,16507181
343379,30044,Frozen,Frozen Breakfast,Shop all,Frozen/Frozen Breakfast,731833213,https://www.walmart.com/ip/JUST-Egg-Sous-Vide-Mexico-Plant-Based-Egg-Bites-4-count-8-4-oz/731833213?fulfillmentIntent=Pickup,"JUST Egg Sous Vide Mexico Plant-Based Egg Bites, 4 count, 8.4 oz",JUST Egg,5.14,5.14,8.4,,2022-09-11 21:20:04,16507183
343380,30044,Frozen,Frozen Breakfast,Shop all,Frozen/Frozen Breakfast,257533535,https://www.walmart.com/ip/Mama-s-Biscuits-Sweet-Style-Ready-To-Eat-Cinnamon-Vanilla-Cream-Biscuits-18-oz-6ct/257533535?fulfillmentIntent=Pickup&athbdg=L1300,"Mama's Biscuits Sweet Style Ready-To-Eat Cinnamon Vanilla Cream Biscuits, 18 oz, 6ct",Mama's Biscuits,4.48,3.98,18,,2022-09-11 21:20:04,16507184
343381,30044,Frozen,Frozen Breakfast,Shop all,Frozen/Frozen Breakfast,151854973,https://www.walmart.com/ip/Ruth-s-Vegetarian-Gourmet-Breakfast-Patties-Single-Serve-9-oz/151854973?fulfillmentIntent=Pickup,"Ruth's Vegetarian Gourmet Breakfast Patties, Single Serve, 9 oz",Ruth's Vegetarian Gourmet,3.24,3.24,9,,2022-09-11 21:20:04,16507185
343396,77449,Frozen,Frozen Breakfast,Shop all,Frozen/Frozen Breakfast,47133354,https://www.walmart.com/ip/Moo-Oink-Mild-Beef-Links-4-Count-32-oz-Frozen/47133354?fulfillmentIntent=Pickup&athbdg=L1300,"Moo & Oink Mild Beef Links, 4 Count, 32 oz (Frozen)",Moo & Oink,7.58,6.78,32,,2022-09-11 21:20:04,16507200
343398,77449,Frozen,Frozen Breakfast,Shop all,Frozen/Frozen Breakfast,45047061,https://www.walmart.com/ip/Applegate-Natural-Chicken-Maple-Breakfast-Sausage-7oz-10-CT-Box-Frozen/45047061?fulfillmentIntent=Pickup,"Applegate Natural Chicken & Maple Breakfast Sausage, 7oz, 10 CT Box (Frozen)",Applegate,5.12,5.12,7,,2022-09-11 21:20:04,16507202
343399,77449,Frozen,Frozen Breakfast,Shop all,Frozen/Frozen Breakfast,10818583,https://www.walmart.com/ip/Mary-B-s-Southern-Made-Biscuits-20-ct-Value-Pack/10818583?fulfillmentIntent=Pickup,Mary B's Southern Made Biscuits 20-ct Value Pack,Mary B's,5.13,5.13,,,2022-09-11 21:20:04,16507203
343400,77449,Frozen,Frozen Breakfast,Shop all,Frozen/Frozen Breakfast,187655698,https://www.walmart.com/ip/Strong-Roots-Cauliflower-Hash-Browns-13-22oz-8-CT-Bag-Frozen/187655698?fulfillmentIntent=Pickup,"Strong Roots Cauliflower Hash Browns, 13.22oz, 8 CT Bag (Frozen)",Strong Roots,4.47,4.47,13.22,,2022-09-11 21:20:04,16507204
343403,77449,Frozen,Frozen Breakfast,Shop all,Frozen/Frozen Breakfast,569719993,https://www.walmart.com/ip/Kodiak-Cakes-Blueberry-Protein-Packed-Power-Waffles-10-72oz-8-CT-Box-Frozen/569719993?fulfillmentIntent=Pickup,"Kodiak Cakes Blueberry Protein-Packed Power Waffles, 10.72oz, 8 CT Box (Frozen)",Kodiak Cakes,4.96,4.96,10.72,,2022-09-11 21:20:04,16507207
343405,77449,Frozen,Frozen Breakfast,Shop all,Frozen/Frozen Breakfast,812210395,https://www.walmart.com/ip/Patti-LaBelle-Chicken-Biscuits-28-Oz-Frozen/812210395?fulfillmentIntent=Pickup,"Patti LaBelle Chicken & Biscuits, 28 Oz (Frozen)",Patti LaBelle,10.97,10.97,28,,2022-09-11 21:20:04,16507209
343411,77449,Frozen,Frozen Breakfast,Shop all,Frozen/Frozen Breakfast,21949970,https://www.walmart.com/ip/Oscar-Mayer-Original-Fully-Cooked-Bacon-Mega-Pack-6-3-oz-Box-23-25-slices/21949970?fulfillmentIntent=Pickup,"Oscar Mayer Original Fully Cooked Bacon Mega Pack, 6.3 oz Box, 23-25 slices",Oscar Mayer,10.44,10.44,6.3,,2022-09-11 21:20:04,16507215
343419,77449,Frozen,Frozen Breakfast,Shop all,Frozen/Frozen Breakfast,183916641,https://www.walmart.com/ip/Sweet-Earth-Protein-Lover-s-Vegetarian-Frozen-Breakfast-Burrito-5-5-Oz-Plant-Based-Protein-Breakfas-5-5-oz/183916641?fulfillmentIntent=Pickup,Sweet Earth Protein Lover's Vegetarian Frozen Breakfast Burrito 5.5 Oz - Plant Based Protein Breakfas 5.5 oz,Sweet Earth Natural Foods,3.13,3.13,5.5,,2022-09-11 21:20:04,16507223
343769,30044,Frozen,Frozen Meals & Snacks,Shop all,Frozen/Frozen Meals & Snacks,19758180,https://www.walmart.com/ip/Boston-Market-Country-Fried-Beef-Steak-13-2-Oz-Frozen/19758180?fulfillmentIntent=Pickup,Boston Market Country Fried Beef Steak 13.2 Oz. (Frozen),Boston Market,3.32,3.32,13.2,,2022-09-11 21:20:04,16507573
343789,30044,Frozen,Frozen Meals & Snacks,Shop all,Frozen/Frozen Meals & Snacks,14053203,https://www.walmart.com/ip/Caribbean-Food-Delights-Jamaican-Style-Spicy-Beef-Turnover-Patties-2-Ct/14053203?fulfillmentIntent=Pickup,"Caribbean Food Delights: Jamaican Style Spicy Beef Turnover Patties, 2 Ct",Caribbean Food Delights,3.44,3.44,2,,2022-09-11 21:20:04,16507593
343797,30044,Frozen,Frozen Meals & Snacks,Shop all,Frozen/Frozen Meals & Snacks,14053204,https://www.walmart.com/ip/Caribbean-Food-Delights-Jamaican-Style-Mild-Beef-Turnover-Patties-2-CT/14053204?fulfillmentIntent=Pickup,"Caribbean Food Delights Jamaican Style Mild Beef Turnover Patties, 2 CT",Caribbean Food Delights,3.44,3.44,2,,2022-09-11 21:20:04,16507601
343887,30044,Frozen,Frozen Meals & Snacks,Shop all,Frozen/Frozen Meals & Snacks,14940820,https://www.walmart.com/ip/Michelina-s-Salisbury-Steak-and-Gravy-with-Mashed-Potatoes-8-0-Oz-Frozen/14940820?fulfillmentIntent=Pickup,Michelina's Salisbury Steak and Gravy with Mashed Potatoes 8.0 Oz. (Frozen),Michelina's,1.24,1.24,8.0,,2022-09-11 21:20:04,16507691
343889,30044,Frozen,Frozen Meals & Snacks,Shop all,Frozen/Frozen Meals & Snacks,21905243,https://www.walmart.com/ip/Michelina-s-Spicy-Chicken-Alfredo-8-0-Oz-Frozen/21905243?fulfillmentIntent=Pickup,Michelina's Spicy Chicken Alfredo 8.0 Oz. (Frozen),Michelina's,1.24,1.24,8.0,,2022-09-11 21:20:04,16507693
343895,30044,Frozen,Frozen Meals & Snacks,Shop all,Frozen/Frozen Meals & Snacks,14940824,https://www.walmart.com/ip/Michelina-s-Cheeseburger-Mac-8-0-Oz-Frozen/14940824?fulfillmentIntent=Pickup,Michelina's Cheeseburger Mac 8.0 Oz. (Frozen),Michelina's,1.24,1.24,8.0,,2022-09-11 21:20:04,16507699
343913,30044,Frozen,Frozen Meals & Snacks,Shop all,Frozen/Frozen Meals & Snacks,14940819,https://www.walmart.com/ip/Michelina-s-Beef-and-Peppers-8-0-Oz-Frozen/14940819?fulfillmentIntent=Pickup,Michelina's Beef and Peppers 8.0 Oz. (Frozen),Michelina's,1.24,1.24,8.0,,2022-09-11 21:20:04,16507717
343950,77449,Frozen,Frozen Breakfast,Shop all,Frozen/Frozen Breakfast,525109109,https://www.walmart.com/ip/Impossible-Foods-Plant-Based-Frozen-Savory-Sausage-Chubs-14oz/525109109?fulfillmentIntent=Pickup,"Impossible Foods Plant Based Frozen Savory Sausage Chubs, 14oz",Impossible Foods,4.98,4.98,14,,2022-09-11 21:20:04,16507754
343952,77449,Frozen,Frozen Breakfast,Shop all,Frozen/Frozen Breakfast,527473214,https://www.walmart.com/ip/Mountain-House-Breakfast-Skillet-Freeze-Dried-Camping-Backpacking-Food-2-Serving-Pouch-Gluten-Free/527473214?fulfillmentIntent=Pickup,"Mountain House Breakfast Skillet, Freeze-Dried Camping & Backpacking Food, 2-Serving Pouch, Gluten-Free",Mountain House,9.97,9.97,,,2022-09-11 21:20:04,16507756
343953,77449,Frozen,Frozen Breakfast,Shop all,Frozen/Frozen Breakfast,47133352,https://www.walmart.com/ip/Moo-Oink-Pork-Mild-Sausage-Links-4-Count-32-oz-Frozen/47133352?fulfillmentIntent=Pickup&athbdg=L1300,"Moo & Oink Pork Mild Sausage Links, 4 Count, 32 oz (Frozen)",Moo & Oink,7.98,6.96,32,,2022-09-11 21:20:04,16507757
343964,30044,Frozen,Frozen Meals & Snacks,Shop all,Frozen/Frozen Meals & Snacks,10794578,https://www.walmart.com/ip/Kid-Cuisine-Chicken-Breast-Nuggets-Macaroni-And-Cheese-Sauce-Corn-Brownie-Frozen-Meal-8-8-oz/10794578?fulfillmentIntent=Pickup,"Kid Cuisine Chicken Breast Nuggets Macaroni And Cheese Sauce, Corn & Brownie Frozen Meal, 8.8 oz.",Kid Cuisine,2.48,2.48,8.8,,2022-09-11 21:20:04,16507768
344042,30044,Frozen,Frozen Meals & Snacks,Shop all,Frozen/Frozen Meals & Snacks,20554625,https://www.walmart.com/ip/Banquet-100-Natural-White-Meat-Popcorn-Chicken-24-oz-Frozen/20554625?fulfillmentIntent=Pickup,"Banquet 100% Natural White Meat Popcorn Chicken, 24 oz (Frozen)",Homestyle Bakes,3.98,3.98,24,,2022-09-11 21:20:04,16507846
344061,30044,Frozen,Frozen Meals & Snacks,Shop all,Frozen/Frozen Meals & Snacks,20647950,https://www.walmart.com/ip/Kid-Cuisine-Carnival-Mini-Corn-Dogs-Frozen-Meal-With-French-Fries-Corn-Fudge-Brownie-8-8-oz/20647950?fulfillmentIntent=Pickup,"Kid Cuisine Carnival Mini Corn Dogs Frozen Meal With French Fries, Corn & Fudge Brownie, 8.8 oz.",Kid Cuisine,2.48,2.48,8.8,,2022-09-11 21:20:04,16507865
344370,30044,Frozen,Frozen Meals & Snacks,Shop all,Frozen/Frozen Meals & Snacks,10850025,https://www.walmart.com/ip/El-Monterey-Spicy-Jalapeno-Bean-Cheese-Chimichangas-32-oz-Family-Size-8-Ct-Frozen/10850025?fulfillmentIntent=Pickup,"El Monterey Spicy Jalapeno Bean & Cheese Chimichangas, 32 oz Family Size, 8 Ct (Frozen)",El Monterey,4.88,4.88,32,,2022-09-11 21:20:04,16508174
344475,30044,Frozen,Frozen Meals & Snacks,Shop all,Frozen/Frozen Meals & Snacks,205758948,https://www.walmart.com/ip/Marie-Callender-s-Kansas-City-Style-Pulled-Pork-Mac-Cheese-Bowl-11-oz/205758948?fulfillmentIntent=Pickup,"Marie Callender's Kansas City Style Pulled Pork Mac & Cheese Bowl, 11 oz",Marie Callender's,2.98,2.98,11,,2022-09-11 21:20:04,16508279
344482,30044,Frozen,Frozen Meals & Snacks,Shop all,Frozen/Frozen Meals & Snacks,13281185,https://www.walmart.com/ip/Lean-Cuisine-Favorites-Glazed-Turkey-Tenderloins-Frozen-Meal-9-oz/13281185?fulfillmentIntent=Pickup,Lean Cuisine Favorites Glazed Turkey Tenderloins Frozen Meal 9 oz,Lean Cuisine,2.62,2.62,9,,2022-09-11 21:20:04,16508286
344489,30044,Frozen,Frozen Meals & Snacks,Shop all,Frozen/Frozen Meals & Snacks,268425401,https://www.walmart.com/ip/Banquet-Mega-Bowls-Nashville-Hot-Chicken-Recipe-13-oz/268425401?fulfillmentIntent=Pickup,"Banquet Mega Bowls Nashville Hot Chicken Recipe, 13 oz",Homestyle Bakes,2.98,2.98,13,,2022-09-11 21:20:04,16508293
344492,30044,Frozen,Frozen Meals & Snacks,Shop all,Frozen/Frozen Meals & Snacks,19276120,https://www.walmart.com/ip/TGI-Fridays-Mozzarella-Sticks-Frozen-Snacks-with-Marinara-Sauce-17-4-oz-Box/19276120?fulfillmentIntent=Pickup,"TGI Fridays Mozzarella Sticks Frozen Snacks with Marinara Sauce, 17.4 oz Box",TGI Fridays,6.44,6.44,17.4,,2022-09-11 21:20:04,16508296
344495,30044,Frozen,Frozen Meals & Snacks,Shop all,Frozen/Frozen Meals & Snacks,10801633,https://www.walmart.com/ip/Bagel-Bites-Three-Cheese-Mini-Pizza-Bagel-Frozen-Snacks-18-ct-Box/10801633?fulfillmentIntent=Pickup,"Bagel Bites Three Cheese Mini Pizza Bagel Frozen Snacks, 18 ct Box",Bagel Bites,4.37,4.37,18,,2022-09-11 21:20:04,16508299
344504,30044,Frozen,Frozen Meals & Snacks,Shop all,Frozen/Frozen Meals & Snacks,14562660,https://www.walmart.com/ip/Stouffer-s-Macaroni-and-Cheese-with-Broccoli-Frozen-Meal-12-oz/14562660?fulfillmentIntent=Pickup,Stouffer's Macaroni and Cheese with Broccoli Frozen Meal 12 oz,Stouffer's,3.48,3.48,12,,2022-09-11 21:20:04,16508308
344544,30044,Frozen,Frozen Meals & Snacks,Shop all,Frozen/Frozen Meals & Snacks,14140839,https://www.walmart.com/ip/Stouffer-s-Swedish-Meatballs-Frozen-Meal-11-5-oz/14140839?fulfillmentIntent=Pickup,Stouffer's Swedish Meatballs Frozen Meal 11.5 oz,Stouffer's,3.48,3.48,11.5,,2022-09-11 21:20:04,16508348
344563,30044,Frozen,Frozen Meals & Snacks,Shop all,Frozen/Frozen Meals & Snacks,49442642,https://www.walmart.com/ip/Nasoya-Egg-Roll-Wraps-1-lb-Pack/49442642?fulfillmentIntent=Pickup,Nasoya Egg Roll Wraps 1 lb. Pack,Nasoya,2.48,2.48,1,,2022-09-11 21:20:04,16508367
344570,30044,Frozen,Frozen Meals & Snacks,Shop all,Frozen/Frozen Meals & Snacks,47197147,https://www.walmart.com/ip/Banquet-Basic-Chicken-Fingers-Frozen-Single-Serve-Meal-6-5-Ounce/47197147?fulfillmentIntent=Pickup,"Banquet Basic Chicken Fingers Frozen Single Serve Meal, 6.5 Ounce",Banquet,1.24,1.24,6.5,,2022-09-11 21:20:04,16508374
344591,30044,Frozen,Frozen Meals & Snacks,Shop all,Frozen/Frozen Meals & Snacks,10794853,https://www.walmart.com/ip/Smart-Ones-Slow-Roasted-Turkey-Breast-with-Gravy-Garlic-Herb-Mashed-Potatoes-Frozen-Meal-9-oz-box/10794853?fulfillmentIntent=Pickup&athbdg=L1300,"Smart Ones Slow Roasted Turkey Breast with Gravy & Garlic-Herb Mashed Potatoes Frozen Meal, 9 oz box",SMART ONES,2.18,1.96,9,,2022-09-11 21:20:04,16508395
344592,30044,Frozen,Frozen Meals & Snacks,Shop all,Frozen/Frozen Meals & Snacks,137400934,https://www.walmart.com/ip/PERDUE-Chicken-Breast-Patties-28-8-oz/137400934?fulfillmentIntent=Pickup,"PERDUE Chicken Breast Patties, 28.8 oz",Perdue,7.58,7.58,28.8,,2022-09-11 21:20:04,16508396
344599,30044,Frozen,Frozen Meals & Snacks,Shop all,Frozen/Frozen Meals & Snacks,858434656,https://www.walmart.com/ip/Real-Good-Foods-Low-Carb-Chicken-Nuggets-20-oz-Bag/858434656?fulfillmentIntent=Pickup,"Real Good Foods Low Carb Chicken Nuggets, 20 oz Bag",Realgood Foods Co.,7.98,7.98,20,,2022-09-11 21:20:04,16508403
344600,30044,Frozen,Frozen Meals & Snacks,Shop all,Frozen/Frozen Meals & Snacks,162063541,https://www.walmart.com/ip/Banquet-Mega-Meals-Salisbury-Steak-16-95-oz/162063541?fulfillmentIntent=Pickup,"Banquet Mega Meals Salisbury Steak, 16.95 oz",Homestyle Bakes,3.12,3.12,16.95,,2022-09-11 21:20:04,16508404
344605,30044,Frozen,Frozen Meals & Snacks,Shop all,Frozen/Frozen Meals & Snacks,11027831,https://www.walmart.com/ip/Foster-Farms-Honey-Crunchy-Chicken-Corn-Dogs-2-67-oz-16-Count-Box/11027831?fulfillmentIntent=Pickup,"Foster Farms Honey Crunchy Chicken Corn Dogs, 2.67 oz, 16 Count Box",Foster Farms,7.24,7.24,2.67,,2022-09-11 21:20:04,16508409
344607,30044,Frozen,Frozen Meals & Snacks,Shop all,Frozen/Frozen Meals & Snacks,14140836,https://www.walmart.com/ip/Stouffer-s-Vegetable-Lasagna-Frozen-Meal-10-5-oz/14140836?fulfillmentIntent=Pickup,Stouffer's Vegetable Lasagna Frozen Meal 10.5 oz,Stouffer's,3.48,3.48,10.5,,2022-09-11 21:20:04,16508411
344608,30044,Frozen,Frozen Meals & Snacks,Shop all,Frozen/Frozen Meals & Snacks,14648272,https://www.walmart.com/ip/TGI-Fridays-Frozen-Appetizers-Cream-Cheese-Stuffed-Jalapeno-Poppers-with-Raspberry-Habanero-Dip-15-oz-Box/14648272?fulfillmentIntent=Pickup,"TGI Fridays Frozen Appetizers Cream Cheese Stuffed Jalapeno Poppers with Raspberry Habanero Dip, 15 oz. Box",TGI Fridays,5.96,5.96,15,,2022-09-11 21:20:04,16508412
344610,30044,Frozen,Frozen Meals & Snacks,Shop all,Frozen/Frozen Meals & Snacks,115035804,https://www.walmart.com/ip/BANQUET-Basic-Spaghetti-With-Chicken-Nuggets-7-oz/115035804?fulfillmentIntent=Pickup,"BANQUET Basic Spaghetti With Chicken Nuggets, 7 oz",Banquet,1.24,1.24,7,,2022-09-11 21:20:04,16508414
344615,30044,Frozen,Frozen Meals & Snacks,Shop all,Frozen/Frozen Meals & Snacks,816552998,https://www.walmart.com/ip/Healthy-Choice-Power-Bowls-Italian-Style-Chicken-Sausage-Peppers-Frozen-Meals-9-25-oz/816552998?fulfillmentIntent=Pickup,"Healthy Choice Power Bowls Italian-Style Chicken Sausage & Peppers Frozen Meals, 9.25 oz.",Healthy Choice,3.98,3.98,9.25,,2022-09-11 21:20:04,16508419
344621,30044,Frozen,Frozen Meals & Snacks,Shop all,Frozen/Frozen Meals & Snacks,547885971,https://www.walmart.com/ip/InnovAsian-Mini-Vegetable-Spring-Rolls-7-oz-Frozen/547885971?fulfillmentIntent=Pickup,"InnovAsian Mini Vegetable Spring Rolls, 7 oz (Frozen)",InnovAsian Cuisine,4.56,4.56,7,,2022-09-11 21:20:04,16508425
344626,30044,Frozen,Frozen Meals & Snacks,Shop all,Frozen/Frozen Meals & Snacks,148102176,https://www.walmart.com/ip/Red-s-Organic-Chicken-Cilantro-and-Lime-Burrito-4-5-oz-Frozen/148102176?fulfillmentIntent=Pickup,"Red's Organic Chicken, Cilantro and Lime Burrito, 4.5 oz (Frozen)",Red's,2.64,2.64,4.5,,2022-09-11 21:20:04,16508430
344673,30044,Frozen,Frozen Meals & Snacks,Shop all,Frozen/Frozen Meals & Snacks,156218637,https://www.walmart.com/ip/John-Soules-Foods-Jurassic-World-Dominion-Chicken-Nuggets-24oz-Frozen/156218637?fulfillmentIntent=Pickup,"John Soules Foods Jurassic World Dominion Chicken Nuggets, 24oz, Frozen",John Soules Foods,5.98,5.98,24,,2022-09-11 21:20:04,16508477
344675,30044,Frozen,Frozen Meals & Snacks,Shop all,Frozen/Frozen Meals & Snacks,10813558,https://www.walmart.com/ip/Alexia-Seasoned-Waffle-Cut-Fries-Non-GMO-Ingredients-20-oz-Frozen/10813558?fulfillmentIntent=Pickup,"Alexia Seasoned Waffle Cut Fries, Non-GMO Ingredients, 20 oz (Frozen)",Alexia,4.4,4.4,20,,2022-09-11 21:20:04,16508479
344677,30044,Frozen,Frozen Meals & Snacks,Shop all,Frozen/Frozen Meals & Snacks,10801074,https://www.walmart.com/ip/TGI-Fridays-Spinach-Artichoke-Cheese-Dip-Frozen-Snack-8-oz-Box/10801074?fulfillmentIntent=Pickup,"TGI Fridays Spinach & Artichoke Cheese Dip Frozen Snack, 8 oz Box",TGI Fridays,3.94,3.94,8,,2022-09-11 21:20:04,16508481
344681,30044,Frozen,Frozen Meals & Snacks,Shop all,Frozen/Frozen Meals & Snacks,47386263,https://www.walmart.com/ip/Golden-Platter-All-Natural-Gluten-Free-Buffalo-Style-Bites-18oz-24-CT-Resealable-Bag-Frozen/47386263?fulfillmentIntent=Pickup,"Golden Platter All Natural Gluten Free Buffalo Style Bites, 18oz, 24 CT Resealable Bag (Frozen)",Golden Platter,7.48,7.48,18,,2022-09-11 21:20:04,16508485
344685,30044,Frozen,Frozen Meals & Snacks,Shop all,Frozen/Frozen Meals & Snacks,123177491,https://www.walmart.com/ip/Red-s-Steak-and-Cheddar-Burrito-5-oz-Frozen/123177491?fulfillmentIntent=Pickup,"Red's Steak and Cheddar Burrito, 5 oz (Frozen)",Red's,2.64,2.64,5,,2022-09-11 21:20:04,16508489
344689,30044,Frozen,Frozen Meals & Snacks,Shop all,Frozen/Frozen Meals & Snacks,19758173,https://www.walmart.com/ip/Boston-Market-Salisbury-Steak-14-5-Oz-Frozen/19758173?fulfillmentIntent=Pickup,Boston Market Salisbury Steak 14.5 Oz. (Frozen),Boston Market,3.32,3.32,14.5,,2022-09-11 21:20:04,16508493
344692,30044,Frozen,Frozen Meals & Snacks,Shop all,Frozen/Frozen Meals & Snacks,770956489,https://www.walmart.com/ip/Real-Good-Foods-Chicken-Shell-Chicken-Taco-2-Count/770956489?fulfillmentIntent=Pickup,"Real Good Foods Chicken Shell Chicken Taco, 2 Count",Realgood Foods Co.,6.98,6.98,,,2022-09-11 21:20:04,16508496
344702,30044,Frozen,Frozen Meals & Snacks,Shop all,Frozen/Frozen Meals & Snacks,112377845,https://www.walmart.com/ip/Great-Value-Chicken-Vegetable-Steamed-Soup-Dumplings-6-oz-Frozen/112377845?fulfillmentIntent=Pickup,"Great Value Chicken & Vegetable Steamed Soup Dumplings, 6 oz (Frozen)",Great Value,2.98,2.98,6,,2022-09-11 21:20:04,16508506
344706,30044,Frozen,Frozen Meals & Snacks,Shop all,Frozen/Frozen Meals & Snacks,35606594,https://www.walmart.com/ip/P-F-Chang-s-Home-Menu-Shrimp-Lo-Mein-Skillet-Meal-Frozen-Meal-22-OZ/35606594?fulfillmentIntent=Pickup,"P.F. Chang's Home Menu Shrimp Lo Mein Skillet Meal, Frozen Meal, 22 OZ",P.F. Chang's,7.78,7.78,22,,2022-09-11 21:20:04,16508510
344797,30044,Frozen,Frozen Meals & Snacks,Shop all,Frozen/Frozen Meals & Snacks,814591993,https://www.walmart.com/ip/Rao-s-Made-for-Home-Chicken-Parmesan-Single-Serve-Frozen-Dinner-8-5-oz/814591993?fulfillmentIntent=Pickup,"Rao's Made for Home Chicken Parmesan, Single Serve Frozen Dinner, 8.5 oz",Rao's Homemade,4.76,4.76,8.5,,2022-09-11 21:20:04,16508601
344802,30044,Frozen,Frozen Meals & Snacks,Shop all,Frozen/Frozen Meals & Snacks,607331079,https://www.walmart.com/ip/Smucker-s-Uncrustables-Taco-Bites-3-2-Oz-Packs/607331079?fulfillmentIntent=Pickup,"Smuckers Uncrustables Taco Bites, 3 - 2 Oz. Packs",Smucker's,3.98,3.98,2,,2022-09-11 21:20:04,16508606
344803,30044,Frozen,Frozen Meals & Snacks,Shop all,Frozen/Frozen Meals & Snacks,13281186,https://www.walmart.com/ip/Lean-Cuisine-Favorites-Classic-Macaroni-and-Beef-Frozen-Meal-9-5-oz/13281186?fulfillmentIntent=Pickup,Lean Cuisine Favorites Classic Macaroni and Beef Frozen Meal 9.5 oz,Lean Cuisine,3.14,3.14,9.5,,2022-09-11 21:20:04,16508607
344809,30044,Frozen,Frozen Meals & Snacks,Shop all,Frozen/Frozen Meals & Snacks,47386272,https://www.walmart.com/ip/505-Southwestern-Hatch-Kitchen-Chicken-Quesadillas-4-oz-8-count/47386272?fulfillmentIntent=Pickup,"505 Southwestern Hatch Kitchen Chicken Quesadillas, 4 oz, 8 count",505 Southwestern,8.97,8.97,4,,2022-09-11 21:20:04,16508613
344813,30044,Frozen,Frozen Meals & Snacks,Shop all,Frozen/Frozen Meals & Snacks,10801229,https://www.walmart.com/ip/Zatarain-s-Frozen-Meal-Blackened-Chicken-with-Yellow-Rice-10-5-oz/10801229?fulfillmentIntent=Pickup,"Zatarain's Frozen Meal - Blackened Chicken with Yellow Rice, 10.5 oz",Zatarain's,3.98,3.98,10.5,,2022-09-11 21:20:04,16508617
344814,30044,Frozen,Frozen Meals & Snacks,Shop all,Frozen/Frozen Meals & Snacks,973812312,https://www.walmart.com/ip/Real-Good-Foods-Chicken-Shell-Beef-Taco-2-Count/973812312?fulfillmentIntent=Pickup,"Real Good Foods Chicken Shell Beef Taco, 2 Count",Realgood Foods Co.,6.98,6.98,,,2022-09-11 21:20:04,16508618
344818,30044,Frozen,Frozen Meals & Snacks,Shop all,Frozen/Frozen Meals & Snacks,726689062,https://www.walmart.com/ip/Uncrustables-Uncured-Pepperoni-Bites-2-oz-Packs-3-Count/726689062?fulfillmentIntent=Pickup,"Uncrustables Uncured Pepperoni Bites, 2 oz Packs, 3 Count",Smucker's,3.98,3.98,2,,2022-09-11 21:20:04,16508622
344820,30044,Frozen,Frozen Meals & Snacks,Shop all,Frozen/Frozen Meals & Snacks,33856311,https://www.walmart.com/ip/Tai-Pei-Shrimp-Egg-Rolls-w-Sauce-Frozen-Asian-Appetizers-8-Ct-22-5-oz-Carton/33856311?fulfillmentIntent=Pickup,"Tai Pei Shrimp Egg Rolls w Sauce Frozen Asian Appetizers 8 Ct, 22.5 oz Carton",Tai Pei,5.98,5.98,22.5,,2022-09-11 21:20:04,16508624
344823,30044,Frozen,Frozen Meals & Snacks,Shop all,Frozen/Frozen Meals & Snacks,36513148,https://www.walmart.com/ip/InnovAsian-Chicken-Broccoli-Meal-16-oz-Frozen/36513148?fulfillmentIntent=Pickup,"InnovAsian Chicken & Broccoli Meal, 16 oz (Frozen)",InnovAsian Cuisine,6.28,6.28,16,,2022-09-11 21:20:04,16508627
344826,30044,Frozen,Frozen Meals & Snacks,Shop all,Frozen/Frozen Meals & Snacks,116477841,https://www.walmart.com/ip/El-Monterey-Chicken-Cheese-Flour-Taquitos/116477841?fulfillmentIntent=Pickup,El Monterey Chicken & Cheese Flour Taquitos,El Monterey,7.54,7.54,,,2022-09-11 21:20:04,16508630
344827,30044,Frozen,Frozen Meals & Snacks,Shop all,Frozen/Frozen Meals & Snacks,100391032,https://www.walmart.com/ip/Stouffer-s-Bowl-Fulls-Fried-Chicken-Mashed-Potatoes-Frozen-Meal-14-oz/100391032?fulfillmentIntent=Pickup,Stouffer's Bowl-Fulls Fried Chicken & Mashed Potatoes Frozen Meal 14 oz,Stouffer's,4.68,4.68,14,,2022-09-11 21:20:04,16508631
344828,30044,Frozen,Frozen Meals & Snacks,Shop all,Frozen/Frozen Meals & Snacks,901054119,https://www.walmart.com/ip/Great-Value-Italian-Style-Three-Meat-Lasagna-35-oz/901054119?fulfillmentIntent=Pickup,"Great Value Italian-Style Three Meat Lasagna, 35 oz",Great Value,8.77,8.77,35,,2022-09-11 21:20:04,16508632
344911,30044,Frozen,Frozen Meals & Snacks,Shop all,Frozen/Frozen Meals & Snacks,857218367,https://www.walmart.com/ip/Great-Value-Stacked-Beef-Burrito-12-oz-Frozen/857218367?fulfillmentIntent=Pickup,"Great Value Stacked Beef Burrito, 12 oz (Frozen)",Great Value,3.12,3.12,12,,2022-09-11 21:20:04,16508715
344913,30044,Frozen,Frozen Meals & Snacks,Shop all,Frozen/Frozen Meals & Snacks,134844881,https://www.walmart.com/ip/El-Monterey-Extra-Crunchy-Southwest-Chicken-Taquitos-18-count-20-7oz-Box/134844881?fulfillmentIntent=Pickup,"El Monterey Extra Crunchy Southwest Chicken Taquitos, 18 count, 20.7oz Box",El Monterey,7.54,7.54,20.7,,2022-09-11 21:20:04,16508717
344916,30044,Frozen,Frozen Meals & Snacks,Shop all,Frozen/Frozen Meals & Snacks,160613756,https://www.walmart.com/ip/Hungry-Man-Golden-Battered-Chicken-Cheese-Fries-16-oz/160613756?fulfillmentIntent=Pickup,Hungry-Man Golden Battered Chicken Cheese Fries 16 oz,Hungry-Man,4.78,4.78,16,,2022-09-11 21:20:04,16508720
344923,30044,Frozen,Frozen Meals & Snacks,Shop all,Frozen/Frozen Meals & Snacks,45664802,https://www.walmart.com/ip/Lean-Cuisine-Features-Chicken-in-Sweet-BBQ-Sauce-Frozen-Meal-8-5-oz/45664802?fulfillmentIntent=Pickup,Lean Cuisine Features Chicken in Sweet BBQ Sauce Frozen Meal 8.5 oz,Lean Cuisine,3.58,3.58,8.5,,2022-09-11 21:20:04,16508727
344930,30044,Frozen,Frozen Meals & Snacks,Shop all,Frozen/Frozen Meals & Snacks,561146552,https://www.walmart.com/ip/Great-Value-Vegetable-Lasagna-Pasta-12-oz/561146552?fulfillmentIntent=Pickup,"Great Value Vegetable Lasagna Pasta, 12 oz",Great Value,3.12,3.12,12,,2022-09-11 21:20:04,16508734
344935,30044,Frozen,Frozen Meals & Snacks,Shop all,Frozen/Frozen Meals & Snacks,369126868,https://www.walmart.com/ip/Great-Value-Chicken-with-Mashed-Potatoes-and-Gravy-10-oz/369126868?fulfillmentIntent=Pickup,"Great Value Chicken with Mashed Potatoes and Gravy, 10 oz",Great Value,3.12,3.12,10,,2022-09-11 21:20:04,16508739
344942,30044,Frozen,Frozen Meals & Snacks,Shop all,Frozen/Frozen Meals & Snacks,848859167,https://www.walmart.com/ip/Red-Baron-Supreme-Pizza-Melt-5-98-Oz-Frozen/848859167?fulfillmentIntent=Pickup,"Red Baron Supreme Pizza Melt, 5.98 Oz (Frozen)",Red Baron,3.34,3.34,5.98,,2022-09-11 21:20:04,16508746
344948,30044,Frozen,Frozen Meals & Snacks,Shop all,Frozen/Frozen Meals & Snacks,10801086,https://www.walmart.com/ip/TGI-Fridays-Mozzarella-Sticks-Value-Size-Frozen-Snacks-with-Marinara-Sauce-30-oz-Box/10801086?fulfillmentIntent=Pickup,"TGI Fridays Mozzarella Sticks Value Size Frozen Snacks with Marinara Sauce, 30 oz Box",TGI Fridays,10.12,10.12,30,,2022-09-11 21:20:04,16508752
344950,30044,Frozen,Frozen Meals & Snacks,Shop all,Frozen/Frozen Meals & Snacks,213024639,https://www.walmart.com/ip/Real-Good-Foods-General-Tso-s-Chicken-18-oz-Bag/213024639?fulfillmentIntent=Pickup,"Real Good Foods General Tso's Chicken, 18 oz Bag",Realgood Foods Co.,6.98,6.98,18,,2022-09-11 21:20:04,16508754
344957,30044,Frozen,Frozen Meals & Snacks,Shop all,Frozen/Frozen Meals & Snacks,14312790,https://www.walmart.com/ip/Corky-s-Bar-B-Q-Pork-Dinner-13-oz/14312790?fulfillmentIntent=Pickup,"Corky's: Bar-B-Q Pork Dinner, 13 oz",Corkys Footwear,4.2,4.2,13,,2022-09-11 21:20:04,16508761
345002,30044,Frozen,Frozen Meals & Snacks,Shop all,Frozen/Frozen Meals & Snacks,630855184,https://www.walmart.com/ip/InnovAsian-Vegetable-Lo-Mein-14-oz-Frozen/630855184?fulfillmentIntent=Pickup,"InnovAsian Vegetable Lo Mein, 14 oz (Frozen)",InnovAsian Cuisine,4.98,4.98,14,,2022-09-11 21:20:04,16508806
345005,30044,Frozen,Frozen Meals & Snacks,Shop all,Frozen/Frozen Meals & Snacks,39384112,https://www.walmart.com/ip/TGI-Fridays-Frozen-Appetizers-Cheddar-Cheese-Stuffed-Jalapeno-Poppers-Value-Size-32-oz-Box/39384112?fulfillmentIntent=Pickup,"TGI Fridays Frozen Appetizers Cheddar Cheese Stuffed Jalapeno Poppers Value Size, 32 oz. Box",TGI Fridays,10.12,10.12,32,,2022-09-11 21:20:04,16508809
345010,30044,Frozen,Frozen Meals & Snacks,Shop all,Frozen/Frozen Meals & Snacks,160250184,https://www.walmart.com/ip/InnovAsian-Crispy-Teriyaki-Chicken-Meal-18-oz-Frozen/160250184?fulfillmentIntent=Pickup,"InnovAsian Crispy Teriyaki Chicken Meal, 18 oz (Frozen)",InnovAsian Cuisine,6.48,6.48,18,,2022-09-11 21:20:04,16508814
345011,30044,Frozen,Frozen Meals & Snacks,Shop all,Frozen/Frozen Meals & Snacks,278618721,https://www.walmart.com/ip/PAGODA-BUFFALO-STYLE-CHICKEN-MINI-EGG-ROLL/278618721?fulfillmentIntent=Pickup,PAGODA BUFFALO STYLE CHICKEN MINI EGG ROLL,PAGODA,3.54,3.54,,,2022-09-11 21:20:04,16508815
345021,30044,Frozen,Frozen Meals & Snacks,Shop all,Frozen/Frozen Meals & Snacks,144538721,https://www.walmart.com/ip/Tyson-Naturals-Gluten-Free-Breaded-Chicken-Breast-Nuggets-1-25-lb-Bag-Frozen/144538721?fulfillmentIntent=Pickup,"Tyson Naturals Gluten Free Breaded Chicken Breast Nuggets, 1.25 lb Bag (Frozen)",Tyson,7.52,7.52,1.25,,2022-09-11 21:20:04,16508825
345027,30044,Frozen,Frozen Meals & Snacks,Shop all,Frozen/Frozen Meals & Snacks,14244672,https://www.walmart.com/ip/Lean-Cuisine-Features-Apple-Cranberry-Chicken-Frozen-Meal-9-625-oz/14244672?fulfillmentIntent=Pickup,Lean Cuisine Features Apple Cranberry Chicken Frozen Meal 9.625 oz,Lean Cuisine,3.12,3.12,9.625,,2022-09-11 21:20:04,16508831
345029,30044,Frozen,Frozen Meals & Snacks,Shop all,Frozen/Frozen Meals & Snacks,230056141,https://www.walmart.com/ip/P-F-Chang-s-Home-Menu-Chicken-Fried-Rice-Frozen-Meal-11-oz/230056141?fulfillmentIntent=Pickup,"P.F. Chang's Home Menu Chicken Fried Rice, Frozen Meal, 11 oz.",P.F. Chang's,3.98,3.98,11,,2022-09-11 21:20:04,16508833
345033,30044,Frozen,Frozen Meals & Snacks,Shop all,Frozen/Frozen Meals & Snacks,337368253,https://www.walmart.com/ip/Purple-Carrot-Gardein-Plant-Based-Meatball-Marinara-Frozen-Meal-Vegan-10-75-oz/337368253?fulfillmentIntent=Pickup,"Purple Carrot Gardein Plant-Based Meatball Marinara, Frozen Meal, Vegan, 10.75 oz.",0I,4.86,4.86,10.75,,2022-09-11 21:20:04,16508837
345036,30044,Frozen,Frozen Meals & Snacks,Shop all,Frozen/Frozen Meals & Snacks,269766973,https://www.walmart.com/ip/BANQUET-Frozen-Meal-Meatloaf-Topped-With-Gravy-and-Mashed-Potatoes-Made-With-Real-Cream-8-oz/269766973?fulfillmentIntent=Pickup,"BANQUET Frozen Meal, Meatloaf Topped With Gravy and Mashed Potatoes Made With Real Cream, 8 oz.",Banquet,1.24,1.24,8,,2022-09-11 21:20:04,16508840
345039,30044,Frozen,Frozen Meals & Snacks,Shop all,Frozen/Frozen Meals & Snacks,494547676,https://www.walmart.com/ip/Banquet-Mega-Meals-Country-Fried-Chicken-Frozen-16-oz/494547676?fulfillmentIntent=Pickup,"Banquet Mega Meals Country Fried Chicken, Frozen, 16 oz.",Banquet,2.98,2.98,16,,2022-09-11 21:20:04,16508843
345041,30044,Frozen,Frozen Meals & Snacks,Shop all,Frozen/Frozen Meals & Snacks,869862445,https://www.walmart.com/ip/Purple-Carrot-Maple-Chipotle-Brussels-Sprouts-Frozen-Meal-Vegan-10-75-oz/869862445?fulfillmentIntent=Pickup,"Purple Carrot Maple Chipotle Brussels Sprouts, Frozen Meal, Vegan, 10.75 oz.",0I,4.86,4.86,10.75,,2022-09-11 21:20:04,16508845
345222,30044,Frozen,Frozen Meals & Snacks,Shop all,Frozen/Frozen Meals & Snacks,14312789,https://www.walmart.com/ip/Corky-s-Bar-B-Q-Pork-Rib-Dinner-Packaged-Meal-16-oz/14312789?fulfillmentIntent=Pickup,"Corky's Bar-B-Q Pork Rib Dinner, Packaged Meal, 16 oz",Corkys Footwear,5.38,5.38,16,,2022-09-11 21:20:04,16509026
345223,30044,Frozen,Frozen Meals & Snacks,Shop all,Frozen/Frozen Meals & Snacks,115141036,https://www.walmart.com/ip/PERDUE-Chicken-Breast-Mega-Nuggets-27-oz/115141036?fulfillmentIntent=Pickup,"PERDUE Chicken Breast Mega Nuggets, 27 oz.",Perdue,7.28,7.28,27,,2022-09-11 21:20:04,16509027
345224,30044,Frozen,Frozen Meals & Snacks,Shop all,Frozen/Frozen Meals & Snacks,486488420,https://www.walmart.com/ip/Purple-Carrot-Fiesta-Pepper-Bowl-With-Gardein-Plant-Based-Be-f-Frozen-Meal-Vegan-10-75-oz/486488420?fulfillmentIntent=Pickup,"Purple Carrot Fiesta Pepper Bowl With Gardein Plant-Based Be'f, Frozen Meal, Vegan, 10.75 oz.",0I,4.86,4.86,10.75,,2022-09-11 21:20:04,16509028
345232,30044,Frozen,Frozen Meals & Snacks,Shop all,Frozen/Frozen Meals & Snacks,158742172,https://www.walmart.com/ip/John-Soules-Foods-Flame-Grilled-Chicken-16oz-Frozen/158742172?fulfillmentIntent=Pickup,"John Soules Foods Flame Grilled Chicken, 16oz (Frozen)",John Soules Foods,8.93,8.93,16,,2022-09-11 21:20:04,16509036
345233,30044,Frozen,Frozen Meals & Snacks,Shop all,Frozen/Frozen Meals & Snacks,709978073,https://www.walmart.com/ip/InnovAsian-Signature-Spicy-Chicken-Meal-18-oz-Frozen/709978073?fulfillmentIntent=Pickup,"InnovAsian Signature Spicy Chicken Meal, 18 oz (Frozen)",InnovAsian Cuisine,6.48,6.48,18,,2022-09-11 21:20:04,16509037
345234,30044,Frozen,Frozen Meals & Snacks,Shop all,Frozen/Frozen Meals & Snacks,564308658,https://www.walmart.com/ip/Michelina-s-Grande-Italian-Sausage-Pasta-Bake-13-5-Oz-Frozen/564308658?fulfillmentIntent=Pickup,Michelina's Grande Italian Sausage Pasta Bake 13.5 Oz. (Frozen),Michelina's,1.66,1.66,13.5,,2022-09-11 21:20:04,16509038
345235,30044,Frozen,Frozen Meals & Snacks,Shop all,Frozen/Frozen Meals & Snacks,632190416,https://www.walmart.com/ip/Frank-s-RedHot-Frozen-Chicken-Bites-Buffalo-15-oz/632190416?fulfillmentIntent=Pickup,"Frank's RedHot  Frozen Chicken Bites - Buffalo, 15 oz",Frank's RedHot,7.64,7.64,15,,2022-09-11 21:20:04,16509039
345237,30044,Frozen,Frozen Meals & Snacks,Shop all,Frozen/Frozen Meals & Snacks,496340083,https://www.walmart.com/ip/Birds-Eye-Voila-Oven-Bake-Meals-Chicken-Taco-Frozen-Meal-35-oz/496340083?fulfillmentIntent=Pickup,"Birds Eye Voila! Oven Bake Meals Chicken Taco Frozen Meal, 35 oz.",Birds Eye Voila,7.78,7.78,35,,2022-09-11 21:20:04,16509041
345239,30044,Frozen,Frozen Meals & Snacks,Shop all,Frozen/Frozen Meals & Snacks,51778115,https://www.walmart.com/ip/BANQUET-Backyard-BBQ-Meal-Rib-Shaped-Patty-With-Macaroni-Cheese-Frozen-Meal-8-oz/51778115?fulfillmentIntent=Pickup,"BANQUET Backyard BBQ Meal Rib-Shaped Patty With Macaroni & Cheese Frozen Meal, 8 oz.",Banquet,1.24,1.24,8,,2022-09-11 21:20:04,16509043
345242,30044,Frozen,Frozen Meals & Snacks,Shop all,Frozen/Frozen Meals & Snacks,151481031,https://www.walmart.com/ip/BANQUET-Cheesy-Mac-Beef-Frozen-Meal-7-oz/151481031?fulfillmentIntent=Pickup,"BANQUET Cheesy Mac & Beef Frozen Meal, 7 oz.",Banquet,1.24,1.24,7,,2022-09-11 21:20:04,16509046
345246,30044,Frozen,Frozen Meals & Snacks,Shop all,Frozen/Frozen Meals & Snacks,665059534,https://www.walmart.com/ip/SeaPak-Lobster-and-Shrimp-Bites-Oven-Crispy-Frozen-14-oz/665059534?fulfillmentIntent=Pickup,"SeaPak Lobster and Shrimp Bites, Oven Crispy, Frozen, 14 oz",SeaPak,7.12,7.12,14,,2022-09-11 21:20:04,16509050
345248,30044,Frozen,Frozen Meals & Snacks,Shop all,Frozen/Frozen Meals & Snacks,890344118,https://www.walmart.com/ip/P-F-Chang-s-Home-Menu-Beef-Broccoli-Frozen-Meal-11-oz/890344118?fulfillmentIntent=Pickup,"P.F. Chang's Home Menu Beef & Broccoli, Frozen Meal, 11 oz.",P.F. Chang's,3.98,3.98,11,,2022-09-11 21:20:04,16509052
345250,30044,Frozen,Frozen Meals & Snacks,Shop all,Frozen/Frozen Meals & Snacks,37560726,https://www.walmart.com/ip/BOCA-All-American-Veggie-Burgers-with-Non-GMO-Soy-4-ct-Box/37560726?fulfillmentIntent=Pickup,"BOCA All American Veggie Burgers with Non-GMO Soy, 4 ct Box",Boca,4.6,4.6,4,,2022-09-11 21:20:04,16509054
345251,30044,Frozen,Frozen Meals & Snacks,Shop all,Frozen/Frozen Meals & Snacks,725571388,https://www.walmart.com/ip/Real-Good-Foods-Chicken-Shell-Cacique-Chicken-Taco-2-Count/725571388?fulfillmentIntent=Pickup,"Real Good Foods Chicken Shell Cacique Chicken Taco, 2 Count",Realgood Foods Co.,6.98,6.98,,,2022-09-11 21:20:04,16509055
345252,30044,Frozen,Frozen Meals & Snacks,Shop all,Frozen/Frozen Meals & Snacks,727870023,https://www.walmart.com/ip/Michelina-s-Grande-Feta-Pasta-Bake-13-Oz-Frozen/727870023?fulfillmentIntent=Pickup,Michelina's Grande Feta Pasta Bake 13 Oz. (Frozen),Michelina's,1.66,1.66,13,,2022-09-11 21:20:04,16509056
345253,30044,Frozen,Frozen Meals & Snacks,Shop all,Frozen/Frozen Meals & Snacks,10804815,https://www.walmart.com/ip/Lean-Cuisine-Favorites-Baked-Chicken-Frozen-Meal-8-625-oz/10804815?fulfillmentIntent=Pickup,Lean Cuisine Favorites Baked Chicken Frozen Meal 8.625 oz.,Lean Cuisine,2.48,2.48,8.625,,2022-09-11 21:20:04,16509057
345254,30044,Frozen,Frozen Meals & Snacks,Shop all,Frozen/Frozen Meals & Snacks,885010467,https://www.walmart.com/ip/Michelina-s-Grande-Kung-Pao-Chicken-and-Rice-12-5-Oz-Frozen/885010467?fulfillmentIntent=Pickup,Michelina's Grande Kung Pao Chicken and Rice 12.5 Oz. (Frozen),Michelina's,1.66,1.66,12.5,,2022-09-11 21:20:04,16509058
345255,30044,Frozen,Frozen Meals & Snacks,Shop all,Frozen/Frozen Meals & Snacks,174627431,https://www.walmart.com/ip/Pictsweet-Farms-Breaded-Okra-Frozen-48-oz/174627431?fulfillmentIntent=Pickup,"Pictsweet Farms Breaded Okra, Frozen 48 oz.",PictSweet Farms,7.76,7.76,48,,2022-09-11 21:20:04,16509059
345259,30044,Frozen,Frozen Meals & Snacks,Shop all,Frozen/Frozen Meals & Snacks,780618107,https://www.walmart.com/ip/Lightlife-Plant-Based-Frozen-Burger/780618107?fulfillmentIntent=Pickup,Lightlife Plant Based Frozen Burger,Lightlife,4.48,4.48,,,2022-09-11 21:20:04,16509063
345260,30044,Frozen,Frozen Meals & Snacks,Shop all,Frozen/Frozen Meals & Snacks,228187383,https://www.walmart.com/ip/InnovAsian-Crispy-Vegetable-Purses-5-oz-Frozen/228187383?fulfillmentIntent=Pickup,"InnovAsian Crispy Vegetable Purses, 5 oz (Frozen)",InnovAsian Cuisine,4.56,4.56,5,,2022-09-11 21:20:04,16509064
345318,30044,Frozen,Frozen Meals & Snacks,Shop all,Frozen/Frozen Meals & Snacks,581732701,https://www.walmart.com/ip/Martha-Stewart-Kitchen-Four-Cheese-Macaroni-and-Cheese-Frozen-17-oz/581732701?fulfillmentIntent=Pickup,"Martha Stewart Kitchen Four Cheese Macaroni and Cheese Frozen, 17 oz.",Martha Stewart Kitchen,7.98,7.98,17,,2022-09-11 21:20:04,16509122
345319,30044,Frozen,Frozen Meals & Snacks,Shop all,Frozen/Frozen Meals & Snacks,517202953,https://www.walmart.com/ip/InnovAsian-Spicy-Noodles-14-oz-Frozen/517202953?fulfillmentIntent=Pickup,"InnovAsian Spicy Noodles, 14 oz (Frozen)",InnovAsian Cuisine,4.98,4.98,14,,2022-09-11 21:20:04,16509123
345322,30044,Frozen,Frozen Meals & Snacks,Shop all,Frozen/Frozen Meals & Snacks,599481962,https://www.walmart.com/ip/Tyson-Crispy-Breaded-Chicken-Variety-Pack-Assorted-Pieces-39-oz-Frozen/599481962?fulfillmentIntent=Pickup&athbdg=L1300,"Tyson Crispy Breaded Chicken Variety Pack Assorted Pieces, 39 oz (Frozen)",Tyson,12.98,12.98,39,,2022-09-11 21:20:04,16509126
345325,30044,Frozen,Frozen Meals & Snacks,Shop all,Frozen/Frozen Meals & Snacks,255502739,https://www.walmart.com/ip/STOUFFER-S-Family-Size-Chicken-Fajita-30-oz/255502739?fulfillmentIntent=Pickup,STOUFFER'S Family Size Chicken Fajita 30 oz,Stouffer's,9.84,9.84,30,,2022-09-11 21:20:04,16509129
345326,30044,Frozen,Frozen Meals & Snacks,Shop all,Frozen/Frozen Meals & Snacks,417887756,https://www.walmart.com/ip/Amy-s-Frozen-Bowls-Vegan-Mexican-Casserole-Gluten-Free-9-5-oz/417887756?fulfillmentIntent=Pickup,"Amy's Frozen Bowls, Vegan Mexican Casserole, Gluten Free, 9.5 oz.",Amy's Kitchen,5.97,5.97,9.5,,2022-09-11 21:20:04,16509130
345327,30044,Frozen,Frozen Meals & Snacks,Shop all,Frozen/Frozen Meals & Snacks,184310003,https://www.walmart.com/ip/PERDUE-Honey-BBQ-Glazed-Chicken-Strips-26-oz/184310003?fulfillmentIntent=Pickup,"PERDUE Honey BBQ Glazed Chicken Strips, 26 oz",Perdue,10.28,10.28,26,,2022-09-11 21:20:04,16509131
345330,30044,Frozen,Frozen Meals & Snacks,Shop all,Frozen/Frozen Meals & Snacks,764468962,https://www.walmart.com/ip/Ruth-s-Vegetarian-Gourmet-Sweet-Tangy-Vegetarian-Meatballs-8-oz/764468962?fulfillmentIntent=Pickup,"Ruth's Vegetarian Gourmet Sweet & Tangy Vegetarian Meatballs, 8 oz",Ruth's Vegetarian Gourmet,3.24,3.24,8,,2022-09-11 21:20:04,16509134
345332,30044,Frozen,Frozen Meals & Snacks,Shop all,Frozen/Frozen Meals & Snacks,531310709,https://www.walmart.com/ip/Chef-Bombay-Vegetable-Samosas/531310709?fulfillmentIntent=Pickup,Chef Bombay Vegetable Samosas,CHEF BOMBAY,5.52,5.52,,,2022-09-11 21:20:04,16509136
345337,30044,Frozen,Frozen Meals & Snacks,Shop all,Frozen/Frozen Meals & Snacks,422462733,https://www.walmart.com/ip/Stouffer-s-Bowl-Fulls-Slow-Roasted-Steak-Potatoes-Frozen-Meal-13-5-oz/422462733?fulfillmentIntent=Pickup,Stouffer's Bowl-Fulls Slow-Roasted Steak & Potatoes Frozen Meal 13.5 oz,Stouffer's,4.68,4.68,13.5,,2022-09-11 21:20:04,16509141
345341,30044,Frozen,Frozen Meals & Snacks,Shop all,Frozen/Frozen Meals & Snacks,676717077,https://www.walmart.com/ip/Ruth-s-Vegetarian-Gourmet-Homestyle-Vegetarian-Meatballs-8-oz/676717077?fulfillmentIntent=Pickup,"Ruth's Vegetarian Gourmet Homestyle Vegetarian Meatballs, 8 oz",Ruth's Vegetarian Gourmet,3.24,3.24,8,,2022-09-11 21:20:04,16509145
346087,77449,Frozen,"Frozen Pizza, Pasta, & Breads",Shop all,"Frozen/Frozen Pizza, Pasta, & Breads",36073821,https://www.walmart.com/ip/Jack-s-Sausage-Original-Thin-Crust-Pizza-14-902-oz-Frozen/36073821?fulfillmentIntent=Pickup,"Jack's Sausage, Original Thin Crust Pizza, 14.902 oz (Frozen)",Jack's,3.62,3.62,14.902,,2022-09-11 21:20:04,16509891
346122,77449,Frozen,"Frozen Pizza, Pasta, & Breads",Shop all,"Frozen/Frozen Pizza, Pasta, & Breads",664983706,https://www.walmart.com/ip/Tombstone-Supreme-Original-Thin-Crust-Pizza-20-8-oz-Frozen/664983706?fulfillmentIntent=Pickup,"Tombstone Supreme, Original Thin Crust Pizza, 20.8 oz (Frozen)",TOMBSTONE,4.58,4.58,20.8,,2022-09-11 21:20:04,16509926
346241,77449,Frozen,"Frozen Pizza, Pasta, & Breads",Shop all,"Frozen/Frozen Pizza, Pasta, & Breads",48714473,https://www.walmart.com/ip/Sam-s-Choice-Stuffed-Crust-Pepperoni-Pizza-29-45-oz/48714473?fulfillmentIntent=Pickup,"Sam's Choice Stuffed Crust Pepperoni Pizza, 29.45 oz",Sam's Choice,6.98,6.98,29.45,,2022-09-11 21:20:04,16510045
346263,77449,Frozen,"Frozen Pizza, Pasta, & Breads",Shop all,"Frozen/Frozen Pizza, Pasta, & Breads",10293049,https://www.walmart.com/ip/DiGiorno-Four-Cheese-Thin-Crust-Pizza-23-oz-Frozen/10293049?fulfillmentIntent=Pickup,"DiGiorno Four Cheese, Thin Crust Pizza, 23 oz (Frozen)",DiGiorno,6.92,6.92,23,,2022-09-11 21:20:04,16510067
346383,77449,Frozen,Frozen Meals & Snacks,Shop all,Frozen/Frozen Meals & Snacks,49238683,https://www.walmart.com/ip/Tina-s-Red-Hot-Beef-Burrito-4oz/49238683?fulfillmentIntent=Pickup,"Tina's Red Hot Beef Burrito, 4oz",Tina's,0.58,0.58,4,,2022-09-11 21:20:04,16510187
346397,77449,Frozen,"Frozen Pizza, Pasta, & Breads",Shop all,"Frozen/Frozen Pizza, Pasta, & Breads",14940826,https://www.walmart.com/ip/Michelina-s-Garlic-Tuscan-Inspired-Chicken-8-0-Oz-Frozen/14940826?fulfillmentIntent=Pickup,Michelina's Garlic Tuscan-Inspired Chicken 8.0 Oz. (Frozen),Michelina's,1.24,1.24,8.0,,2022-09-11 21:20:04,16510201
346471,77449,Frozen,Frozen Meals & Snacks,Shop all,Frozen/Frozen Meals & Snacks,423930138,https://www.walmart.com/ip/Bibigo-Steamed-Dumplings-Chicken-and-Vegetable-6-6-oz/423930138?fulfillmentIntent=Pickup,"Bibigo Steamed Dumplings - Chicken and Vegetable, 6.6 oz",Bibigo,3.24,3.24,6.6,,2022-09-11 21:20:04,16510275
346482,77449,Frozen,"Frozen Pizza, Pasta, & Breads",Shop all,"Frozen/Frozen Pizza, Pasta, & Breads",45664811,https://www.walmart.com/ip/Lean-Cuisine-Features-Ricotta-Cheese-Spinach-Ravioli-Frozen-Meal-8-oz/45664811?fulfillmentIntent=Pickup,Lean Cuisine Features Ricotta Cheese & Spinach Ravioli Frozen Meal 8 oz,Lean Cuisine,3.76,3.76,8,,2022-09-11 21:20:04,16510286
346516,77449,Frozen,"Frozen Pizza, Pasta, & Breads",Shop all,"Frozen/Frozen Pizza, Pasta, & Breads",317768463,https://www.walmart.com/ip/Rao-s-Made-for-Home-Penne-Alla-Vodka-Size-Single-Serve-Frozen-Meal-9-oz/317768463?fulfillmentIntent=Pickup,"Rao's Made for Home Penne Alla Vodka Size, Single Serve Frozen Meal, 9 oz",Rao's Homemade,4.76,4.76,9,,2022-09-11 21:20:04,16510320
346550,15601,Frozen,Frozen Breakfast,Shop all,Frozen/Frozen Breakfast,414594993,https://www.walmart.com/ip/Great-Value-Buttermilk-Waffles-9-9-oz-8-Count/414594993?fulfillmentIntent=Pickup,"Great Value Buttermilk Waffles, 9.9 oz, 8 Count",Great Value,1.6,1.6,9.9,,2022-09-11 21:20:04,16510354
346562,77449,Frozen,"Frozen Pizza, Pasta, & Breads",Shop all,"Frozen/Frozen Pizza, Pasta, & Breads",562455119,https://www.walmart.com/ip/Life-Cuisine-Pepperoni-Cauliflower-Pizza-6-oz-Frozen/562455119?fulfillmentIntent=Pickup,"Life Cuisine Pepperoni, Cauliflower Pizza, 6 oz (Frozen)",Life Cuisine,4.18,4.18,6,,2022-09-11 21:20:04,16510366
346572,77449,Frozen,"Frozen Pizza, Pasta, & Breads",Shop all,"Frozen/Frozen Pizza, Pasta, & Breads",583634340,https://www.walmart.com/ip/Great-Value-Gv-Combo-Pizza-Snack-Roll-130ct-65oz/583634340?fulfillmentIntent=Pickup,Great Value Gv Combo Pizza Snack Roll 130ct/65oz,Great Value,9.18,9.18,65,,2022-09-11 21:20:04,16510376
346593,77449,Frozen,"Frozen Pizza, Pasta, & Breads",Shop all,"Frozen/Frozen Pizza, Pasta, & Breads",32237864,https://www.walmart.com/ip/Zatarain-s-Frozen-Meal-Bourbon-Chicken-Pasta-24-oz/32237864?fulfillmentIntent=Pickup,"Zatarain's Frozen Meal - Bourbon Chicken Pasta, 24 oz",Zatarain's,7.68,7.68,24,,2022-09-11 21:20:04,16510397
346601,77449,Frozen,"Frozen Pizza, Pasta, & Breads",Shop all,"Frozen/Frozen Pizza, Pasta, & Breads",116756293,https://www.walmart.com/ip/Goya-Tapa-Empanada-Dough-Shell-11-6-Ounce-16-per-case/116756293?fulfillmentIntent=Pickup,"Goya Tapa Empanada Dough Shell, 11.6 Ounce -- 16 per case.",GOYA,2.9,2.9,11.6,,2022-09-11 21:20:04,16510405
346608,15601,Frozen,Frozen Breakfast,Shop all,Frozen/Frozen Breakfast,227198539,https://www.walmart.com/ip/Funfetti-Mini-Pancake-80ct/227198539?fulfillmentIntent=Pickup,Funfetti Mini Pancake 80ct,Pillsbury Funfetti,5.78,5.78,80,,2022-09-11 21:20:04,16510412
346645,77449,Frozen,"Frozen Pizza, Pasta, & Breads",Shop all,"Frozen/Frozen Pizza, Pasta, & Breads",616673616,https://www.walmart.com/ip/Siete-Grain-Free-Burrito-Tortillas-15-oz-Bag-6-Count/616673616?fulfillmentIntent=Pickup,"Siete, Grain Free Burrito Tortillas, 15 oz. Bag, 6 Count",Siete Family Foods,9.96,9.96,15,,2022-09-11 21:20:04,16510449
346646,77449,Frozen,"Frozen Pizza, Pasta, & Breads",Shop all,"Frozen/Frozen Pizza, Pasta, & Breads",573614545,https://www.walmart.com/ip/Amy-s-Frozen-Spinach-Pizza-Gluten-Free-Made-with-Organic-Tomatoes-Veggie-Crust-Full-Size/573614545?fulfillmentIntent=Pickup,"Amy's Frozen Spinach Pizza, Gluten Free, Made with Organic Tomatoes, Veggie Crust, Full Size",Amy's Kitchen,8.42,8.42,,,2022-09-11 21:20:04,16510450
346647,77449,Frozen,"Frozen Pizza, Pasta, & Breads",Shop all,"Frozen/Frozen Pizza, Pasta, & Breads",122812484,https://www.walmart.com/ip/Cedarlane-Natural-Foods-Simply-Plant-Powered-Vegan-Lasagna-10-oz-Single-Serve-Frozen-Entree/122812484?fulfillmentIntent=Pickup,"Cedarlane Natural Foods, Simply Plant Powered Vegan Lasagna 10 oz. Single Serve Frozen Entree.",Cedar Lane,5.27,5.27,10,,2022-09-11 21:20:04,16510451
346650,77449,Frozen,"Frozen Pizza, Pasta, & Breads",Shop all,"Frozen/Frozen Pizza, Pasta, & Breads",160367586,https://www.walmart.com/ip/Great-Value-6-Gluten-Free-Tortillas-8-count/160367586?fulfillmentIntent=Pickup,"Great Value 6"" Gluten Free Tortillas, 8 count",Great Value,3.97,3.97,,,2022-09-11 21:20:04,16510454
346654,77449,Frozen,"Frozen Pizza, Pasta, & Breads",Shop all,"Frozen/Frozen Pizza, Pasta, & Breads",893212964,https://www.walmart.com/ip/Rao-s-Made-for-Home-Chicken-Parmesan-Family-Size-Frozen-Meal-25-oz/893212964?fulfillmentIntent=Pickup,"Rao's Made for Home Chicken Parmesan, Family Size Frozen Meal, 25 oz",Rao's Homemade,8.98,8.98,25,,2022-09-11 21:20:04,16510458
346662,77449,Frozen,"Frozen Pizza, Pasta, & Breads",Shop all,"Frozen/Frozen Pizza, Pasta, & Breads",10849451,https://www.walmart.com/ip/Richard-s-Cajun-Favorites-Seafood-Fettuccine-11-oz-Frozen/10849451?fulfillmentIntent=Pickup,"Richard's Cajun Favorites Seafood Fettuccine, 11 oz (Frozen)",Richard's Cajun Foods,4.12,4.12,11,,2022-09-11 21:20:04,16510466
346666,77449,Frozen,"Frozen Pizza, Pasta, & Breads",Shop all,"Frozen/Frozen Pizza, Pasta, & Breads",391126783,https://www.walmart.com/ip/Great-Value-Gluten-Free-Hamburger-Buns-4-Count/391126783?fulfillmentIntent=Pickup,"Great Value Gluten-Free Hamburger Buns, 4 Count",Great Value,5.97,5.97,,,2022-09-11 21:20:04,16510470
346670,77449,Frozen,"Frozen Pizza, Pasta, & Breads",Shop all,"Frozen/Frozen Pizza, Pasta, & Breads",667648605,https://www.walmart.com/ip/One-Bite-Frozen-Cheese-Pizza-12-12-20-11oz/667648605?fulfillmentIntent=Pickup,"One Bite Frozen Cheese Pizza 12 - 12"" 20.11oz",One Bite,6.98,6.98,20.11,,2022-09-11 21:20:04,16510474
346677,77449,Frozen,"Frozen Pizza, Pasta, & Breads",Shop all,"Frozen/Frozen Pizza, Pasta, & Breads",327812094,https://www.walmart.com/ip/One-Bite-Frozen-Pepperoni-Pizza-12-12-20-46oz/327812094?fulfillmentIntent=Pickup,"One Bite Frozen Pepperoni Pizza 12 - 12"" 20.46oz",One Bite,6.98,6.98,20.46,,2022-09-11 21:20:04,16510481
346692,15601,Frozen,Frozen Breakfast,Shop all,Frozen/Frozen Breakfast,931230689,https://www.walmart.com/ip/Great-Value-Waffles-Homestyle-9-8-oz-8-Count/931230689?fulfillmentIntent=Pickup,"Great Value Waffles, Homestyle, 9.8 oz, 8 Count",Great Value,1.6,1.6,9.8,,2022-09-11 21:20:04,16510496
346710,15601,Frozen,Frozen Breakfast,Shop all,Frozen/Frozen Breakfast,107881280,https://www.walmart.com/ip/Jimmy-Dean-Sausage-Egg-and-Cheese-English-Muffin-Sandwiches-18-4-oz-4-Count-Frozen/107881280?fulfillmentIntent=Pickup,"Jimmy Dean Sausage, Egg, and Cheese English Muffin Sandwiches, 18.4 oz, 4 Count (Frozen)",Jimmy Dean,6.58,6.58,18.4,,2022-09-11 21:20:04,16510514
346712,15601,Frozen,Frozen Breakfast,Shop all,Frozen/Frozen Breakfast,294017907,https://www.walmart.com/ip/LEMON-MONKEY-BREAD/294017907?fulfillmentIntent=Pickup,LEMON MONKEY BREAD,Bridgford,3.42,3.42,,,2022-09-11 21:20:04,16510516
346722,15601,Frozen,Frozen Breakfast,Shop all,Frozen/Frozen Breakfast,923764385,https://www.walmart.com/ip/Eggo-Frozen-Waffles-Original-11-6-Oz-Box-Frozen/923764385?fulfillmentIntent=Pickup,"Eggo Frozen Waffles, Original, 11.6 Oz, Box, Frozen",Eggo,3.38,3.38,11.6,,2022-09-11 21:20:04,16510526
346731,15601,Frozen,Frozen Breakfast,Shop all,Frozen/Frozen Breakfast,129429433,https://www.walmart.com/ip/Ray-s-New-York-Bagels-Plain-Bagels-6-Count-4-oz/129429433?fulfillmentIntent=Pickup,"Ray's New York Bagels, Plain Bagels, 6 Count, 4 oz.",Ray’s New York Bagels,3.64,3.64,4,,2022-09-11 21:20:04,16510535
346737,15601,Frozen,Frozen Breakfast,Shop all,Frozen/Frozen Breakfast,693769773,https://www.walmart.com/ip/Ray-s-New-York-Bagels-Everything-Bagels-6-Count-4-oz/693769773?fulfillmentIntent=Pickup,"Ray's New York Bagels, Everything Bagels, 6 Count, 4 oz.",Ray’s New York Bagels,3.64,3.64,4,,2022-09-11 21:20:04,16510541
346744,15601,Frozen,Frozen Breakfast,Shop all,Frozen/Frozen Breakfast,182019029,https://www.walmart.com/ip/Udi-s-Gluten-Free-Plain-Bagels-13-9oz-5-CT-Bag-Frozen/182019029?fulfillmentIntent=Pickup,"Udi's Gluten Free Plain Bagels, 13.9oz, 5 CT Bag (Frozen)",Udi's,4.6,4.6,13.9,,2022-09-11 21:20:04,16510548
346745,15601,Frozen,Frozen Breakfast,Shop all,Frozen/Frozen Breakfast,762239161,https://www.walmart.com/ip/Canyon-Bakehouse-Everything-Bagels-Gluten-Free-Bagels-100-Whole-Grain-Frozen-4-Count/762239161?fulfillmentIntent=Pickup,"Canyon Bakehouse Everything Bagels, Gluten Free Bagels, 100% Whole Grain, Frozen, 4 Count",Canyon Bakehouse,6.18,6.18,,,2022-09-11 21:20:04,16510549
346787,77449,Frozen,Frozen Meals & Snacks,Shop all,Frozen/Frozen Meals & Snacks,13281937,https://www.walmart.com/ip/Michelina-s-Stir-Fry-Rice-and-Vegetables-with-Chicken-8-0-Oz-Frozen/13281937?fulfillmentIntent=Pickup,Michelina's Stir Fry Rice and Vegetables with Chicken 8.0 Oz. (Frozen),Michelina's,1.24,1.24,8.0,,2022-09-11 21:20:04,16510591
346794,77449,Frozen,Frozen Meals & Snacks,Shop all,Frozen/Frozen Meals & Snacks,702555625,https://www.walmart.com/ip/Healthy-Choice-Power-Bowls-Adobo-Chicken-9-75-oz/702555625?fulfillmentIntent=Pickup,"Healthy Choice Power Bowls Adobo Chicken, 9.75 oz",Healthy Choice,3.98,3.98,9.75,,2022-09-11 21:20:04,16510598
346796,77449,Frozen,"Frozen Pizza, Pasta, & Breads",Shop all,"Frozen/Frozen Pizza, Pasta, & Breads",519420275,https://www.walmart.com/ip/Rao-s-Made-for-Home-Meatballs-Sauce-Frozen-Meal-24-oz/519420275?fulfillmentIntent=Pickup,"Rao's Made for Home Meatballs & Sauce Frozen Meal, 24 oz",Rao's Homemade,9.69,9.69,24,,2022-09-11 21:20:04,16510600
346803,77449,Frozen,"Frozen Pizza, Pasta, & Breads",Shop all,"Frozen/Frozen Pizza, Pasta, & Breads",180742304,https://www.walmart.com/ip/Peps-Drafthaus-Taproom-Double-Frozen-Pizza-33-6-oz/180742304?fulfillmentIntent=Pickup,"Peps Drafthaus Taproom Double Frozen Pizza, 33.6 oz",Pep's Drafthaus,9.98,9.98,33.6,,2022-09-11 21:20:04,16510607
346806,77449,Frozen,"Frozen Pizza, Pasta, & Breads",Shop all,"Frozen/Frozen Pizza, Pasta, & Breads",791118420,https://www.walmart.com/ip/PEPS-12-DRAFTHAUS-DOUBLE-PEPPERONI-DOPPELBOCK-PIZZA-30-2-oz/791118420?fulfillmentIntent=Pickup,"PEPS - 12"" DRAFTHAUS DOUBLE PEPPERONI DOPPELBOCK PIZZA, 30.2 oz",Pep's Drafthaus,9.98,9.98,30.2,,2022-09-11 21:20:04,16510610
346813,77449,Frozen,"Frozen Pizza, Pasta, & Breads",Shop all,"Frozen/Frozen Pizza, Pasta, & Breads",10850032,https://www.walmart.com/ip/Richard-s-Cajun-Favorites-Shrimp-Creole-Bowl-12-oz-Frozen/10850032?fulfillmentIntent=Pickup,"Richard's Cajun Favorites Shrimp Creole Bowl, 12 oz (Frozen)",Richard's Cajun Foods,4.12,4.12,12,,2022-09-11 21:20:04,16510617
346820,77449,Frozen,"Frozen Pizza, Pasta, & Breads",Shop all,"Frozen/Frozen Pizza, Pasta, & Breads",1168509518,https://www.walmart.com/ip/Ada-s-Pasta-Pumpkin-and-Cheese-Ravioli-20oz/1168509518?fulfillmentIntent=Pickup,Ada's Pasta Pumpkin and Cheese Ravioli 20oz,Ada's Pasta,7.98,7.98,20,,2022-09-11 21:20:04,16510624
346822,77449,Frozen,"Frozen Pizza, Pasta, & Breads",Shop all,"Frozen/Frozen Pizza, Pasta, & Breads",1172551637,https://www.walmart.com/ip/Ada-s-Pasta-Roasted-Butternut-Squash-Ravioli-20oz/1172551637?fulfillmentIntent=Pickup,Ada's Pasta Roasted Butternut Squash Ravioli 20oz,Ada's Pasta,7.98,7.98,20,,2022-09-11 21:20:04,16510626
346824,77449,Frozen,"Frozen Pizza, Pasta, & Breads",Shop all,"Frozen/Frozen Pizza, Pasta, & Breads",166512620,https://www.walmart.com/ip/Great-Value-Italian-Sausage-and-Pasta-28-Oz/166512620?fulfillmentIntent=Pickup,"Great Value Italian Sausage and Pasta, 28 Oz",Great Value,7.97,7.97,28,,2022-09-11 21:20:04,16510628
346825,77449,Frozen,"Frozen Pizza, Pasta, & Breads",Shop all,"Frozen/Frozen Pizza, Pasta, & Breads",1171995346,https://www.walmart.com/ip/Ada-s-Pasta-Pumpkin-Gnocchi-20oz/1171995346?fulfillmentIntent=Pickup,Ada's Pasta Pumpkin Gnocchi 20oz,Ada's Pasta,7.98,7.98,20,,2022-09-11 21:20:04,16510629
346842,77449,Frozen,"Frozen Pizza, Pasta, & Breads",Shop all,"Frozen/Frozen Pizza, Pasta, & Breads",759437877,https://www.walmart.com/ip/Richard-s-Cajun-Favorites-Blackened-Chicken-Alfredo-12-oz-Frozen/759437877?fulfillmentIntent=Pickup,"Richard's Cajun Favorites Blackened Chicken Alfredo, 12 oz (Frozen)",Richard's,3.98,3.98,12,,2022-09-11 21:20:04,16510646
346855,77449,Frozen,Frozen Meals & Snacks,Shop all,Frozen/Frozen Meals & Snacks,986964590,https://www.walmart.com/ip/Hungry-Man-Double-Chicken-Bacon-Ranch-Bowls-With-Mashed-Potatoes-Frozen-15-oz/986964590?fulfillmentIntent=Pickup,"Hungry-Man Double Chicken Bacon Ranch Bowls With Mashed Potatoes, Frozen, 15 oz.",Hungry-Man,3.98,3.98,15,,2022-09-11 21:20:04,16510659
346942,77449,Frozen,Frozen Meals & Snacks,Shop all,Frozen/Frozen Meals & Snacks,801911942,https://www.walmart.com/ip/El-Monterey-Signature-Chicken-Enchiladas-10-25-oz-Frozen/801911942?fulfillmentIntent=Pickup,"El Monterey Signature Chicken Enchiladas, 10.25 oz (Frozen)",El Monterey,3.97,3.97,10.25,,2022-09-11 21:20:04,16510746
347004,77449,Frozen,Frozen Meals & Snacks,Shop all,Frozen/Frozen Meals & Snacks,274697264,https://www.walmart.com/ip/El-Monterey-Signature-Frozen-Entr-e-Cheese-Enchilada-10oz/274697264?fulfillmentIntent=Pickup,El Monterey Signature Frozen Entre Cheese Enchilada 10oz,El Monterey,3.97,3.97,10,,2022-09-11 21:20:04,16510808
347014,77449,Frozen,Frozen Meals & Snacks,Shop all,Frozen/Frozen Meals & Snacks,784065380,https://www.walmart.com/ip/Atkins-Mongolian-Style-Beef-Cauliflower-Rice-Bowl-9-Oz-Frozen/784065380?fulfillmentIntent=Pickup,Atkins Mongolian-Style Beef Cauliflower Rice Bowl 9 Oz. (Frozen),Atkins,4.24,4.24,9,,2022-09-11 21:20:04,16510818
347174,77449,Frozen,Frozen Meals & Snacks,Shop all,Frozen/Frozen Meals & Snacks,518681888,https://www.walmart.com/ip/Bertolli-Chicken-Carbonara-Frozen-Meals-With-Spaghetti-Peas-and-Bacon-in-Alfredo-Sauce-22-oz/518681888?fulfillmentIntent=Pickup,"Bertolli Chicken Carbonara Frozen Meals With Spaghetti, Peas and Bacon in Alfredo Sauce, 22 oz.",Bertolli,7.97,7.97,22,,2022-09-11 21:20:04,16510978
347176,77449,Frozen,Frozen Meals & Snacks,Shop all,Frozen/Frozen Meals & Snacks,572018719,https://www.walmart.com/ip/Great-Value-Cheese-Burger-Sliders-16-Count-Frozen/572018719?fulfillmentIntent=Pickup,"Great Value Cheese Burger Sliders, 16 Count (Frozen)",Great Value,10.94,10.94,,,2022-09-11 21:20:04,16510980
347178,77449,Frozen,Frozen Meals & Snacks,Shop all,Frozen/Frozen Meals & Snacks,46064328,https://www.walmart.com/ip/Healthy-Choice-Simply-Steamers-Grilled-Chicken-Pesto-Vegetables-Frozen-Meal-9-15-oz/46064328?fulfillmentIntent=Pickup,"Healthy Choice Simply Steamers Grilled Chicken Pesto & Vegetables Frozen Meal, 9.15 oz.",Healthy Choice,3.42,3.42,9.15,,2022-09-11 21:20:04,16510982
347181,77449,Frozen,Frozen Meals & Snacks,Shop all,Frozen/Frozen Meals & Snacks,317578257,https://www.walmart.com/ip/Foster-Farms-Takeout-Crispy-Wings-Classic-Buffalo/317578257?fulfillmentIntent=Pickup,Foster Farms Takeout Crispy Wings Classic Buffalo,Foster Farms,9.18,9.18,,,2022-09-11 21:20:04,16510985
347183,77449,Frozen,Frozen Meals & Snacks,Shop all,Frozen/Frozen Meals & Snacks,172056333,https://www.walmart.com/ip/Goya-Goya-Ripe-Plantains-11-oz/172056333?fulfillmentIntent=Pickup,"Goya Goya Ripe Plantains, 11 oz",GOYA,2.88,2.88,11,,2022-09-11 21:20:04,16510987
347186,77449,Frozen,Frozen Meals & Snacks,Shop all,Frozen/Frozen Meals & Snacks,122730097,https://www.walmart.com/ip/CJ-Foods-Bibigo-Korean-Style-Mini-Wontons-Chicken-Vegetable-Dumplings-24-oz/122730097?fulfillmentIntent=Pickup,"CJ Foods Bibigo Korean Style Mini Wontons Chicken & Vegetable Dumplings, 24 oz",Bibigo,6.98,6.98,24,,2022-09-11 21:20:04,16510990
347208,77449,Frozen,Frozen Meals & Snacks,Shop all,Frozen/Frozen Meals & Snacks,10794860,https://www.walmart.com/ip/Smart-Ones-Meatloaf-with-Gravy-Garlic-Herb-Mashed-Potatoes-Frozen-Meal-9-oz-Box/10794860?fulfillmentIntent=Pickup&athbdg=L1300,"Smart Ones Meatloaf with Gravy & Garlic-Herb Mashed Potatoes Frozen Meal, 9 oz Box",SMART ONES,2.18,1.96,9,,2022-09-11 21:20:04,16511012
347311,77449,Frozen,Frozen Meals & Snacks,Shop all,Frozen/Frozen Meals & Snacks,10849587,https://www.walmart.com/ip/Night-Hawk-Steak-N-Mac-Frozen-Dinner-7-05-oz-Box/10849587?fulfillmentIntent=Pickup,Night Hawk Steak 'N Mac Frozen Dinner 7.05 oz. Box,Night Hawk,3.48,3.48,7.05,,2022-09-11 21:20:04,16511115
347314,77449,Frozen,Frozen Meals & Snacks,Shop all,Frozen/Frozen Meals & Snacks,34701152,https://www.walmart.com/ip/Farm-Rich-Breaded-Mushrooms-in-a-Crispy-Breaded-Coating-Frozen-18-oz/34701152?fulfillmentIntent=Pickup,"Farm Rich Breaded Mushrooms in a Crispy Breaded Coating, Frozen, 18 oz",Farm Rich,6.68,6.68,18,,2022-09-11 21:20:04,16511118
347318,77449,Frozen,Frozen Meals & Snacks,Shop all,Frozen/Frozen Meals & Snacks,326150444,https://www.walmart.com/ip/Purple-Carrot-Sweet-Corn-Elote-Bowl-Frozen-Meal-Vegan-10-75-oz/326150444?fulfillmentIntent=Pickup,"Purple Carrot Sweet Corn Elote Bowl, Frozen Meal, Vegan, 10.75 oz.",0I,4.86,4.86,10.75,,2022-09-11 21:20:04,16511122
347321,77449,Frozen,Frozen Meals & Snacks,Shop all,Frozen/Frozen Meals & Snacks,10801231,https://www.walmart.com/ip/Zatarain-s-Frozen-Meal-Gumbo-Sausage-Chicken-12-oz/10801231?fulfillmentIntent=Pickup,"Zatarain's Frozen Meal - Gumbo - Sausage & Chicken, 12 oz",Zatarain's,3.98,3.98,12,,2022-09-11 21:20:04,16511125
347326,77449,Frozen,Frozen Meals & Snacks,Shop all,Frozen/Frozen Meals & Snacks,177214656,https://www.walmart.com/ip/CJ-Foods-Bibigo-Korean-Style-Mini-Wontons-Pork-Vegetable-Dumplings-24-oz/177214656?fulfillmentIntent=Pickup,"CJ Foods Bibigo Korean Style Mini Wontons Pork & Vegetable Dumplings, 24 oz",Bibigo,6.98,6.98,24,,2022-09-11 21:20:04,16511130
347331,77449,Frozen,Frozen Meals & Snacks,Shop all,Frozen/Frozen Meals & Snacks,10801227,https://www.walmart.com/ip/Zatarain-s-Frozen-Meal-Dirty-Rice-Beef-Pork-10-oz/10801227?fulfillmentIntent=Pickup,"Zatarain's Frozen Meal - Dirty Rice - Beef & Pork, 10 oz",Zatarain's,3.98,3.98,10,,2022-09-11 21:20:04,16511135
347337,77449,Frozen,Frozen Meals & Snacks,Shop all,Frozen/Frozen Meals & Snacks,318790205,https://www.walmart.com/ip/Strong-Roots-Mixed-Root-Vegetable-Fries-15oz-Bag-Frozen/318790205?fulfillmentIntent=Pickup,"Strong Roots Mixed Root Vegetable Fries, 15oz Bag (Frozen)",Strong Roots,4.47,4.47,15,,2022-09-11 21:20:04,16511141
347429,77449,Frozen,Frozen Meals & Snacks,Shop all,Frozen/Frozen Meals & Snacks,45127037,https://www.walmart.com/ip/Kahiki-Orange-Chicken-Crispy-Tempura-24-oz-Frozen/45127037?fulfillmentIntent=Pickup,"Kahiki Orange Chicken Crispy Tempura, 24 oz. (Frozen)",Kahiki,7.38,7.38,24,,2022-09-11 21:20:04,16511233
347436,77449,Frozen,Frozen Meals & Snacks,Shop all,Frozen/Frozen Meals & Snacks,14122866,https://www.walmart.com/ip/Big-Easy-Foods-Louisiana-Cajun-Style-Shrimp-Gumbo-12oz/14122866?fulfillmentIntent=Pickup,"Big Easy Foods Louisiana Cajun Style Shrimp Gumbo, 12oz",Big Easy Foods,3.88,3.88,12,,2022-09-11 21:20:04,16511240
347440,77449,Frozen,Frozen Meals & Snacks,Shop all,Frozen/Frozen Meals & Snacks,10849448,https://www.walmart.com/ip/Richard-s-Cajun-Favorites-Crawfish-Etouffee-11-oz-Frozen/10849448?fulfillmentIntent=Pickup,"Richard's Cajun Favorites Crawfish Etouffee, 11 oz (Frozen)",Richard's Cajun Foods,3.58,3.58,11,,2022-09-11 21:20:04,16511244
347444,77449,Frozen,Frozen Meals & Snacks,Shop all,Frozen/Frozen Meals & Snacks,624751604,https://www.walmart.com/ip/Bibigo-Mandu-Bulgogi-Chicken-Dumplings-24-Oz-Frozen/624751604?fulfillmentIntent=Pickup,"Bibigo Mandu Bulgogi Chicken Dumplings, 24 Oz (Frozen)",BIBGO,6.98,6.98,24,,2022-09-11 21:20:04,16511248
347446,77449,Frozen,Frozen Meals & Snacks,Shop all,Frozen/Frozen Meals & Snacks,47064319,https://www.walmart.com/ip/Goya-Goya-Tostones-16-oz/47064319?fulfillmentIntent=Pickup,"Goya Goya  Tostones, 16 oz",GOYA,3.88,3.88,16,,2022-09-11 21:20:04,16511250
347448,77449,Frozen,Frozen Meals & Snacks,Shop all,Frozen/Frozen Meals & Snacks,14122870,https://www.walmart.com/ip/Big-Easy-Foods-Louisiana-Cajun-Style-Shrimp-Etouffee-12oz/14122870?fulfillmentIntent=Pickup,"Big Easy Foods Louisiana Cajun Style Shrimp Etouffee, 12oz",Big Easy Foods,3.88,3.88,12,,2022-09-11 21:20:04,16511252
347452,77449,Frozen,Frozen Meals & Snacks,Shop all,Frozen/Frozen Meals & Snacks,10849449,https://www.walmart.com/ip/Richard-s-Cajun-Favorites-Seafood-Gumbo-12-oz-Frozen/10849449?fulfillmentIntent=Pickup,"Richard's Cajun Favorites Seafood Gumbo, 12 oz (Frozen)",Richard's Cajun Foods,4.12,4.12,12,,2022-09-11 21:20:04,16511256
347519,77449,Frozen,Frozen Meals & Snacks,Shop all,Frozen/Frozen Meals & Snacks,653573296,https://www.walmart.com/ip/Great-Value-Plant-Based-Chick-n-Patties-10-oz-4-Count-Frozen/653573296?fulfillmentIntent=Pickup,"Great Value Plant Based Chick'n Patties, 10 oz, 4 Count (Frozen)",Great Value,3.42,3.42,10,,2022-09-11 21:20:04,16511323
347527,77449,Frozen,Frozen Meals & Snacks,Shop all,Frozen/Frozen Meals & Snacks,824267396,https://www.walmart.com/ip/MorningStar-Farms-Veggie-Bites-Chorizo-Nacho-9-1-Oz-Bag-Frozen/824267396?fulfillmentIntent=Pickup,"MorningStar Farms Veggie Bites, Chorizo Nacho, 9.1 Oz, Bag, Frozen",MorningStar Farms,3.78,3.78,9.1,,2022-09-11 21:20:04,16511331
347531,77449,Frozen,Frozen Meals & Snacks,Shop all,Frozen/Frozen Meals & Snacks,144690115,https://www.walmart.com/ip/Texas-Tamale-Tamales-Gourmet-Beef/144690115?fulfillmentIntent=Pickup,Texas Tamale Tamales - Gourmet Beef,Texas Tamale,8.48,8.48,,,2022-09-11 21:20:04,16511335
347536,77449,Frozen,Frozen Meals & Snacks,Shop all,Frozen/Frozen Meals & Snacks,10849586,https://www.walmart.com/ip/Night-Hawk-Beef-Patty-N-Gravy-Frozen-Dinner-8-75-oz-Box/10849586?fulfillmentIntent=Pickup,Night Hawk Beef Patty 'N Gravy Frozen Dinner 8.75 oz. Box,Night Hawk,3.48,3.48,8.75,,2022-09-11 21:20:04,16511340
347538,77449,Frozen,Frozen Meals & Snacks,Shop all,Frozen/Frozen Meals & Snacks,170027109,https://www.walmart.com/ip/BOCA-Spicy-Vegan-Chik-n-Veggie-Patties-with-Non-GMO-Soy-4-ct-Box/170027109?fulfillmentIntent=Pickup,"BOCA Spicy Vegan Chik'n Veggie Patties with Non-GMO Soy, 4 ct Box",Boca,3.97,3.97,4,,2022-09-11 21:20:04,16511342
347540,77449,Frozen,Frozen Meals & Snacks,Shop all,Frozen/Frozen Meals & Snacks,32245709,https://www.walmart.com/ip/Foster-Farms-No-Antibiotics-Ever-Buffalo-Style-Boneless-Chicken-Wyngz/32245709?fulfillmentIntent=Pickup,Foster Farms No Antibiotics Ever Buffalo Style Boneless Chicken Wyngz,Foster Farms,9.18,9.18,,,2022-09-11 21:20:04,16511344
347542,77449,Frozen,Frozen Meals & Snacks,Shop all,Frozen/Frozen Meals & Snacks,10850007,https://www.walmart.com/ip/Night-Hawk-Steak-N-Corn-Frozen-Dinner-7-05-oz-Box/10850007?fulfillmentIntent=Pickup,Night Hawk Steak 'N Corn Frozen Dinner 7.05 oz. Box,Night Hawk,3.48,3.48,7.05,,2022-09-11 21:20:04,16511346
347546,77449,Frozen,Frozen Meals & Snacks,Shop all,Frozen/Frozen Meals & Snacks,196922049,https://www.walmart.com/ip/Texas-Tamale-Pork-Tamales/196922049?fulfillmentIntent=Pickup,Texas Tamale Pork Tamales,Texas Tamale,8.48,8.48,,,2022-09-11 21:20:04,16511350
347553,77449,Frozen,Frozen Meals & Snacks,Shop all,Frozen/Frozen Meals & Snacks,10850006,https://www.walmart.com/ip/Night-Hawk-Taste-of-Texas-Frozen-Dinner-9-6-oz-Box/10850006?fulfillmentIntent=Pickup,Night Hawk Taste of Texas Frozen Dinner 9.6 oz. Box,Night Hawk,3.48,3.48,9.6,,2022-09-11 21:20:04,16511357
347555,77449,Frozen,Frozen Meals & Snacks,Shop all,Frozen/Frozen Meals & Snacks,143362223,https://www.walmart.com/ip/GOYA-Ripe-Plantains-24-Oz/143362223?fulfillmentIntent=Pickup,GOYA Ripe Plantains 24 Oz,GOYA,5.38,5.38,24,,2022-09-11 21:20:04,16511359
347559,77449,Frozen,Frozen Meals & Snacks,Shop all,Frozen/Frozen Meals & Snacks,146799456,https://www.walmart.com/ip/BIBIGO-Korean-Style-Crunchy-Chicken-with-Soy-Garlic-18-oz/146799456?fulfillmentIntent=Pickup,BIBIGO Korean Style Crunchy Chicken with Soy Garlic 18 oz.,Bibigo,7.44,7.44,18,,2022-09-11 21:20:04,16511363
347568,77449,Frozen,Frozen Meals & Snacks,Shop all,Frozen/Frozen Meals & Snacks,10849450,https://www.walmart.com/ip/Richard-s-Cajun-Favorites-Shrimp-Etoufee-12-oz-Frozen/10849450?fulfillmentIntent=Pickup,"Richard's Cajun Favorites Shrimp Etoufee, 12 oz (Frozen)",Richard's Cajun Foods,4.12,4.12,12,,2022-09-11 21:20:04,16511372
347571,77449,Frozen,Frozen Meals & Snacks,Shop all,Frozen/Frozen Meals & Snacks,42583758,https://www.walmart.com/ip/Bueno-Hand-Made-Pork-Tamales-6-count-18-oz/42583758?fulfillmentIntent=Pickup,"Bueno Hand-Made Pork Tamales, 6 count, 18 oz",Bueno,7.98,7.98,18,,2022-09-11 21:20:04,16511375
347572,77449,Frozen,Frozen Meals & Snacks,Shop all,Frozen/Frozen Meals & Snacks,476236249,https://www.walmart.com/ip/Goya-Chile-Relleno-13-Oz/476236249?fulfillmentIntent=Pickup,Goya Chile Relleno 13 Oz,GOYA,6.78,6.78,13,,2022-09-11 21:20:04,16511376
347573,77449,Frozen,Frozen Meals & Snacks,Shop all,Frozen/Frozen Meals & Snacks,21128241,https://www.walmart.com/ip/Richard-s-Cajun-Favorites-Crawfish-Corn-Macque-Choux-12-oz-Frozen/21128241?fulfillmentIntent=Pickup,"Richard's Cajun Favorites Crawfish & Corn Macque Choux, 12 oz (Frozen)",Richard's Cajun Foods,4.12,4.12,12,,2022-09-11 21:20:04,16511377
347576,77449,Frozen,Frozen Meals & Snacks,Shop all,Frozen/Frozen Meals & Snacks,193088254,https://www.walmart.com/ip/Goya-Goya-Ham-Croquettes-8-ea/193088254?fulfillmentIntent=Pickup,"Goya Goya  Ham Croquettes, 8 ea",GOYA,3.92,3.92,,,2022-09-11 21:20:04,16511380
347577,77449,Frozen,Frozen Meals & Snacks,Shop all,Frozen/Frozen Meals & Snacks,589662496,https://www.walmart.com/ip/Cedarlane-Natural-Foods-Simply-Plant-Powered-Vegan-Enchiladas-with-Red-Sauce-10-oz-Single-Serve-Frozen-Entree/589662496?fulfillmentIntent=Pickup,"Cedarlane Natural Foods, Simply Plant Powered Vegan Enchiladas with Red Sauce 10 oz. Single Serve Frozen Entree .",Cedar Lane,5.27,5.27,10,,2022-09-11 21:20:04,16511381
347578,77449,Frozen,Frozen Meals & Snacks,Shop all,Frozen/Frozen Meals & Snacks,42583755,https://www.walmart.com/ip/Bueno-Chicken-Enchiladas-With-New-Mexican-Green-Chile-Sauce-9-oz/42583755?fulfillmentIntent=Pickup,"Bueno Chicken Enchiladas With New Mexican Green Chile Sauce, 9 oz",Bueno,4.98,4.98,9,,2022-09-11 21:20:04,16511382
347579,77449,Frozen,Frozen Meals & Snacks,Shop all,Frozen/Frozen Meals & Snacks,785211007,https://www.walmart.com/ip/Cedarlane-Natural-Foods-Simply-Plant-Powered-Vegan-Lentil-Shepherd-s-Pie-10-oz-Single-Serve-Frozen-Entree/785211007?fulfillmentIntent=Pickup,"Cedarlane Natural Foods, Simply Plant Powered Vegan Lentil Shepherd's Pie 10 oz. Single Serve Frozen Entree.",Cedar Lane,5.27,5.27,10,,2022-09-11 21:20:04,16511383
347584,77449,Frozen,Frozen Meals & Snacks,Shop all,Frozen/Frozen Meals & Snacks,111118527,https://www.walmart.com/ip/GOYA-Baked-Ripe-Plantains-11-Oz/111118527?fulfillmentIntent=Pickup,GOYA Baked Ripe Plantains 11 Oz,GOYA,3.67,3.67,11,,2022-09-11 21:20:04,16511388
347586,77449,Frozen,Frozen Meals & Snacks,Shop all,Frozen/Frozen Meals & Snacks,254564508,https://www.walmart.com/ip/Simply-Plant-Powered-Vegan-Enchiladas-with-Green-Sauce-10-oz-Single-Serve-Frozen-Entree/254564508?fulfillmentIntent=Pickup,Simply Plant Powered Vegan Enchiladas with Green Sauce 10 oz Single Serve Frozen Entree,Cedar Lane,5.27,5.27,10,,2022-09-11 21:20:04,16511390
347587,77449,Frozen,Frozen Meals & Snacks,Shop all,Frozen/Frozen Meals & Snacks,148258308,https://www.walmart.com/ip/Bueno-Foods-Buenatural-Gc-Vegetable-Tamales-18oz/148258308?fulfillmentIntent=Pickup,Bueno Foods Buenatural Gc Vegetable Tamales 18oz,Buen Natural,7.98,7.98,18,,2022-09-11 21:20:04,16511391
347590,77449,Frozen,Frozen Meals & Snacks,Shop all,Frozen/Frozen Meals & Snacks,129551043,https://www.walmart.com/ip/GOYA-Taquitos-Chicken-20-Ct-1lb-5oz/129551043?fulfillmentIntent=Pickup,GOYA Taquitos Chicken  20 Ct. 1lb 5oz,GOYA,9.74,9.74,5,,2022-09-11 21:20:04,16511394
347592,77449,Frozen,Frozen Meals & Snacks,Shop all,Frozen/Frozen Meals & Snacks,290112908,https://www.walmart.com/ip/Gardein-Holiday-Plant-Based-Roast-Vegan-Frozen-35-2-oz/290112908?fulfillmentIntent=Pickup,"Gardein Holiday Plant-Based Roast, Vegan, Frozen, 35.2 oz.",Gardein,14.44,14.44,35.2,,2022-09-11 21:20:04,16511396
347594,77449,Frozen,Frozen Meals & Snacks,Shop all,Frozen/Frozen Meals & Snacks,46212497,https://www.walmart.com/ip/GOYA-Stuffed-Corn-Patties-Pupusa-6-Ct-1lb-6oz/46212497?fulfillmentIntent=Pickup,GOYA Stuffed Corn Patties Pupusa 6 Ct 1lb 6oz,GOYA,6.68,6.68,6,,2022-09-11 21:20:04,16511398
347595,77449,Frozen,Frozen Meals & Snacks,Shop all,Frozen/Frozen Meals & Snacks,405268877,https://www.walmart.com/ip/Afia-Falafel-Garlic-Herb-9oz/405268877?fulfillmentIntent=Pickup,Afia Falafel Garlic & Herb 9oz,Afia,4.84,4.84,9,,2022-09-11 21:20:04,16511399
347597,77449,Frozen,Frozen Meals & Snacks,Shop all,Frozen/Frozen Meals & Snacks,197712371,https://www.walmart.com/ip/Bueno-Foods-Buenatural-Red-chile-Vegan-Tamales-18-oz/197712371?fulfillmentIntent=Pickup,"Bueno Foods Buenatural Red chile Vegan Tamales, 18 oz",Bueno,7.98,7.98,18,,2022-09-11 21:20:04,16511401
347598,77449,Frozen,Frozen Meals & Snacks,Shop all,Frozen/Frozen Meals & Snacks,131348389,https://www.walmart.com/ip/RollinGreens-Sweet-Mustard-Cauliflower-Wings-12-oz/131348389?fulfillmentIntent=Pickup,"RollinGreens Sweet Mustard Cauliflower Wings, 12 oz",RollinGreens,6.42,6.42,12,,2022-09-11 21:20:04,16511402
347600,77449,Frozen,Frozen Meals & Snacks,Shop all,Frozen/Frozen Meals & Snacks,46161548,https://www.walmart.com/ip/GOYA-Beef-Taquitos-20-Ct-1lb-5oz/46161548?fulfillmentIntent=Pickup,GOYA Beef Taquitos 20 Ct. 1lb 5oz,GOYA,9.74,9.74,5,,2022-09-11 21:20:04,16511404
347601,77449,Frozen,Frozen Meals & Snacks,Shop all,Frozen/Frozen Meals & Snacks,45832224,https://www.walmart.com/ip/Udi-s-Gluten-Free-Breaded-Chicken-Parmesan-18-Oz/45832224?fulfillmentIntent=Pickup,"Udi's Gluten Free Breaded Chicken Parmesan, 18 Oz",Udi's,8.32,8.32,18,,2022-09-11 21:20:04,16511405
347604,77449,Frozen,Frozen Meals & Snacks,Shop all,Frozen/Frozen Meals & Snacks,42353590,https://www.walmart.com/ip/Goya-Baked-Chicken-Empanadas-4-count-10-oz/42353590?fulfillmentIntent=Pickup,"Goya Baked Chicken Empanadas, 4 count, 10 oz",GOYA,8.47,8.47,10,,2022-09-11 21:20:04,16511408
347605,77449,Frozen,Frozen Meals & Snacks,Shop all,Frozen/Frozen Meals & Snacks,43001061,https://www.walmart.com/ip/Goya-Baked-Beef-Empanadas-4-Ct-10-oz/43001061?fulfillmentIntent=Pickup,Goya Baked Beef Empanadas 4 Ct 10 oz,GOYA,8.47,8.47,10,,2022-09-11 21:20:04,16511409
347606,77449,Frozen,Frozen Meals & Snacks,Shop all,Frozen/Frozen Meals & Snacks,538490430,https://www.walmart.com/ip/Bueno-Foods-Chicken-Enchiladas-9-oz/538490430?fulfillmentIntent=Pickup,"Bueno Foods Chicken Enchiladas, 9 oz",Bueno,6.18,6.18,9,,2022-09-11 21:20:04,16511410
347608,77449,Frozen,Frozen Meals & Snacks,Shop all,Frozen/Frozen Meals & Snacks,386754860,https://www.walmart.com/ip/Fat-Rabbit-Lemon-Feta-Frenzy-with-Roasted-Vegetables-Sweet-Potatoes-Feta-Cheese-in-Lemon-Artichoke-Sauce-over-Quinoa-Frozen-Meal-11-oz-Box/386754860?fulfillmentIntent=Pickup,"Fat Rabbit Lemon Feta Frenzy with Roasted Vegetables, Sweet Potatoes & Feta Cheese in Lemon Artichoke Sauce over Quinoa Frozen Meal, 11 oz Box",Fat Rabbit,4.48,4.48,11,,2022-09-11 21:20:04,16511412
351929,15601,Frozen,Frozen Meals & Snacks,Shop all,Frozen/Frozen Meals & Snacks,19802693,https://www.walmart.com/ip/Birds-Eye-Steamfresh-Edamame-in-the-Pod-Frozen-Vegetable-10-oz/19802693?fulfillmentIntent=Pickup,"Birds Eye Steamfresh Edamame in the Pod, Frozen Vegetable, 10 oz",Birdseye,2.88,2.88,10,,2022-09-11 21:20:04,16515733
351931,15601,Frozen,Frozen Meals & Snacks,Shop all,Frozen/Frozen Meals & Snacks,10791023,https://www.walmart.com/ip/Mrs-T-s-Pierogies-4-Cheese-Medley-Box-16-0-OZ/10791023?fulfillmentIntent=Pickup,"Mrs. T's Pierogies, 4 Cheese Medley, Box, 16.0 OZ",Mrs. T's,3.17,3.17,16.0,,2022-09-11 21:20:04,16515735
351999,15601,Frozen,Frozen Meals & Snacks,Shop all,Frozen/Frozen Meals & Snacks,10790921,https://www.walmart.com/ip/Barber-Foods-Stuffed-Chicken-Breasts-Broccoli-Cheese-2-Count-0-63-lb-Frozen/10790921?fulfillmentIntent=Pickup,"Barber Foods Stuffed Chicken Breasts Broccoli Cheese, 2 Count, 0.63 lb (Frozen)",Barber Foods,4.73,4.73,0.63,,2022-09-11 21:20:04,16515803
352025,15601,Frozen,Frozen Meals & Snacks,Shop all,Frozen/Frozen Meals & Snacks,170648525,https://www.walmart.com/ip/Banquet-Chicken-Nuggets-Mac-Cheese-Brownie-Frozen-Meal-7-4-oz/170648525?fulfillmentIntent=Pickup,"Banquet Chicken Nuggets, Mac Cheese, Brownie Frozen Meal, 7.4 oz",Homestyle Bakes,1.48,1.48,7.4,,2022-09-11 21:20:04,16515829
352131,15601,Frozen,Frozen Meals & Snacks,Shop all,Frozen/Frozen Meals & Snacks,135146181,https://www.walmart.com/ip/Mrs-Ts-Pierogies-Minis-Classic-Cheddar-Pouch-56-0-CT/135146181?fulfillmentIntent=Pickup,"Mrs Ts Pierogies, Minis, Classic Cheddar, Pouch, 56.0 CT",Mrs. T's,5.67,5.67,56.0,,2022-09-11 21:20:04,16515935
352149,15601,Frozen,Frozen Meals & Snacks,Shop all,Frozen/Frozen Meals & Snacks,10813407,https://www.walmart.com/ip/Hanover-Frozen-Soft-Baked-Pretzels-39-oz/10813407?fulfillmentIntent=Pickup,"Hanover Frozen Soft Baked Pretzels, 39 oz",Hanover,5.78,5.78,39,,2022-09-11 21:20:04,16515953
352272,15601,Frozen,Frozen Meals & Snacks,Shop all,Frozen/Frozen Meals & Snacks,10791029,https://www.walmart.com/ip/Mrs-T-s-Pierogies-Minis-4-Cheese-Medley-Box-12-84-oz/10791029?fulfillmentIntent=Pickup,"Mrs. T's Pierogies, Minis, 4 Cheese Medley, Box, 12.84 oz.",Mrs. T's,3.17,3.17,12.84,,2022-09-11 21:20:04,16516076
352292,15601,Frozen,Frozen Meals & Snacks,Shop all,Frozen/Frozen Meals & Snacks,371531356,https://www.walmart.com/ip/Hot-Pockets-Frozen-Snacks-Big-Bold-Chicken-Bacon-Ranch-Cheddar-Ranch-Blasted-Crust-Frozen-Sandwiches-27-oz/371531356?fulfillmentIntent=Pickup,Hot Pockets Frozen Snacks Big & Bold Chicken Bacon Ranch Cheddar Ranch Blasted Crust Frozen Sandwiches 27 oz,Hot Pockets,6.98,6.98,27,,2022-09-11 21:20:04,16516096
352319,15601,Frozen,Frozen Meals & Snacks,Shop all,Frozen/Frozen Meals & Snacks,439177443,https://www.walmart.com/ip/Real-Good-Foods-Spinach-Artichoke-Stuffed-Chicken-2-5oz-Servings/439177443?fulfillmentIntent=Pickup,"Real Good Foods Spinach & Artichoke Stuffed Chicken, 2 - 5oz Servings",Realgood Foods Co.,4.98,4.98,5,,2022-09-11 21:20:04,16516123
352396,15601,Frozen,Frozen Meals & Snacks,Shop all,Frozen/Frozen Meals & Snacks,752041290,https://www.walmart.com/ip/Great-Value-Sweet-Sour-Chicken-10-oz/752041290?fulfillmentIntent=Pickup,"Great Value Sweet & Sour Chicken, 10 oz",Great Value,3.12,3.12,10,,2022-09-11 21:20:04,16516200
352417,15601,Frozen,Frozen Meals & Snacks,Shop all,Frozen/Frozen Meals & Snacks,178083711,https://www.walmart.com/ip/Red-s-Chicken-and-Cheddar-Burrito-5-oz-Frozen/178083711?fulfillmentIntent=Pickup,"Red's Chicken and Cheddar Burrito, 5 oz (Frozen)",Red's,2.28,2.28,5,,2022-09-11 21:20:04,16516221
352423,15601,Frozen,Frozen Meals & Snacks,Shop all,Frozen/Frozen Meals & Snacks,10804990,https://www.walmart.com/ip/On-Cor-Frozen-Entree-Gravy-Sliced-White-Meat-Turkey-26-oz-Box/10804990?fulfillmentIntent=Pickup,On-Cor Frozen Entree: Gravy & Sliced White Meat Turkey 26 oz. Box,On-Cor,3.97,3.97,26,,2022-09-11 21:20:04,16516227
352581,15601,Frozen,Frozen Meals & Snacks,Shop all,Frozen/Frozen Meals & Snacks,462596198,https://www.walmart.com/ip/SIMULATE-NUGGS-Dino-Plant-Based-Chicken-Nuggets-10-4oz/462596198?fulfillmentIntent=Pickup,SIMULATE NUGGS - Dino Plant-Based Chicken Nuggets (10.4oz),SIMULATE NUGGS,4.28,4.28,10.4,,2022-09-11 21:20:04,16516385
352582,15601,Frozen,Frozen Meals & Snacks,Shop all,Frozen/Frozen Meals & Snacks,10318303,https://www.walmart.com/ip/Stouffer-s-Stuffed-Pepper-Frozen-Dinner-10-oz/10318303?fulfillmentIntent=Pickup,Stouffers Stuffed Pepper Frozen Dinner 10 oz,Stouffer's,3.48,3.48,10,,2022-09-11 21:20:04,16516386
352594,15601,Frozen,Frozen Meals & Snacks,Shop all,Frozen/Frozen Meals & Snacks,633288377,https://www.walmart.com/ip/SIMULATE-NUGGS-Spicy-Plant-Based-Chicken-Nuggets-10-4-oz/633288377?fulfillmentIntent=Pickup,"SIMULATE NUGGS Spicy Plant-Based Chicken Nuggets, 10.4 oz",Simulate Nuggs,4.28,4.28,10.4,,2022-09-11 21:20:04,16516398
352596,15601,Frozen,Frozen Meals & Snacks,Shop all,Frozen/Frozen Meals & Snacks,132669391,https://www.walmart.com/ip/Red-s-Organic-Bean-Rice-and-Cheddar-Burrito-5-oz-Frozen/132669391?fulfillmentIntent=Pickup,"Red's Organic Bean, Rice and Cheddar Burrito, 5 oz (Frozen)",Red's,2.28,2.28,5,,2022-09-11 21:20:04,16516400
352964,15601,Frozen,Frozen Meals & Snacks,Shop all,Frozen/Frozen Meals & Snacks,52518589,https://www.walmart.com/ip/Golden-Platter-Disney-Winnie-The-Pooh-Honey-Nuggets-18-oz/52518589?fulfillmentIntent=Pickup,"Golden Platter Disney Winnie The Pooh Honey Nuggets, 18 oz",Golden Platter,6.44,6.44,18,,2022-09-11 21:20:04,16516768
352975,15601,Frozen,Frozen Meals & Snacks,Shop all,Frozen/Frozen Meals & Snacks,362777724,https://www.walmart.com/ip/Great-Value-Original-Veggie-Burger-10-oz-4-Count/362777724?fulfillmentIntent=Pickup,"Great Value Original Veggie Burger, 10 oz, 4 Count",Great Value,3.42,3.42,10,,2022-09-11 21:20:04,16516779
352976,15601,Frozen,Frozen Meals & Snacks,Shop all,Frozen/Frozen Meals & Snacks,19500152,https://www.walmart.com/ip/Mrs-T-s-Pierogies-Feta-Spinach-Box-16-0-OZ/19500152?fulfillmentIntent=Pickup,"Mrs. T's Pierogies, Feta & Spinach, Box, 16.0 OZ",Mrs. T's,3.17,3.17,16.0,,2022-09-11 21:20:04,16516780
352978,15601,Frozen,Frozen Meals & Snacks,Shop all,Frozen/Frozen Meals & Snacks,502526528,https://www.walmart.com/ip/SIMULATE-NUGGS-Plant-Based-Chicken-Nuggets-10-4oz-Frozen/502526528?fulfillmentIntent=Pickup,"SIMULATE NUGGS - Plant-Based Chicken Nuggets, 10.4oz (Frozen)",Simulate Nuggs,4.28,4.28,10.4,,2022-09-11 21:20:04,16516782
352981,15601,Frozen,Frozen Meals & Snacks,Shop all,Frozen/Frozen Meals & Snacks,14123542,https://www.walmart.com/ip/Barney-s-Bakery-Pepperoni-Cheese-Roll-5-5-oz/14123542?fulfillmentIntent=Pickup,"Barney's Bakery Pepperoni & Cheese Roll, 5.5 oz",Barney's Bakery,2.1,2.1,5.5,,2022-09-11 21:20:04,16516785
352982,15601,Frozen,Frozen Meals & Snacks,Shop all,Frozen/Frozen Meals & Snacks,205428106,https://www.walmart.com/ip/Gardein-Plant-Based-Vegan-Teriyaki-Chick-n-Bowl-8-5-Oz/205428106?fulfillmentIntent=Pickup,"Gardein Plant-Based, Vegan Teriyaki Chick'n Bowl, 8.5 Oz",Gardein,3.8,3.8,8.5,,2022-09-11 21:20:04,16516786
352987,15601,Frozen,Frozen Meals & Snacks,Shop all,Frozen/Frozen Meals & Snacks,165727910,https://www.walmart.com/ip/Mama-Rosie-s-Spinach-Cheese-Ravioli/165727910?fulfillmentIntent=Pickup,Mama Rosie's Spinach & Cheese Ravioli,Mama Rosie's,3.97,3.97,,,2022-09-11 21:20:04,16516791
352990,15601,Frozen,Frozen Meals & Snacks,Shop all,Frozen/Frozen Meals & Snacks,682357420,https://www.walmart.com/ip/Ellio-s-Cheesy-Breadsticks/682357420?fulfillmentIntent=Pickup,Ellio's Cheesy Breadsticks,Ellio's,3.76,3.76,,,2022-09-11 21:20:04,16516794
352992,15601,Frozen,Frozen Meals & Snacks,Shop all,Frozen/Frozen Meals & Snacks,650798361,https://www.walmart.com/ip/InnovAsian-Sweet-and-Sour-Chicken-Rice-Bowl-Meal-9-oz-Frozen/650798361?fulfillmentIntent=Pickup,"InnovAsian Sweet and Sour Chicken Rice Bowl Meal, 9 oz (Frozen)",InnovAsian Cuisine,2.98,2.98,9,,2022-09-11 21:20:04,16516796
352994,15601,Frozen,Frozen Meals & Snacks,Shop all,Frozen/Frozen Meals & Snacks,637993672,https://www.walmart.com/ip/On-Cor-Chicken-Vegtable-Rice-Bake-28-Oz-Frozen/637993672?fulfillmentIntent=Pickup,"On-Cor Chicken & Vegtable Rice Bake, 28 Oz (Frozen)",On-Cor,4.12,4.12,28,,2022-09-11 21:20:04,16516798
353000,15601,Frozen,Frozen Meals & Snacks,Shop all,Frozen/Frozen Meals & Snacks,39245509,https://www.walmart.com/ip/J-T-M-Chicken-Philly-Cheese-Steak-Kit-36-oz/39245509?fulfillmentIntent=Pickup,"J.T.M. Chicken Philly Cheese Steak Kit, 36 oz",JTM Food Group,14.84,14.84,36,,2022-09-11 21:20:04,16516804
353002,15601,Frozen,Frozen Meals & Snacks,Shop all,Frozen/Frozen Meals & Snacks,613781107,https://www.walmart.com/ip/InnovAsian-Honey-Chicken-Rice-Bowl-Meal-9-oz-Frozen/613781107?fulfillmentIntent=Pickup,"InnovAsian Honey Chicken Rice Bowl Meal, 9 oz (Frozen)",InnovAsian Cuisine,2.98,2.98,9,,2022-09-11 21:20:04,16516806
353006,15601,Frozen,Frozen Meals & Snacks,Shop all,Frozen/Frozen Meals & Snacks,848949906,https://www.walmart.com/ip/Mama-Rosie-s-Sweet-Potato-Gnocchi-18-oz/848949906?fulfillmentIntent=Pickup,Mama Rosie's Sweet Potato Gnocchi 18 oz.,Mama Rosie's,4.32,4.32,18,,2022-09-11 21:20:04,16516810
353083,15601,Frozen,Frozen Meals & Snacks,Shop all,Frozen/Frozen Meals & Snacks,661499051,https://www.walmart.com/ip/Mama-Rosies-Reg-Sqr-Cheese-Ravioli-25oz/661499051?fulfillmentIntent=Pickup,Mama Rosies Reg Sqr Cheese Ravioli 25oz,Mama Rosie's,3.97,3.97,25,,2022-09-11 21:20:04,16516887
353084,15601,Frozen,Frozen Meals & Snacks,Shop all,Frozen/Frozen Meals & Snacks,192629244,https://www.walmart.com/ip/Cole-s-Caramel-Filled-Breadsticks/192629244?fulfillmentIntent=Pickup,Cole's Caramel Filled Breadsticks,Cole's,2.74,2.74,,,2022-09-11 21:20:04,16516888
353085,15601,Frozen,Frozen Meals & Snacks,Shop all,Frozen/Frozen Meals & Snacks,729616656,https://www.walmart.com/ip/Ruth-s-Vegetarian-Gourmet-Pepper-Cheese-Sliders-Mini-Veggie-Burgers-7-4-oz/729616656?fulfillmentIntent=Pickup,"Ruth's Vegetarian Gourmet Pepper & Cheese Sliders, Mini Veggie Burgers, 7.4 oz",Ruth's Vegetarian,4.38,4.38,7.4,,2022-09-11 21:20:04,16516889
353088,15601,Frozen,Frozen Meals & Snacks,Shop all,Frozen/Frozen Meals & Snacks,290458244,https://www.walmart.com/ip/Rizzo-s-Malabar-Inn-Wedding-Soup-30oz/290458244?fulfillmentIntent=Pickup,Rizzo's Malabar Inn Wedding Soup 30oz,Rizzo's,7.48,7.48,30,,2022-09-11 21:20:04,16516892
365006,15601,Frozen,"Frozen Pizza, Pasta, & Breads",Shop all,"Frozen/Frozen Pizza, Pasta, & Breads",10824469,https://www.walmart.com/ip/Ellios-Cheese-Frozen-Pizza-9-Slices-18-3-oz-Box/10824469?fulfillmentIntent=Pickup,"Ellios Cheese Frozen Pizza, 9 Slices, 18.3 oz Box",Ellio's,3.76,3.76,18.3,,2022-09-11 21:20:04,16528810
365138,15601,Frozen,"Frozen Pizza, Pasta, & Breads",Shop all,"Frozen/Frozen Pizza, Pasta, & Breads",43373131,https://www.walmart.com/ip/Mrs-T-s-Pierogies-Loaded-Baked-Potato-Box-16-0-oz/43373131?fulfillmentIntent=Pickup,"Mrs. T's Pierogies, Loaded Baked Potato, Box, 16.0 oz.",Mrs. T's,3.17,3.17,16.0,,2022-09-11 21:20:04,16528942
365177,15601,Frozen,"Frozen Pizza, Pasta, & Breads",Shop all,"Frozen/Frozen Pizza, Pasta, & Breads",365657227,https://www.walmart.com/ip/Great-Value-Chicken-Breast-Fajitas-with-6-Tortillas-24-oz/365657227?fulfillmentIntent=Pickup,"Great Value Chicken Breast Fajitas with 6 Tortillas, 24 oz",Great Value,6.28,6.28,24,,2022-09-11 21:20:04,16528981
365197,79936,Frozen,"Frozen Pizza, Pasta, & Breads",Shop all,"Frozen/Frozen Pizza, Pasta, & Breads",438638698,https://www.walmart.com/ip/WisePies-Pizza-Uncured-Pepperoni-Calzone-2-pack/438638698?fulfillmentIntent=Pickup,WisePies Pizza - Uncured Pepperoni Calzone 2 pack,WisePies,5.76,5.76,,,2022-09-11 21:20:04,16529001
365200,79936,Frozen,"Frozen Pizza, Pasta, & Breads",Shop all,"Frozen/Frozen Pizza, Pasta, & Breads",615280487,https://www.walmart.com/ip/Great-Value-Pork-Fajitas-with-Tortillas-24-oz/615280487?fulfillmentIntent=Pickup,"Great Value Pork Fajitas with Tortillas, 24 oz",Great Value,6.28,6.28,24,,2022-09-11 21:20:04,16529004
365205,79936,Frozen,"Frozen Pizza, Pasta, & Breads",Shop all,"Frozen/Frozen Pizza, Pasta, & Breads",10790976,https://www.walmart.com/ip/Birds-Eye-Voila-Selects-Shrimp-Scampi-Pasta-Skillet-Meal-21-Oz/10790976?fulfillmentIntent=Pickup,"Birds Eye Voila! Selects Shrimp Scampi Pasta, Skillet Meal, 21 Oz",Birdseye,5.98,5.98,21,,2022-09-11 21:20:04,16529009
365296,79936,Frozen,"Frozen Pizza, Pasta, & Breads",Shop all,"Frozen/Frozen Pizza, Pasta, & Breads",630444833,https://www.walmart.com/ip/Rhodes-Warm-N-Serv-12ct-Sourdough-Rolls/630444833?fulfillmentIntent=Pickup&athbdg=L1300,Rhodes Warm-N-Serv 12ct Sourdough Rolls,Rhodes Bake N Serv,4.87,4.38,12,,2022-09-11 21:20:04,16529100
365390,15601,Frozen,"Frozen Pizza, Pasta, & Breads",Shop all,"Frozen/Frozen Pizza, Pasta, & Breads",10824470,https://www.walmart.com/ip/Ellios-Frozen-Pepperoni-Pizza-18-9-oz-Box-3-Ea/10824470?fulfillmentIntent=Pickup,"Ellios Frozen Pepperoni Pizza, 18.9 oz Box, 3 Ea",Ellio's,3.76,3.76,18.9,,2022-09-11 21:20:04,16529194
365401,15601,Frozen,"Frozen Pizza, Pasta, & Breads",Shop all,"Frozen/Frozen Pizza, Pasta, & Breads",10791021,https://www.walmart.com/ip/Mrs-T-s-Pierogies-Classic-Cheddar-Box-16-0-OZ/10791021?fulfillmentIntent=Pickup,"Mrs. T's Pierogies, Classic Cheddar, Box, 16.0 OZ",Mrs. T's,3.17,3.17,16.0,,2022-09-11 21:20:04,16529205
365474,15601,Frozen,"Frozen Pizza, Pasta, & Breads",Shop all,"Frozen/Frozen Pizza, Pasta, & Breads",10805118,https://www.walmart.com/ip/Rhodes-Bake-N-Serv-White-Texas-Rolls-24-ea/10805118?fulfillmentIntent=Pickup,"Rhodes Bake-N-Serv White Texas Rolls, 24 ea",RHODES,4.6,4.6,,,2022-09-11 21:20:04,16529278
365494,15601,Frozen,"Frozen Pizza, Pasta, & Breads",Shop all,"Frozen/Frozen Pizza, Pasta, & Breads",385478233,https://www.walmart.com/ip/Great-Value-Three-Cheese-Garlic-Knots-9-1-oz-6-Count/385478233?fulfillmentIntent=Pickup,"Great Value Three Cheese Garlic Knots, 9.1 oz, 6 Count",Great Value,3.34,3.34,9.1,,2022-09-11 21:20:04,16529298
365770,15601,Frozen,"Frozen Pizza, Pasta, & Breads",Shop all,"Frozen/Frozen Pizza, Pasta, & Breads",43184765,https://www.walmart.com/ip/Rhodes-Bake-N-Serv-Soft-White-WNS-Dinner-Rolls-Rolls-12-CT/43184765?fulfillmentIntent=Pickup&athbdg=L1300,"Rhodes Bake N Serv Soft White WNS Dinner Rolls Rolls, 12 CT",Rhodes Bake N Serv,4.84,4.34,12,,2022-09-11 21:20:04,16529574
365773,15601,Frozen,"Frozen Pizza, Pasta, & Breads",Shop all,"Frozen/Frozen Pizza, Pasta, & Breads",10849034,https://www.walmart.com/ip/Pepe-s-All-Natural-Pizza-Dough/10849034?fulfillmentIntent=Pickup,Pepe's All Natural Pizza Dough,Pepe's Bakery,2.48,2.48,,,2022-09-11 21:20:04,16529577
365775,15601,Frozen,"Frozen Pizza, Pasta, & Breads",Shop all,"Frozen/Frozen Pizza, Pasta, & Breads",41730327,https://www.walmart.com/ip/Rizzo-s-Malabar-Inn-Frozen-Gnocchi-Pasta16-oz/41730327?fulfillmentIntent=Pickup,Rizzo's Malabar Inn Frozen Gnocchi Pasta16 oz,Rizzo's,3.57,3.57,16,,2022-09-11 21:20:04,16529579
365857,15601,Frozen,"Frozen Pizza, Pasta, & Breads",Shop all,"Frozen/Frozen Pizza, Pasta, & Breads",259959931,https://www.walmart.com/ip/Sam-s-Choice-Keto-Friendly-White-Hamburger-Buns-14-oz-8-Count/259959931?fulfillmentIntent=Pickup,"Sam's Choice Keto Friendly White Hamburger Buns, 14 oz, 8 Count",Sam's Choice,3.98,3.98,14,,2022-09-11 21:20:04,16529661
365859,15601,Frozen,"Frozen Pizza, Pasta, & Breads",Shop all,"Frozen/Frozen Pizza, Pasta, & Breads",207669047,https://www.walmart.com/ip/Mission-Protein-Tortilla-Wraps-9-Oz-6-Count/207669047?fulfillmentIntent=Pickup,"Mission Protein Tortilla Wraps, 9 Oz, 6 Count",Mission,5.12,5.12,9,,2022-09-11 21:20:04,16529663
365873,15601,Frozen,"Frozen Pizza, Pasta, & Breads",Shop all,"Frozen/Frozen Pizza, Pasta, & Breads",833360381,https://www.walmart.com/ip/Udi-s-Gluten-Free-Pepperoni-Pizza-With-Crispy-Thin-Crust-Frozen-18-36-oz/833360381?fulfillmentIntent=Pickup,"Udi's Gluten Free Pepperoni Pizza With Crispy Thin Crust, Frozen, 18.36 oz.",Udi's,8.3,8.3,18.36,,2022-09-11 21:20:04,16529677
365881,15601,Frozen,"Frozen Pizza, Pasta, & Breads",Shop all,"Frozen/Frozen Pizza, Pasta, & Breads",172210216,https://www.walmart.com/ip/Outer-Aisle-Cauliflower-Original-Sandwich-Thins-6-75-oz-6-Count-Frozen/172210216?fulfillmentIntent=Pickup,"Outer Aisle Cauliflower Original Sandwich Thins, 6.75 oz, 6 Count (Frozen)",Outer Aisle,5.46,5.46,6.75,,2022-09-11 21:20:04,16529685
365882,15601,Frozen,"Frozen Pizza, Pasta, & Breads",Shop all,"Frozen/Frozen Pizza, Pasta, & Breads",168246002,https://www.walmart.com/ip/Mama-Rosie-s-Regular-Cheese-Ravioli-125-CT/168246002?fulfillmentIntent=Pickup,Mama Rosie's Regular Cheese Ravioli - 125 CT,Mama Rosie's,6.97,6.97,125,,2022-09-11 21:20:04,16529686
365884,15601,Frozen,"Frozen Pizza, Pasta, & Breads",Shop all,"Frozen/Frozen Pizza, Pasta, & Breads",786082418,https://www.walmart.com/ip/Newman-s-Own-Thin-Crispy-Pizza-White-15-1-oz-Frozen/786082418?fulfillmentIntent=Pickup,"Newman's Own Thin Crispy Pizza, White 15.1 oz (Frozen)",Newman's Own,6.24,6.24,15.1,,2022-09-11 21:20:04,16529688
365886,15601,Frozen,"Frozen Pizza, Pasta, & Breads",Shop all,"Frozen/Frozen Pizza, Pasta, & Breads",917549341,https://www.walmart.com/ip/Mama-Rosie-s-Cheese-Tortellini-19oz/917549341?fulfillmentIntent=Pickup,Mama Rosie's Cheese Tortellini 19oz,Mama Rosie's,4.42,4.42,19,,2022-09-11 21:20:04,16529690
365891,15601,Frozen,"Frozen Pizza, Pasta, & Breads",Shop all,"Frozen/Frozen Pizza, Pasta, & Breads",543494996,https://www.walmart.com/ip/Outer-Aisle-Cauliflower-Italian-Pizza-Crust-5-oz-2-Count-Frozen/543494996?fulfillmentIntent=Pickup,"Outer Aisle Cauliflower Italian Pizza Crust, 5 oz, 2 Count (Frozen)",Outer Aisle,5.46,5.46,5,,2022-09-11 21:20:04,16529695
365895,15601,Frozen,"Frozen Pizza, Pasta, & Breads",Shop all,"Frozen/Frozen Pizza, Pasta, & Breads",122456051,https://www.walmart.com/ip/Mama-Rosie-s-Manicotti-8-CT/122456051?fulfillmentIntent=Pickup,Mama Rosie's Manicotti - 8 CT,Mama Rosie's,4.32,4.32,8,,2022-09-11 21:20:04,16529699
365896,15601,Frozen,"Frozen Pizza, Pasta, & Breads",Shop all,"Frozen/Frozen Pizza, Pasta, & Breads",137123151,https://www.walmart.com/ip/GRANDMAS-FROZEN-WIDE-NOODLES/137123151?fulfillmentIntent=Pickup,GRANDMAS FROZEN WIDE NOODLES,Grandma's Frozen,2.97,2.97,,,2022-09-11 21:20:04,16529700
365902,15601,Frozen,"Frozen Pizza, Pasta, & Breads",Shop all,"Frozen/Frozen Pizza, Pasta, & Breads",683256156,https://www.walmart.com/ip/Newman-s-Own-Thin-Crispy-Pizza-Supreme-17-oz-Frozen/683256156?fulfillmentIntent=Pickup,"Newman's Own Thin Crispy Pizza, Supreme 17 oz. (Frozen)",Newman's Own,6.24,6.24,17,,2022-09-11 21:20:04,16529706
365903,15601,Frozen,"Frozen Pizza, Pasta, & Breads",Shop all,"Frozen/Frozen Pizza, Pasta, & Breads",693092967,https://www.walmart.com/ip/Udi-s-Gluten-Free-Four-Cheese-Pizza-With-Crispy-Thin-Crust-Frozen-17-53-oz/693092967?fulfillmentIntent=Pickup,"Udi's Gluten Free Four Cheese Pizza With Crispy Thin Crust, Frozen, 17.53 oz.",Udi's,10.18,10.18,17.53,,2022-09-11 21:20:04,16529707
365908,15601,Frozen,"Frozen Pizza, Pasta, & Breads",Shop all,"Frozen/Frozen Pizza, Pasta, & Breads",48966268,https://www.walmart.com/ip/Rizzo-s-Malabar-Inn-Cheese-Tortellini-16-oz/48966268?fulfillmentIntent=Pickup,"Rizzo's Malabar Inn Cheese Tortellini, 16 oz",Rizzo's,3.57,3.57,16,,2022-09-11 21:20:04,16529712
365909,15601,Frozen,"Frozen Pizza, Pasta, & Breads",Shop all,"Frozen/Frozen Pizza, Pasta, & Breads",520994239,https://www.walmart.com/ip/On-Cor-Chicken-Alfredo-with-Pasta-28-Oz-Frozen/520994239?fulfillmentIntent=Pickup,"On-Cor Chicken & Alfredo with Pasta, 28 Oz (Frozen)",On-Cor,4.12,4.12,28,,2022-09-11 21:20:04,16529713
365915,15601,Frozen,"Frozen Pizza, Pasta, & Breads",Shop all,"Frozen/Frozen Pizza, Pasta, & Breads",48966269,https://www.walmart.com/ip/Rizzo-s-Malabar-Inn-Tri-Color-Cheese-Tortellini-16-oz/48966269?fulfillmentIntent=Pickup,"Rizzo's Malabar Inn Tri-Color Cheese Tortellini, 16 oz",Rizzo's,3.87,3.87,16,,2022-09-11 21:20:04,16529719
365923,15601,Frozen,"Frozen Pizza, Pasta, & Breads",Shop all,"Frozen/Frozen Pizza, Pasta, & Breads",434838740,https://www.walmart.com/ip/Rizzo-s-Malabar-Inn-Cheese-Stuffed-Rigatoni-12oz/434838740?fulfillmentIntent=Pickup,Rizzo's Malabar Inn Cheese Stuffed Rigatoni 12oz,Rizzo's,2.79,2.79,12,,2022-09-11 21:20:04,16529727
365924,15601,Frozen,"Frozen Pizza, Pasta, & Breads",Shop all,"Frozen/Frozen Pizza, Pasta, & Breads",41730328,https://www.walmart.com/ip/Rizzo-s-Malabar-Inn-Frozen-Cavatelli-Pasta-16-oz/41730328?fulfillmentIntent=Pickup,"Rizzo's Malabar Inn Frozen Cavatelli Pasta, 16 oz",Rizzo's,3.87,3.87,16,,2022-09-11 21:20:04,16529728
365958,15601,Frozen,"Frozen Pizza, Pasta, & Breads",Shop all,"Frozen/Frozen Pizza, Pasta, & Breads",48966271,https://www.walmart.com/ip/Rizzo-s-Malabar-Inn-Mezza-Luna-Cheese-Ravioli-13-oz/48966271?fulfillmentIntent=Pickup,"Rizzo's Malabar Inn Mezza Luna Cheese Ravioli, 13 oz",Rizzo's,5.18,5.18,13,,2022-09-11 21:20:04,16529762
365959,15601,Frozen,"Frozen Pizza, Pasta, & Breads",Shop all,"Frozen/Frozen Pizza, Pasta, & Breads",759832663,https://www.walmart.com/ip/Rizzo-s-Malabar-Inn-Stuffed-Shells/759832663?fulfillmentIntent=Pickup,Rizzo's Malabar Inn Stuffed Shells,Rizzo's,4.72,4.72,,,2022-09-11 21:20:04,16529763
365960,15601,Frozen,"Frozen Pizza, Pasta, & Breads",Shop all,"Frozen/Frozen Pizza, Pasta, & Breads",482833242,https://www.walmart.com/ip/Rizzo-s-Malabar-Inn-Manicotti/482833242?fulfillmentIntent=Pickup,Rizzo's Malabar Inn Manicotti,Rizzo's,5.48,5.48,,,2022-09-11 21:20:04,16529764
366540,23111,Frozen,Frozen Breakfast,Shop all,Frozen/Frozen Breakfast,256105495,https://www.walmart.com/ip/Eggo-Frozen-Waffles-Double-Chocolatey-11-6-Oz-Box-Frozen/256105495?fulfillmentIntent=Pickup,"Eggo Frozen Waffles, Double Chocolatey, 11.6 Oz, Box, Frozen",Eggo,3.38,3.38,11.6,,2022-09-11 21:20:04,16530344
366555,23111,Frozen,Frozen Breakfast,Shop all,Frozen/Frozen Breakfast,10794796,https://www.walmart.com/ip/Ore-Ida-Shredded-Hash-Brown-Frozen-Potatoes-30-oz-Bag/10794796?fulfillmentIntent=Pickup,"Ore-Ida Shredded Hash Brown Frozen Potatoes, 30 oz Bag",Ore-Ida,3.68,3.68,30,,2022-09-11 21:20:04,16530359
366597,23111,Frozen,Frozen Breakfast,Shop all,Frozen/Frozen Breakfast,964203965,https://www.walmart.com/ip/Tnas-Cantina-12ct-Egg-Steak-Pt-Chse/964203965?fulfillmentIntent=Pickup,Tnas Cantina 12ct Egg Steak Pt Chse,Tina's,13.23,13.23,12,,2022-09-11 21:20:04,16530401
366602,23111,Frozen,Frozen Breakfast,Shop all,Frozen/Frozen Breakfast,10451404,https://www.walmart.com/ip/Festive-Turkey-Breakfast-Sausage-Roll-Frozen-1-0-lbs/10451404?fulfillmentIntent=Pickup,"Festive Turkey Breakfast Sausage Roll, Frozen 1.0 lbs",Festive,2.54,2.54,1.0,,2022-09-11 21:20:04,16530406
366857,79936,Frozen,Frozen Breakfast,Shop all,Frozen/Frozen Breakfast,368856082,https://www.walmart.com/ip/Jimmy-Dean-French-Toast-Casserole-Bites-9-oz-Frozen/368856082?fulfillmentIntent=Pickup,"Jimmy Dean French Toast Casserole Bites, 9 oz (Frozen)",Jimmy Dean,6.58,6.58,9,,2022-09-11 21:20:04,16530661
366867,79936,Frozen,Frozen Breakfast,Shop all,Frozen/Frozen Breakfast,731768391,https://www.walmart.com/ip/Jimmy-Dean-Meat-Lovers-Breakfast-Skillet-16-oz-Frozen/731768391?fulfillmentIntent=Pickup,"Jimmy Dean Meat Lovers Breakfast Skillet, 16 oz (Frozen)",Jimmy Dean,6.58,6.58,16,,2022-09-11 21:20:04,16530671
366933,79936,Frozen,Frozen Breakfast,Shop all,Frozen/Frozen Breakfast,388891933,https://www.walmart.com/ip/Jimmy-Dean-Sausage-Breakfast-Skillet-16-oz-Frozen/388891933?fulfillmentIntent=Pickup,"Jimmy Dean Sausage Breakfast Skillet, 16 oz (Frozen)",Jimmy Dean,6.58,6.58,16,,2022-09-11 21:20:04,16530737
366996,79936,Frozen,Frozen Breakfast,Shop all,Frozen/Frozen Breakfast,429311577,https://www.walmart.com/ip/Kashi-GO-Frozen-Protein-Waffles-Wild-Blueberry-10-7-Oz-Box-Frozen/429311577?fulfillmentIntent=Pickup,"Kashi GO Frozen Protein Waffles, Wild Blueberry, 10.7 Oz, Box, Frozen",Kashi,4.38,4.38,10.7,,2022-09-11 21:20:04,16530800
367004,79936,Frozen,Frozen Breakfast,Shop all,Frozen/Frozen Breakfast,702128770,https://www.walmart.com/ip/Kashi-GO-Frozen-Protein-Waffles-Cinnamon-Brown-Sugar-10-7-Oz-Box-Frozen/702128770?fulfillmentIntent=Pickup,"Kashi GO Frozen Protein Waffles, Cinnamon Brown Sugar, 10.7 Oz, Box, Frozen",Kashi,4.38,4.38,10.7,,2022-09-11 21:20:04,16530808
367008,79936,Frozen,Frozen Breakfast,Shop all,Frozen/Frozen Breakfast,354587525,https://www.walmart.com/ip/Kashi-GO-Frozen-Protein-Waffles-Vanilla-Buttermilk-10-7-Oz-Box-Frozen/354587525?fulfillmentIntent=Pickup,"Kashi GO Frozen Protein Waffles, Vanilla Buttermilk, 10.7 Oz, Box, Frozen",Kashi,4.38,4.38,10.7,,2022-09-11 21:20:04,16530812
368584,79936,Frozen,Frozen Meals & Snacks,Shop all,Frozen/Frozen Meals & Snacks,47386170,https://www.walmart.com/ip/Banquet-Classic-Turkey-Frozen-Single-Serve-Meal-10-Ounce/47386170?fulfillmentIntent=Pickup,"Banquet Classic Turkey Frozen Single Serve Meal, 10 Ounce",Homestyle Bakes,1.48,1.48,10,,2022-09-11 21:20:04,16532388
369347,79936,Frozen,Frozen Meals & Snacks,Shop all,Frozen/Frozen Meals & Snacks,10849933,https://www.walmart.com/ip/Seapoint-Farms-Lightly-Salted-Edamame-Soybeans-in-Pods-14-Oz/10849933?fulfillmentIntent=Pickup,"Seapoint Farms Lightly Salted Edamame Soybeans in Pods, 14 Oz",Seapoint Farms,2.54,2.54,14,,2022-09-11 21:20:04,16533151
369373,79936,Frozen,Frozen Meals & Snacks,Shop all,Frozen/Frozen Meals & Snacks,967004449,https://www.walmart.com/ip/Earth-s-Best-Organic-Organic-Chicken-Fries-10oz-35-CT-Resealable-Bag-Frozen/967004449?fulfillmentIntent=Pickup,"Earth's Best Organic Organic Chicken Fries, 10oz, 35 CT Resealable Bag (Frozen)",Earth's Best,10.1,10.1,10,,2022-09-11 21:20:04,16533177
369388,79936,Frozen,Frozen Meals & Snacks,Shop all,Frozen/Frozen Meals & Snacks,651967477,https://www.walmart.com/ip/Double-B-Cheddar-Cheese-Kolaches-Sausage-Rolls-3-6-oz-4-CT/651967477?fulfillmentIntent=Pickup,"Double B Cheddar Cheese Kolaches Sausage Rolls, 3.6 oz./4 CT",Double B Foods,6.72,6.72,3.6,,2022-09-11 21:20:04,16533192
369393,79936,Frozen,Frozen Meals & Snacks,Shop all,Frozen/Frozen Meals & Snacks,201812065,https://www.walmart.com/ip/Jimmy-Dean-Sausage-Egg-and-Cheese-Casserole-Bites-9-oz/201812065?fulfillmentIntent=Pickup,"Jimmy Dean Sausage Egg and Cheese Casserole Bites, 9 oz",Jimmy Dean,6.58,6.58,9,,2022-09-11 21:20:04,16533197
369404,79936,Frozen,Frozen Meals & Snacks,Shop all,Frozen/Frozen Meals & Snacks,169673816,https://www.walmart.com/ip/BUENO-PORK-TAMALES-12-CT/169673816?fulfillmentIntent=Pickup,BUENO PORK TAMALES 12 CT,Bueno,12.98,12.98,12,,2022-09-11 21:20:04,16533208
369408,79936,Frozen,Frozen Meals & Snacks,Shop all,Frozen/Frozen Meals & Snacks,47064318,https://www.walmart.com/ip/Goya-Beef-Empanadas-4-count-10-oz/47064318?fulfillmentIntent=Pickup,"Goya Beef Empanadas, 4 count, 10 oz",GOYA,4.98,4.98,10,,2022-09-11 21:20:04,16533212
369414,79936,Frozen,Frozen Meals & Snacks,Shop all,Frozen/Frozen Meals & Snacks,162265893,https://www.walmart.com/ip/GOYA-Sweet-Corn-Tamales-6-Ct-30-Oz/162265893?fulfillmentIntent=Pickup,GOYA Sweet Corn Tamales 6 Ct (30 Oz),GOYA,6.34,6.34,30,,2022-09-11 21:20:04,16533218
369417,79936,Frozen,Frozen Meals & Snacks,Shop all,Frozen/Frozen Meals & Snacks,170987322,https://www.walmart.com/ip/RollinGreens-Teriyaki-Cauliflower-Wings-12-oz/170987322?fulfillmentIntent=Pickup,"RollinGreens Teriyaki Cauliflower Wings, 12 oz",RollinGreens,7.46,7.46,12,,2022-09-11 21:20:04,16533221
369419,79936,Frozen,Frozen Meals & Snacks,Shop all,Frozen/Frozen Meals & Snacks,292324526,https://www.walmart.com/ip/Goya-Tamal-Cheese-Green-Chiles/292324526?fulfillmentIntent=Pickup,Goya Tamal Cheese & Green Chiles,GOYA,5.64,5.64,,,2022-09-11 21:20:04,16533223
370745,23111,Frozen,Frozen Meals & Snacks,Shop all,Frozen/Frozen Meals & Snacks,14940696,https://www.walmart.com/ip/Hot-Pockets-Frozen-Snacks-Italian-Style-Meatballs-Mozzarella-Garlic-Buttery-Crust-Frozen-Sandwiches-9-oz/14940696?fulfillmentIntent=Pickup,Hot Pockets Frozen Snacks Italian Style Meatballs & Mozzarella Garlic Buttery Crust Frozen Sandwiches 9 oz.,Hot Pockets,2.98,2.98,9,,2022-09-11 21:20:04,16534549
371541,23111,Frozen,Frozen Meals & Snacks,Shop all,Frozen/Frozen Meals & Snacks,259541628,https://www.walmart.com/ip/Healthy-Choice-Max-Bowl-Tex-Mex-Chicken-Frozen-Meal-14-oz/259541628?fulfillmentIntent=Pickup,"Healthy Choice Max Bowl Tex Mex Chicken Frozen Meal, 14 oz.",Healthy Choice,3.98,3.98,14,,2022-09-11 21:20:04,16535345
371559,23111,Frozen,Frozen Meals & Snacks,Shop all,Frozen/Frozen Meals & Snacks,353374250,https://www.walmart.com/ip/Healthy-Choice-Max-Bowl-Lemon-Herb-Chicken-Frozen-Meal-13-75-oz/353374250?fulfillmentIntent=Pickup,"Healthy Choice Max Bowl Lemon Herb Chicken Frozen Meal, 13.75 oz.",Healthy Choice,3.98,3.98,13.75,,2022-09-11 21:20:04,16535363
371573,23111,Frozen,Frozen Meals & Snacks,Shop all,Frozen/Frozen Meals & Snacks,748329453,https://www.walmart.com/ip/Banquet-Mega-Meats-Garlic-Parmesan-Boneless-Chicken-Strips-Frozen-Meal-13-3-oz/748329453?fulfillmentIntent=Pickup,"Banquet Mega Meats Garlic Parmesan Boneless Chicken Strips Frozen Meal, 13.3 oz.",Banquet,4.18,4.18,13.3,,2022-09-11 21:20:04,16535377
371659,23111,Frozen,Frozen Meals & Snacks,Shop all,Frozen/Frozen Meals & Snacks,21804983,https://www.walmart.com/ip/TGI-Fridays-Frozen-Appetizers-Buffalo-Style-Boneless-Chicken-Bites-Value-Size-27-oz-Box/21804983?fulfillmentIntent=Pickup,"TGI Fridays Frozen Appetizers Buffalo Style Boneless Chicken Bites Value Size, 27 oz. Box",TGI Fridays,10.84,10.84,27,,2022-09-11 21:20:04,16535463
371665,23111,Frozen,Frozen Meals & Snacks,Shop all,Frozen/Frozen Meals & Snacks,42349285,https://www.walmart.com/ip/Smart-Ones-Creamy-Basil-Chicken-with-Broccoli-Red-Peppers-Creamy-Basil-Parmesean-Sauce-Frozen-Meal-9-oz-Box/42349285?fulfillmentIntent=Pickup&athbdg=L1300,"Smart Ones Creamy Basil Chicken with Broccoli, Red Peppers & Creamy Basil Parmesean Sauce Frozen Meal, 9 oz Box",SMART ONES,2.18,1.96,9,,2022-09-11 21:20:04,16535469
371669,23111,Frozen,Frozen Meals & Snacks,Shop all,Frozen/Frozen Meals & Snacks,964956048,https://www.walmart.com/ip/New-York-Bakery-3-Cheese-Cheese-Sticks-12-9-oz-5-Count/964956048?fulfillmentIntent=Pickup,"New York Bakery, 3-Cheese, Cheese Sticks, 12.9 oz, 5 Count",NEW YORK,3.17,3.17,12.9,,2022-09-11 21:20:04,16535473
371675,23111,Frozen,Frozen Meals & Snacks,Shop all,Frozen/Frozen Meals & Snacks,725256931,https://www.walmart.com/ip/Red-s-Chicken-Chorizo-Egg-Three-Cheese-Burrito-5-oz/725256931?fulfillmentIntent=Pickup,"Red's Chicken Chorizo, Egg & Three Cheese Burrito, 5 oz",Red's,1.96,1.96,5,,2022-09-11 21:20:04,16535479
371677,23111,Frozen,Frozen Meals & Snacks,Shop all,Frozen/Frozen Meals & Snacks,792594815,https://www.walmart.com/ip/The-No-Meat-Co-No-Bull-Plant-Based-Bolognese-Pasta-Vegan-Frozen-Meal-12-3oz/792594815?fulfillmentIntent=Pickup&athbdg=L1300,"The No Meat Co. No Bull Plant-Based Bolognese Pasta, Vegan, Frozen Meal, 12.3oz",The No Meat Co.,3.98,2.98,12.3,,2022-09-11 21:20:04,16535481
371680,23111,Frozen,Frozen Meals & Snacks,Shop all,Frozen/Frozen Meals & Snacks,112508801,https://www.walmart.com/ip/Red-s-Turkey-Sausage-Egg-and-Three-Cheese-Breakfast-Burrito-5-oz-Frozen/112508801?fulfillmentIntent=Pickup,"Red's Turkey Sausage, Egg and Three Cheese Breakfast Burrito, 5 oz (Frozen)",Red's,1.96,1.96,5,,2022-09-11 21:20:04,16535484
371685,23111,Frozen,Frozen Meals & Snacks,Shop all,Frozen/Frozen Meals & Snacks,102295117,https://www.walmart.com/ip/Red-s-Uncured-Canadian-Bacon-Egg-Three-Cheese-Burrito-5-oz/102295117?fulfillmentIntent=Pickup,"Red's Uncured Canadian Bacon, Egg & Three Cheese Burrito, 5 oz",Red's,1.96,1.96,5,,2022-09-11 21:20:04,16535489
371687,23111,Frozen,Frozen Meals & Snacks,Shop all,Frozen/Frozen Meals & Snacks,513768219,https://www.walmart.com/ip/John-Soules-Foods-AmaZings-Garlic-Parmesan-22oz-Bone-In-Fully-Cooked/513768219?fulfillmentIntent=Pickup,"John Soules Foods AmaZings Garlic Parmesan, 22oz, Bone-In, Fully Cooked",John Soules Foods,8.82,8.82,22,,2022-09-11 21:20:04,16535491
371697,23111,Frozen,Frozen Meals & Snacks,Shop all,Frozen/Frozen Meals & Snacks,697253385,https://www.walmart.com/ip/Healthy-Choice-Power-Bowls-Chipotle-Chick-n-9-25oz-Tray-Frozen/697253385?fulfillmentIntent=Pickup,"Healthy Choice Power Bowls Chipotle Chick'n, 9.25oz Tray (Frozen)",Healthy Choice,3.98,3.98,9.25,,2022-09-11 21:20:04,16535501
371787,23111,Frozen,Frozen Meals & Snacks,Shop all,Frozen/Frozen Meals & Snacks,10789416,https://www.walmart.com/ip/Amy-s-Indian-Palak-Paneer-Non-GMO-10-Ounce/10789416?fulfillmentIntent=Pickup,"Amy's Indian Palak Paneer, Non GMO, 10-Ounce",Amy's Kitchen,5.14,5.14,10,,2022-09-11 21:20:04,16535591
371794,23111,Frozen,Frozen Meals & Snacks,Shop all,Frozen/Frozen Meals & Snacks,944266225,https://www.walmart.com/ip/BOSTON-MARKET-MEAT-LOVERS-MEATBALL/944266225?fulfillmentIntent=Pickup,BOSTON MARKET MEAT LOVERS MEATBALL,Boston Market,2.88,2.88,,,2022-09-11 21:20:04,16535598
371803,23111,Frozen,Frozen Meals & Snacks,Shop all,Frozen/Frozen Meals & Snacks,150203418,https://www.walmart.com/ip/Great-Value-Chipotle-Black-Bean-Veggie-Burger-10-oz-4-Count/150203418?fulfillmentIntent=Pickup,"Great Value Chipotle Black Bean Veggie Burger, 10 oz, 4 Count",Great Value,3.97,3.97,10,,2022-09-11 21:20:04,16535607
371806,23111,Frozen,Frozen Meals & Snacks,Shop all,Frozen/Frozen Meals & Snacks,576680230,https://www.walmart.com/ip/Boston-Market-Chicken-Bacon-Ranch-13-Oz-Frozen/576680230?fulfillmentIntent=Pickup,Boston Market Chicken Bacon Ranch 13 Oz. (Frozen),Boston Market,2.88,2.88,13,,2022-09-11 21:20:04,16535610
371807,23111,Frozen,Frozen Meals & Snacks,Shop all,Frozen/Frozen Meals & Snacks,45127033,https://www.walmart.com/ip/Kahiki-General-Tso-s-Chicken-StirFresh-22-oz-Frozen/45127033?fulfillmentIntent=Pickup,"Kahiki General Tso's Chicken StirFresh, 22 oz. (Frozen)",StirFresh,7.38,7.38,22,,2022-09-11 21:20:04,16535611
371819,23111,Frozen,Frozen Meals & Snacks,Shop all,Frozen/Frozen Meals & Snacks,160285855,https://www.walmart.com/ip/SUKHIS-Chicken-Tikka-Masala-Entree-11-oz/160285855?fulfillmentIntent=Pickup,"SUKHIS: Chicken Tikka Masala Entree, 11 oz",Sukhi's,5.99,5.99,11,,2022-09-11 21:20:04,16535623
371821,23111,Frozen,Frozen Meals & Snacks,Shop all,Frozen/Frozen Meals & Snacks,246303474,https://www.walmart.com/ip/Sukhi-s-Chicken-Tikka-Masala-Samosas/246303474?fulfillmentIntent=Pickup,Sukhi's Chicken Tikka Masala Samosas,Sukhi's,7.49,7.49,,,2022-09-11 21:20:04,16535625
378508,23223,Frozen,"Frozen Pizza, Pasta, & Breads",Shop all,"Frozen/Frozen Pizza, Pasta, & Breads",10804908,https://www.walmart.com/ip/Celeste-Microwaveable-Thin-Crust-Pepperoni-Frozen-Pizza-5-oz/10804908?fulfillmentIntent=Pickup,"Celeste Microwaveable Thin Crust Pepperoni Frozen Pizza, 5 oz",Celeste,1.22,1.22,5,,2022-09-11 21:20:04,16542312
378559,23223,Frozen,"Frozen Pizza, Pasta, & Breads",Shop all,"Frozen/Frozen Pizza, Pasta, & Breads",10804910,https://www.walmart.com/ip/Celeste-Original-4-Cheese-Microweavable-Frozen-Pizza-5-22-oz/10804910?fulfillmentIntent=Pickup,"Celeste Original 4 Cheese Microweavable Frozen Pizza, 5.22 oz",Celeste,1.22,1.22,5.22,,2022-09-11 21:20:04,16542363
378843,23223,Frozen,"Frozen Pizza, Pasta, & Breads",Shop all,"Frozen/Frozen Pizza, Pasta, & Breads",21805024,https://www.walmart.com/ip/Toufayan-Bakeries-Toufayan-Pita-6-ea/21805024?fulfillmentIntent=Pickup,"Toufayan Bakeries Toufayan  Pita, 6 ea",Toufayan,1.78,1.78,,,2022-09-11 21:20:04,16542647
379111,23223,Frozen,"Frozen Pizza, Pasta, & Breads",Shop all,"Frozen/Frozen Pizza, Pasta, & Breads",654304342,https://www.walmart.com/ip/Against-The-Grain-Gluten-Free-Pizza-Pesto-Frozen-Pizza-10-inch-15-oz/654304342?fulfillmentIntent=Pickup,"Against The Grain Gluten Free Pizza, Pesto Frozen Pizza, 10-inch,15 oz.",Against the Grain Gourmet,10.46,10.46,",15",,2022-09-11 21:20:04,16542915
379116,23223,Frozen,"Frozen Pizza, Pasta, & Breads",Shop all,"Frozen/Frozen Pizza, Pasta, & Breads",900067809,https://www.walmart.com/ip/Palermo-s-Rising-Crust-Spinach-Artichoke-Dip-Frozen-Pizza-30-5-oz/900067809?fulfillmentIntent=Pickup,"Palermo's Rising Crust Spinach Artichoke Dip Frozen Pizza, 30.5 oz",Palermo's,4.98,4.98,30.5,,2022-09-11 21:20:04,16542920
379130,23223,Frozen,"Frozen Pizza, Pasta, & Breads",Shop all,"Frozen/Frozen Pizza, Pasta, & Breads",406675830,https://www.walmart.com/ip/The-No-Meat-Co-No-Porkies-Plant-Based-Sausage-Rolls-Vegan-Frozen-Meal-14-1oz-package-4-Pack/406675830?fulfillmentIntent=Pickup&athbdg=L1300,"The No Meat Co. No Porkies Plant-Based Sausage Rolls, Vegan, Frozen Meal, 14.1oz package, 4 Pack",The No Meat Co.,3.98,2.98,14.1,,2022-09-11 21:20:04,16542934
379141,23223,Frozen,"Frozen Pizza, Pasta, & Breads",Shop all,"Frozen/Frozen Pizza, Pasta, & Breads",226811041,https://www.walmart.com/ip/EB-TEXAS-TOAST/226811041?fulfillmentIntent=Pickup,EB TEXAS TOAST,Extraordinary Bites,5.94,5.94,,,2022-09-11 21:20:04,16542945
379804,23223,Frozen,Frozen Meals & Snacks,Shop all,Frozen/Frozen Meals & Snacks,135227127,https://www.walmart.com/ip/The-No-Meat-Co-No-Bull-Plant-Based-Mushroom-Steaks-Vegan-Frozen-Meal-5-6oz-2-Count/135227127?fulfillmentIntent=Pickup&athbdg=L1300,"The No Meat Co. No Bull Plant-Based Mushroom Steaks, Vegan, Frozen Meal, 5.6oz, 2 Count",The No Meat Co.,4.48,2.98,5.6,,2022-09-11 21:20:04,16543608
379922,23223,Frozen,Frozen Meals & Snacks,Shop all,Frozen/Frozen Meals & Snacks,773551038,https://www.walmart.com/ip/Frank-s-RedHot-Stingin-Honey-Teriyaki-Frozen-Chicken-Bites-15-oz/773551038?fulfillmentIntent=Pickup,"Frank's RedHot Stingin Honey Teriyaki Frozen Chicken Bites, 15 oz",Frank's RedHot,7.64,7.64,15,,2022-09-11 21:20:04,16543726
379931,23223,Frozen,Frozen Meals & Snacks,Shop all,Frozen/Frozen Meals & Snacks,700842991,https://www.walmart.com/ip/Fat-Rabbit-Harvest-Hooligan-with-Roasted-Vegetables-Fruit-Pumpkin-Seeds-in-Cinnamon-Flaxseed-Oil-Dressing-over-Quinoa-Frozen-Meal-10-oz-Box/700842991?fulfillmentIntent=Pickup,"Fat Rabbit Harvest Hooligan with Roasted Vegetables, Fruit & Pumpkin Seeds in Cinnamon & Flaxseed Oil Dressing over Quinoa Frozen Meal, 10 oz Box",Fat Rabbit,5.2,5.2,10,,2022-09-11 21:20:04,16543735
381652,23111,Frozen,"Frozen Pizza, Pasta, & Breads",Shop all,"Frozen/Frozen Pizza, Pasta, & Breads",21828845,https://www.walmart.com/ip/NewYork-Bakery-Olde-World-Ciabatta-Rolls-with-Real-Garlic-7-8-oz/21828845?fulfillmentIntent=Pickup,"NewYork Bakery Olde World Ciabatta Rolls with Real Garlic, 7.8 oz",New York Bakery,2.74,2.74,7.8,,2022-09-11 21:20:04,16545456
381671,23111,Frozen,"Frozen Pizza, Pasta, & Breads",Shop all,"Frozen/Frozen Pizza, Pasta, & Breads",163279062,https://www.walmart.com/ip/Celeste-Zesty-4-Cheese-Pizza-for-One-Individual-Microwavable-Frozen-Pizza-5-22-oz/163279062?fulfillmentIntent=Pickup,"Celeste Zesty 4 Cheese Pizza for One, Individual Microwavable Frozen Pizza, 5.22 oz.",Celeste,1.22,1.22,5.22,,2022-09-11 21:20:04,16545475
381675,23111,Frozen,"Frozen Pizza, Pasta, & Breads",Shop all,"Frozen/Frozen Pizza, Pasta, & Breads",819161862,https://www.walmart.com/ip/Conestoga-Extra-Crisp-English-Muffins/819161862?fulfillmentIntent=Pickup&athbdg=L1300,Conestoga Extra Crisp English Muffins,Conestoga,2.49,1.98,,,2022-09-11 21:20:04,16545479
381680,23111,Frozen,"Frozen Pizza, Pasta, & Breads",Shop all,"Frozen/Frozen Pizza, Pasta, & Breads",35903397,https://www.walmart.com/ip/Rhodes-Bake-N-Serv-White-Artisan-French-Rolls-12-Ct-Bag/35903397?fulfillmentIntent=Pickup&athbdg=L1300,Rhodes Bake N Serv  White Artisan French Rolls 12 Ct Bag,Warm-N-Serv,4.84,4.34,12,,2022-09-11 21:20:04,16545484
381681,23111,Frozen,"Frozen Pizza, Pasta, & Breads",Shop all,"Frozen/Frozen Pizza, Pasta, & Breads",733504799,https://www.walmart.com/ip/Furlani-Cranberry-Honey-Soft-Rolls-9-5-oz-6-Pieces/733504799?fulfillmentIntent=Pickup,"Furlani Cranberry & Honey Soft Rolls, 9.5 oz, 6 Pieces",Furlani,2.56,2.56,9.5,,2022-09-11 21:20:04,16545485
385296,60007,Frozen,Frozen Breakfast,Shop all,Frozen/Frozen Breakfast,10849817,https://www.walmart.com/ip/Mr-Dell-s-Shredded-Hash-Browns-30-oz/10849817?fulfillmentIntent=Pickup,Mr. Dell's Shredded Hash Browns (30 oz.),Mr. Dell's,3.72,3.72,30,,2022-09-11 21:20:04,16549100
385297,60007,Frozen,Frozen Breakfast,Shop all,Frozen/Frozen Breakfast,597047272,https://www.walmart.com/ip/KODIAK-Cakes-Power-Chocolate-Chip-Waffles-14-82-Oz-6-Ct/597047272?fulfillmentIntent=Pickup,"KODIAK Cakes Power Chocolate Chip Waffles, 14.82 Oz, 6 Ct",Kodiak Cakes,7.67,7.67,14.82,,2022-09-11 21:20:04,16549101
385302,60007,Frozen,Frozen Breakfast,Shop all,Frozen/Frozen Breakfast,673559966,https://www.walmart.com/ip/Kodiak-Cakes-Dark-Chocolate-Protein-Packed-Power-Waffles-10-72oz-8-CT-Box-Frozen/673559966?fulfillmentIntent=Pickup,"Kodiak Cakes Dark Chocolate Protein Packed Power Waffles, 10.72oz, 8 CT Box (Frozen)",Kodiak Cakes,5.76,5.76,10.72,,2022-09-11 21:20:04,16549106
385303,60007,Frozen,Frozen Breakfast,Shop all,Frozen/Frozen Breakfast,775802257,https://www.walmart.com/ip/Applegate-Natural-No-Sugar-Chicken-and-Herb-Breakfast-Sausage-7oz-10-CT-Box-Frozen/775802257?fulfillmentIntent=Pickup,"Applegate Natural No Sugar Chicken and Herb Breakfast Sausage, 7oz, 10 CT Box (Frozen)",Applegate,4.18,4.18,7,,2022-09-11 21:20:04,16549107
385305,60007,Frozen,Frozen Breakfast,Shop all,Frozen/Frozen Breakfast,486592977,https://www.walmart.com/ip/Daiya-Dairy-Free-Gluten-Free-Fiesta-Breakfast-Vegan-Burrito-5-3-Oz-Frozen/486592977?fulfillmentIntent=Pickup,Daiya Dairy Free Gluten Free Fiesta Breakfast Vegan Burrito - 5.3 Oz (Frozen),Daiya,3.34,3.34,5.3,,2022-09-11 21:20:04,16549109
385308,60007,Frozen,Frozen Breakfast,Shop all,Frozen/Frozen Breakfast,10849818,https://www.walmart.com/ip/Mr-Dell-s-Shredded-Hash-Browns-Family-Size-64-oz/10849818?fulfillmentIntent=Pickup,Mr. Dell's Shredded Hash Browns - Family Size (64 oz.),Mr. Dell's,6.44,6.44,64,,2022-09-11 21:20:04,16549112
385317,60007,Frozen,Frozen Breakfast,Shop all,Frozen/Frozen Breakfast,657187232,https://www.walmart.com/ip/Plant-Based-Homestead-Style-Power-Waffles-6-ct/657187232?fulfillmentIntent=Pickup,Plant Based Homestead Style Power Waffles 6 ct.,KODIAK,5.76,5.76,6,,2022-09-11 21:20:04,16549121
387743,60007,Frozen,"Frozen Pizza, Pasta, & Breads",Shop all,"Frozen/Frozen Pizza, Pasta, & Breads",993284029,https://www.walmart.com/ip/Tombstone-Sausage-Mushroom-Original-Thin-Crust-Pizza-21-3-oz-Frozen/993284029?fulfillmentIntent=Pickup,"Tombstone Sausage & Mushroom, Original Thin Crust Pizza, 21.3 oz (Frozen)",TOMBSTONE,4.58,4.58,21.3,,2022-09-11 21:20:04,16551547
387755,60007,Frozen,"Frozen Pizza, Pasta, & Breads",Shop all,"Frozen/Frozen Pizza, Pasta, & Breads",21265941,https://www.walmart.com/ip/Home-Run-Inn-Classic-Sausage-Pepperoni-Personal-Pizza-8-75-oz/21265941?fulfillmentIntent=Pickup,"Home Run Inn Classic Sausage & Pepperoni Personal Pizza, 8.75 oz",Home Run Inn,3.88,3.88,8.75,,2022-09-11 21:20:04,16551559
387758,60007,Frozen,"Frozen Pizza, Pasta, & Breads",Shop all,"Frozen/Frozen Pizza, Pasta, & Breads",444568727,https://www.walmart.com/ip/Tombstone-Deluxe-Original-Thin-Crust-Pizza-21-6-oz-Frozen/444568727?fulfillmentIntent=Pickup,"Tombstone Deluxe, Original Thin Crust Pizza, 21.6 oz (Frozen)",TOMBSTONE,4.58,4.58,21.6,,2022-09-11 21:20:04,16551562
387760,60007,Frozen,"Frozen Pizza, Pasta, & Breads",Shop all,"Frozen/Frozen Pizza, Pasta, & Breads",36073822,https://www.walmart.com/ip/Jack-s-Canadian-Bacon-Original-Thin-Crust-Pizza-14-9-oz-Frozen/36073822?fulfillmentIntent=Pickup,"Jack's Canadian Bacon, Original Thin Crust Pizza, 14.9 oz (Frozen)",Jack's,3.62,3.62,14.9,,2022-09-11 21:20:04,16551564
387761,60007,Frozen,"Frozen Pizza, Pasta, & Breads",Shop all,"Frozen/Frozen Pizza, Pasta, & Breads",759461126,https://www.walmart.com/ip/Tombstone-Sausage-Original-Thin-Crust-Pizza-20-9-oz-Frozen/759461126?fulfillmentIntent=Pickup,"Tombstone Sausage, Original Thin Crust Pizza, 20.9 oz (Frozen)",TOMBSTONE,4.58,4.58,20.9,,2022-09-11 21:20:04,16551565
387763,60007,Frozen,"Frozen Pizza, Pasta, & Breads",Shop all,"Frozen/Frozen Pizza, Pasta, & Breads",36073820,https://www.walmart.com/ip/JACK-S-Frozen-Pizza-Cheesy-Pizza-Dippers-Pizza-Fries-17-9-oz/36073820?fulfillmentIntent=Pickup,JACK'S Frozen Pizza Cheesy Pizza Dippers Pizza Fries 17.9 oz.,Jack's,4.47,4.47,17.9,,2022-09-11 21:20:04,16551567
387768,60007,Frozen,"Frozen Pizza, Pasta, & Breads",Shop all,"Frozen/Frozen Pizza, Pasta, & Breads",38102671,https://www.walmart.com/ip/Tombstone-Pepperoni-Garlic-Bread-Crust-Pizza-27-oz-Frozen/38102671?fulfillmentIntent=Pickup,"Tombstone Pepperoni, Garlic Bread Crust Pizza, 27 oz (Frozen)",TOMBSTONE,4.58,4.58,27,,2022-09-11 21:20:04,16551572
387794,60007,Frozen,"Frozen Pizza, Pasta, & Breads",Shop all,"Frozen/Frozen Pizza, Pasta, & Breads",19399796,https://www.walmart.com/ip/Home-Run-Inn-Classic-Pizza-Cheese/19399796?fulfillmentIntent=Pickup,Home Run Inn Classic Pizza Cheese,Home Run Inn,3.88,3.88,,,2022-09-11 21:20:04,16551598
387906,60007,Frozen,"Frozen Pizza, Pasta, & Breads",Shop all,"Frozen/Frozen Pizza, Pasta, & Breads",19399797,https://www.walmart.com/ip/Home-Run-Inn-Signature-Meat-Lovers-Frozen-Pizza-32-oz/19399797?fulfillmentIntent=Pickup,"Home Run Inn Signature Meat Lovers Frozen Pizza, 32 oz",Home Run Inn,7.33,7.33,32,,2022-09-11 21:20:04,16551710
387935,60007,Frozen,"Frozen Pizza, Pasta, & Breads",Shop all,"Frozen/Frozen Pizza, Pasta, & Breads",118571326,https://www.walmart.com/ip/Lewis-Bake-Shop-Texas-Toast-Thick-Sliced-Bread-24-oz/118571326?fulfillmentIntent=Pickup,"Lewis Bake Shop Texas Toast Thick Sliced Bread, 24 oz",Lewis Bake Shop,2.92,2.92,24,,2022-09-11 21:20:04,16551739
387986,60007,Frozen,"Frozen Pizza, Pasta, & Breads",Shop all,"Frozen/Frozen Pizza, Pasta, & Breads",48762177,https://www.walmart.com/ip/Lewis-Bake-Shop-12-Grain-Half-Loaf-Bread-1-2-Loaf-12-oz/48762177?fulfillmentIntent=Pickup,"Lewis Bake Shop 12 Grain Half Loaf Bread, 1/2 Loaf, 12 oz",Lewis Bake Shop,1.92,1.92,12,,2022-09-11 21:20:04,16551790
387993,60007,Frozen,"Frozen Pizza, Pasta, & Breads",Shop all,"Frozen/Frozen Pizza, Pasta, & Breads",14089289,https://www.walmart.com/ip/Home-Run-Inn-Classic-Uncured-Pepperoni-Frozen-Pizza-28-oz/14089289?fulfillmentIntent=Pickup,"Home Run Inn Classic Uncured Pepperoni Frozen Pizza, 28 oz",Home Run Inn,7.33,7.33,28,,2022-09-11 21:20:04,16551797
388074,60007,Frozen,"Frozen Pizza, Pasta, & Breads",Shop all,"Frozen/Frozen Pizza, Pasta, & Breads",10804752,https://www.walmart.com/ip/Lean-Cuisine-Cheese-Thin-Crust-Pizza-6-oz-Frozen/10804752?fulfillmentIntent=Pickup,"Lean Cuisine Cheese, Thin Crust Pizza, 6 oz (Frozen)",Lean Cuisine,3.58,3.58,6,,2022-09-11 21:20:04,16551878
388115,60007,Frozen,"Frozen Pizza, Pasta, & Breads",Shop all,"Frozen/Frozen Pizza, Pasta, & Breads",15754129,https://www.walmart.com/ip/Smart-Ones-Creamy-Rigatoni-Pasta-with-Broccoli-Chicken-Frozen-Meal-9-oz-Box/15754129?fulfillmentIntent=Pickup&athbdg=L1300,"Smart Ones Creamy Rigatoni Pasta with Broccoli & Chicken Frozen Meal, 9 oz Box",SMART ONES,2.18,1.96,9,,2022-09-11 21:20:04,16551919
388211,60007,Frozen,"Frozen Pizza, Pasta, & Breads",Shop all,"Frozen/Frozen Pizza, Pasta, & Breads",14089287,https://www.walmart.com/ip/Home-Run-Inn-Frozen-Classic-Sausage-Supreme-Pizza-Family-Size-Pizza-33-oz/14089287?fulfillmentIntent=Pickup,"Home Run Inn Frozen Classic Sausage Supreme Pizza, Family Size Pizza, 33 oz",Home Run Inn,7.33,7.33,33,,2022-09-11 21:20:04,16552015
388223,60007,Frozen,"Frozen Pizza, Pasta, & Breads",Shop all,"Frozen/Frozen Pizza, Pasta, & Breads",661428594,https://www.walmart.com/ip/Marie-Callender-s-Frozen-Meal-White-Cheddar-Mac-Cheese-27-Ounce/661428594?fulfillmentIntent=Pickup,"Marie Callender's Frozen Meal, White Cheddar Mac & Cheese, 27 Ounce",Marie Callender's,6.57,6.57,27,,2022-09-11 21:20:04,16552027
388224,60007,Frozen,"Frozen Pizza, Pasta, & Breads",Shop all,"Frozen/Frozen Pizza, Pasta, & Breads",36073816,https://www.walmart.com/ip/Jack-s-Italian-Sausage-Original-Thin-Crust-Pizza-14-745-oz-Frozen/36073816?fulfillmentIntent=Pickup,"Jack's Italian Sausage, Original Thin Crust Pizza, 14.745 oz (Frozen)",Jack's,3.62,3.62,14.745,,2022-09-11 21:20:04,16552028
388669,60007,Frozen,"Frozen Pizza, Pasta, & Breads",Shop all,"Frozen/Frozen Pizza, Pasta, & Breads",21803935,https://www.walmart.com/ip/Home-Run-Inn-Ultra-Thin-Sausage-Personal-Pizza-5-oz/21803935?fulfillmentIntent=Pickup,"Home Run Inn Ultra Thin Sausage Personal Pizza, 5 oz",Home Run Inn,3.88,3.88,5,,2022-09-11 21:20:04,16552473
388674,60007,Frozen,"Frozen Pizza, Pasta, & Breads",Shop all,"Frozen/Frozen Pizza, Pasta, & Breads",106528996,https://www.walmart.com/ip/Outer-Aisle-Cauliflower-Everything-Sandwich-Thins-6-75-oz-6-Count/106528996?fulfillmentIntent=Pickup,"Outer Aisle Cauliflower Everything Sandwich Thins, 6.75 oz, 6 Count",Outer Aisle,6.34,6.34,6.75,,2022-09-11 21:20:04,16552478
388678,60007,Frozen,"Frozen Pizza, Pasta, & Breads",Shop all,"Frozen/Frozen Pizza, Pasta, & Breads",19399798,https://www.walmart.com/ip/Home-Run-Inn-Classic-Sausage-Mushroom-Family-Size-Pizza-31-oz/19399798?fulfillmentIntent=Pickup,"Home Run Inn Classic Sausage & Mushroom Family Size Pizza, 31 oz",Home Run Inn,7.33,7.33,31,,2022-09-11 21:20:04,16552482
388680,60007,Frozen,"Frozen Pizza, Pasta, & Breads",Shop all,"Frozen/Frozen Pizza, Pasta, & Breads",153486020,https://www.walmart.com/ip/Joseph-Campione-Joseph-Campione-Bread-Sticks-6-ea/153486020?fulfillmentIntent=Pickup,"Joseph Campione Joseph Campione  Bread Sticks, 6 ea",JOSEPH CAMPIONE,3.88,3.88,,,2022-09-11 21:20:04,16552484
388691,60007,Frozen,"Frozen Pizza, Pasta, & Breads",Shop all,"Frozen/Frozen Pizza, Pasta, & Breads",50812665,https://www.walmart.com/ip/Home-Run-Inn-Classic-Margherita-with-Sausage-Pizza-32-5-oz/50812665?fulfillmentIntent=Pickup,"Home Run Inn Classic Margherita with Sausage Pizza, 32.5 oz",Home Run Inn,7.33,7.33,32.5,,2022-09-11 21:20:04,16552495
388692,60007,Frozen,"Frozen Pizza, Pasta, & Breads",Shop all,"Frozen/Frozen Pizza, Pasta, & Breads",14089621,https://www.walmart.com/ip/Gino-s-East-of-Chicago-Authentic-Deep-Dish-Pizza-Sausage/14089621?fulfillmentIntent=Pickup,Gino's East of Chicago Authentic Deep Dish Pizza Sausage,Gino's East,7.98,7.98,,,2022-09-11 21:20:04,16552496
388694,60007,Frozen,"Frozen Pizza, Pasta, & Breads",Shop all,"Frozen/Frozen Pizza, Pasta, & Breads",21803936,https://www.walmart.com/ip/Home-Run-Inn-Ultra-Thin-Pizza-Sausage-Uncured-Pepperoni/21803936?fulfillmentIntent=Pickup,Home Run Inn Ultra Thin Pizza Sausage & Uncured Pepperoni,Home Run Inn,7.98,7.98,,,2022-09-11 21:20:04,16552498
388698,60007,Frozen,"Frozen Pizza, Pasta, & Breads",Shop all,"Frozen/Frozen Pizza, Pasta, & Breads",138722286,https://www.walmart.com/ip/MYBREAD-Gluten-Free-Bakery-Original-Gluten-Free-Flatbread-Pita-13-9-oz/138722286?fulfillmentIntent=Pickup,"MYBREAD Gluten Free Bakery: Original Gluten Free Flatbread Pita, 13.9 oz",MYBREAD BAKERY,5.78,5.78,13.9,,2022-09-11 21:20:04,16552502
388699,60007,Frozen,"Frozen Pizza, Pasta, & Breads",Shop all,"Frozen/Frozen Pizza, Pasta, & Breads",21778081,https://www.walmart.com/ip/Home-Run-Inn-Ultra-Thin-Pizza-Uncured-Pepperoni/21778081?fulfillmentIntent=Pickup,Home Run Inn Ultra Thin Pizza Uncured Pepperoni,Home Run Inn,7.98,7.98,,,2022-09-11 21:20:04,16552503
388700,60007,Frozen,"Frozen Pizza, Pasta, & Breads",Shop all,"Frozen/Frozen Pizza, Pasta, & Breads",883981915,https://www.walmart.com/ip/WisePies-Pizza-Four-Cheese-Calzone-2-pack/883981915?fulfillmentIntent=Pickup,WisePies Pizza - Four Cheese Calzone 2 pack,WisePies,5.76,5.76,,,2022-09-11 21:20:04,16552504
388702,60007,Frozen,"Frozen Pizza, Pasta, & Breads",Shop all,"Frozen/Frozen Pizza, Pasta, & Breads",42583538,https://www.walmart.com/ip/Home-Run-Inn-Ultra-Thin-Pizza-Four-Cheese/42583538?fulfillmentIntent=Pickup,Home Run Inn Ultra Thin Pizza Four Cheese,Home Run Inn,7.98,7.98,,,2022-09-11 21:20:04,16552506
388703,60007,Frozen,"Frozen Pizza, Pasta, & Breads",Shop all,"Frozen/Frozen Pizza, Pasta, & Breads",19400275,https://www.walmart.com/ip/Gino-s-East-of-Chicago-Authentic-Deep-Dish-Pizza-Cheese-Pizza/19400275?fulfillmentIntent=Pickup,Gino's East of Chicago Authentic Deep Dish Pizza Cheese Pizza,Gino's East,7.98,7.98,,,2022-09-11 21:20:04,16552507
388788,60007,Frozen,"Frozen Pizza, Pasta, & Breads",Shop all,"Frozen/Frozen Pizza, Pasta, & Breads",653027526,https://www.walmart.com/ip/Dutch-Farms-Vito-Nicks-Sausage-Pizza/653027526?fulfillmentIntent=Pickup&athbdg=L1300,Dutch Farms Vito & Nicks Sausage Pizza,Dutch Farms,9.78,7.98,,,2022-09-11 21:20:04,16552592
388789,60007,Frozen,"Frozen Pizza, Pasta, & Breads",Shop all,"Frozen/Frozen Pizza, Pasta, & Breads",303747930,https://www.walmart.com/ip/Bertolli-Italian-Sausage-Rigatoni-22-oz/303747930?fulfillmentIntent=Pickup,"Bertolli Italian Sausage & Rigatoni, 22 oz",Bertolli,7.97,7.97,22,,2022-09-11 21:20:04,16552593
389437,44035,Frozen,Frozen Breakfast,Shop all,Frozen/Frozen Breakfast,46400576,https://www.walmart.com/ip/GOYA-Dough-For-Turnover-Pastries-Annatto-20-Oz/46400576?fulfillmentIntent=Pickup,GOYA Dough For Turnover Pastries Annatto 20 Oz,GOYA,2.97,2.97,20,,2022-09-11 21:20:04,16553241
390938,60007,Frozen,Frozen Meals & Snacks,Shop all,Frozen/Frozen Meals & Snacks,103326866,https://www.walmart.com/ip/Joseph-Campione-Mozzarella-Cheese-Stuffed-Bread-Sticks-5-count-11-5-oz/103326866?fulfillmentIntent=Pickup,"Joseph Campione Mozzarella Cheese Stuffed Bread Sticks, 5 count, 11.5 oz",JOSEPH CAMPIONE,3.88,3.88,11.5,,2022-09-11 21:20:04,16554742
390982,60007,Frozen,Frozen Meals & Snacks,Shop all,Frozen/Frozen Meals & Snacks,45664800,https://www.walmart.com/ip/Lean-Cuisine-Features-Sweet-Spicy-Korean-Style-Beef-Frozen-Meal-8-75-oz/45664800?fulfillmentIntent=Pickup,Lean Cuisine Features Sweet & Spicy Korean-Style Beef Frozen Meal 8.75 oz.,Lean Cuisine,3.58,3.58,8.75,,2022-09-11 21:20:04,16554786
391012,60007,Frozen,Frozen Meals & Snacks,Shop all,Frozen/Frozen Meals & Snacks,10804822,https://www.walmart.com/ip/Lean-Cuisine-Features-Shrimp-Scampi-Frozen-Meal-10-oz/10804822?fulfillmentIntent=Pickup,Lean Cuisine Features Shrimp Scampi Frozen Meal 10 oz,Lean Cuisine,3.58,3.58,10,,2022-09-11 21:20:04,16554816
391055,60007,Frozen,Frozen Meals & Snacks,Shop all,Frozen/Frozen Meals & Snacks,139311930,https://www.walmart.com/ip/Supreme-Beef-Tamale-10-tamales-37-oz/139311930?fulfillmentIntent=Pickup,"Supreme Beef Tamale, 10 tamales, 37 oz",Supreme,6.48,6.48,37,,2022-09-11 21:20:04,16554859
391059,60007,Frozen,Frozen Meals & Snacks,Shop all,Frozen/Frozen Meals & Snacks,28704948,https://www.walmart.com/ip/Dutch-Farms-Chicken-Breast-Rings-47-5-oz/28704948?fulfillmentIntent=Pickup,"Dutch Farms Chicken Breast Rings, 47.5 oz",Dutch Farms,8.0,8.0,47.5,,2022-09-11 21:20:04,16554863
391075,60007,Frozen,Frozen Meals & Snacks,Shop all,Frozen/Frozen Meals & Snacks,28704947,https://www.walmart.com/ip/Dutch-Farms-Chicken-Breast-Tenders-48-oz/28704947?fulfillmentIntent=Pickup,"Dutch Farms Chicken Breast Tenders, 48 oz",Dutch Farms,8.0,8.0,48,,2022-09-11 21:20:04,16554879
391088,60007,Frozen,Frozen Meals & Snacks,Shop all,Frozen/Frozen Meals & Snacks,26875111,https://www.walmart.com/ip/Lean-Cuisine-Features-Spinach-Artichoke-Ravioli-Frozen-Meal-9-oz/26875111?fulfillmentIntent=Pickup,Lean Cuisine Features Spinach Artichoke Ravioli Frozen Meal 9 oz,Lean Cuisine,3.58,3.58,9,,2022-09-11 21:20:04,16554892
393075,44035,Frozen,Frozen Meals & Snacks,Shop all,Frozen/Frozen Meals & Snacks,45924085,https://www.walmart.com/ip/Gorton-s-Crunchy-Breaded-Haddock-Fish-Fillets-4-count/45924085?fulfillmentIntent=Pickup,"Gorton's Crunchy Breaded Haddock Fish Fillets, 4 count",Gorton's,7.92,7.92,,,2022-09-11 21:20:04,16556879
393090,44035,Frozen,Frozen Meals & Snacks,Shop all,Frozen/Frozen Meals & Snacks,52807663,https://www.walmart.com/ip/Bosco-Sticks-Pepperoni-Pizza-Stuffed-Breadsticks-14-oz-Frozen/52807663?fulfillmentIntent=Pickup,"Bosco Sticks Pepperoni Pizza Stuffed Breadsticks, 14 oz (Frozen)",Bosco's,3.58,3.58,14,,2022-09-11 21:20:04,16556894
398970,44035,Frozen,"Frozen Pizza, Pasta, & Breads",Shop all,"Frozen/Frozen Pizza, Pasta, & Breads",159870150,https://www.walmart.com/ip/Mama-Rosie-s-Round-Cheese-Ravioli-24oz/159870150?fulfillmentIntent=Pickup,Mama Rosie's Round Cheese Ravioli 24oz,Mama Rosie's,3.97,3.97,24,,2022-09-11 21:20:04,16562774
398974,44035,Frozen,"Frozen Pizza, Pasta, & Breads",Shop all,"Frozen/Frozen Pizza, Pasta, & Breads",49569093,https://www.walmart.com/ip/GOYA-Dough-For-Turnover-Pastries-20-Oz-10-Ct/49569093?fulfillmentIntent=Pickup,"GOYA Dough For Turnover Pastries 20 Oz, 10 Ct",GOYA,3.98,3.98,20,,2022-09-11 21:20:04,16562778
399010,44035,Frozen,"Frozen Pizza, Pasta, & Breads",Shop all,"Frozen/Frozen Pizza, Pasta, & Breads",35824697,https://www.walmart.com/ip/Udi-s-Gluten-Free-Thin-Crispy-Pizza-Crusts-8-Oz-2-Ct/35824697?fulfillmentIntent=Pickup,"Udi's Gluten Free Thin & Crispy Pizza Crusts, 8 Oz, 2 Ct",Udi's,4.92,4.92,8,,2022-09-11 21:20:04,16562814
399022,44035,Frozen,"Frozen Pizza, Pasta, & Breads",Shop all,"Frozen/Frozen Pizza, Pasta, & Breads",212071153,https://www.walmart.com/ip/Papa-Gino-s-3-Cheese-Frozen-Pizza/212071153?fulfillmentIntent=Pickup,Papa Gino's 3-Cheese Frozen Pizza,Papa Gino's,5.97,5.97,,,2022-09-11 21:20:04,16562826
399038,44035,Frozen,"Frozen Pizza, Pasta, & Breads",Shop all,"Frozen/Frozen Pizza, Pasta, & Breads",724745145,https://www.walmart.com/ip/Peps-12-Drafthaus-Prohibition-Special-Pizza-33-8-oz/724745145?fulfillmentIntent=Pickup,"Peps 12"" Drafthaus Prohibition Special Pizza, 33.8 oz",Pep's Drafthaus,9.98,9.98,33.8,,2022-09-11 21:20:04,16562842
399045,44035,Frozen,"Frozen Pizza, Pasta, & Breads",Shop all,"Frozen/Frozen Pizza, Pasta, & Breads",797146009,https://www.walmart.com/ip/Peps-12-Drafthaus-Meat-Mash-Pizza-33-6-oz/797146009?fulfillmentIntent=Pickup,"Peps 12"" Drafthaus Meat Mash Pizza, 33.6 oz",Pep's Drafthaus,9.98,9.98,33.6,,2022-09-11 21:20:04,16562849
399059,44035,Frozen,"Frozen Pizza, Pasta, & Breads",Shop all,"Frozen/Frozen Pizza, Pasta, & Breads",248503152,https://www.walmart.com/ip/Papa-Gino-s-Pepper-Onion-Frozen-Pizza/248503152?fulfillmentIntent=Pickup,Papa Gino's Pepper & Onion Frozen Pizza,Papa Gino's,5.97,5.97,,,2022-09-11 21:20:04,16562863
404834,33647,Frozen,"Frozen Pizza, Pasta, & Breads",Shop all,"Frozen/Frozen Pizza, Pasta, & Breads",54027284,https://www.walmart.com/ip/Birds-Eye-Steamfresh-Pasta-Broccoli-with-Cheese-Sauce-Frozen-10-8-oz/54027284?fulfillmentIntent=Pickup,"Birds Eye Steamfresh Pasta & Broccoli with Cheese Sauce, Frozen, 10.8 oz",Birdseye,2.36,2.36,10.8,,2022-09-11 21:20:04,16568638
404836,33647,Frozen,"Frozen Pizza, Pasta, & Breads",Shop all,"Frozen/Frozen Pizza, Pasta, & Breads",51416273,https://www.walmart.com/ip/Michael-Angelo-s-Three-Cheese-Baked-Ziti-11-oz-Box/51416273?fulfillmentIntent=Pickup,Michael Angelo's Three Cheese Baked Ziti 11 oz. Box,Michael Angelo's,3.42,3.42,11,,2022-09-11 21:20:04,16568640
404838,33647,Frozen,"Frozen Pizza, Pasta, & Breads",Shop all,"Frozen/Frozen Pizza, Pasta, & Breads",10535342,https://www.walmart.com/ip/Michael-Angelo-s-Lasagna-with-Meat-Sauce-11-oz-Box/10535342?fulfillmentIntent=Pickup,Michael Angelo's Lasagna with Meat Sauce 11 oz. Box,Michael Angelo's,3.42,3.42,11,,2022-09-11 21:20:04,16568642
404843,33647,Frozen,"Frozen Pizza, Pasta, & Breads",Shop all,"Frozen/Frozen Pizza, Pasta, & Breads",22057348,https://www.walmart.com/ip/Boston-Market-Chicken-Fettucine-Alfredo-13-0-Oz-Frozen/22057348?fulfillmentIntent=Pickup,Boston Market Chicken Fettucine Alfredo 13.0 Oz. (Frozen),Boston Market,3.32,3.32,13.0,,2022-09-11 21:20:04,16568647
404891,33647,Frozen,"Frozen Pizza, Pasta, & Breads",Shop all,"Frozen/Frozen Pizza, Pasta, & Breads",10292908,https://www.walmart.com/ip/Red-Baron-Pizza-Classic-Crust-Special-Deluxe-22-95-oz/10292908?fulfillmentIntent=Pickup,"Red Baron Pizza, Classic Crust Special Deluxe, 22.95 oz",Red Baron,4.68,4.68,22.95,,2022-09-11 21:20:04,16568695
404901,33647,Frozen,"Frozen Pizza, Pasta, & Breads",Shop all,"Frozen/Frozen Pizza, Pasta, & Breads",142544206,https://www.walmart.com/ip/Banquet-Mac-and-Cheese-Frozen-Single-Serve-Meal-10-Ounce/142544206?fulfillmentIntent=Pickup,"Banquet Mac and Cheese Frozen Single Serve Meal, 10 Ounce",Homestyle Bakes,1.48,1.48,10,,2022-09-11 21:20:04,16568705
404918,33647,Frozen,"Frozen Pizza, Pasta, & Breads",Shop all,"Frozen/Frozen Pizza, Pasta, & Breads",918285083,https://www.walmart.com/ip/Canyon-Bakehouse-Cb-Gf-Heritage-Style-24z-Honey-White/918285083?fulfillmentIntent=Pickup,Canyon Bakehouse Cb Gf Heritage Style 24z Honey White,Canyon Bakehouse,7.4,7.4,,,2022-09-11 21:20:04,16568722
404999,33647,Frozen,"Frozen Pizza, Pasta, & Breads",Shop all,"Frozen/Frozen Pizza, Pasta, & Breads",703660139,https://www.walmart.com/ip/Boston-Market-Vermont-White-Cheddar-Mac-and-Cheese-14-Oz-Frozen/703660139?fulfillmentIntent=Pickup,Boston Market Vermont White Cheddar Mac and Cheese 14 Oz. (Frozen),Boston Market,2.88,2.88,14,,2022-09-11 21:20:04,16568803
405002,33647,Frozen,"Frozen Pizza, Pasta, & Breads",Shop all,"Frozen/Frozen Pizza, Pasta, & Breads",10813519,https://www.walmart.com/ip/Cole-s-Garlic-Texas-Toast-8-Slice/10813519?fulfillmentIntent=Pickup,Cole's® Garlic Texas Toast 8 Slice,Cole's,2.92,2.92,,,2022-09-11 21:20:04,16568806
405004,33647,Frozen,"Frozen Pizza, Pasta, & Breads",Shop all,"Frozen/Frozen Pizza, Pasta, & Breads",235400203,https://www.walmart.com/ip/American-Flatbread-10-Frozen-Pizza-Basil-Pesto-and-Feta-8-5-oz/235400203?fulfillmentIntent=Pickup,"American Flatbread 10"" Frozen Pizza, Basil Pesto and Feta, 8.5 oz.",American Flatbread,5.98,5.98,8.5,,2022-09-11 21:20:04,16568808
405006,33647,Frozen,"Frozen Pizza, Pasta, & Breads",Shop all,"Frozen/Frozen Pizza, Pasta, & Breads",584297222,https://www.walmart.com/ip/Boston-Market-Buffalo-Style-Chicken-Mac-and-Cheese-13-8-Oz-Frozen/584297222?fulfillmentIntent=Pickup,Boston Market Buffalo Style Chicken Mac and Cheese 13.8 Oz. (Frozen),Boston Market,2.88,2.88,13.8,,2022-09-11 21:20:04,16568810
405008,33647,Frozen,"Frozen Pizza, Pasta, & Breads",Shop all,"Frozen/Frozen Pizza, Pasta, & Breads",709567419,https://www.walmart.com/ip/WisePies-Pizza-Hatch-Green-Chile-Uncured-Pepperoni-Calzone-2-pack/709567419?fulfillmentIntent=Pickup,WisePies Pizza - Hatch Green Chile Uncured Pepperoni Calzone 2 pack,WisePies,5.48,5.48,,,2022-09-11 21:20:04,16568812
405009,33647,Frozen,"Frozen Pizza, Pasta, & Breads",Shop all,"Frozen/Frozen Pizza, Pasta, & Breads",361984214,https://www.walmart.com/ip/American-Flatbread-10-Frozen-Pizza-Twisted-6-Cheese-7-6-oz/361984214?fulfillmentIntent=Pickup,"American Flatbread 10"" Frozen Pizza, Twisted 6 Cheese, 7.6 oz.",American Flatbread,5.98,5.98,7.6,,2022-09-11 21:20:04,16568813
405108,33647,Frozen,"Frozen Pizza, Pasta, & Breads",Shop all,"Frozen/Frozen Pizza, Pasta, & Breads",247895865,https://www.walmart.com/ip/Boston-Market-Meals-for-Two-Meatballs-with-Mac-and-Cheese-Oz-Frozen/247895865?fulfillmentIntent=Pickup,Boston Market Meals for Two Meatballs with Mac and Cheese  Oz. (Frozen),Boston Market,6.78,6.78,,,2022-09-11 21:20:04,16568912
406274,33647,Frozen,Frozen Breakfast,Shop all,Frozen/Frozen Breakfast,46597307,https://www.walmart.com/ip/Pillsbury-Toaster-Strudel-Apple-Pastry-6-ct-11-7-oz/46597307?fulfillmentIntent=Pickup,"Pillsbury Toaster Strudel, Apple Pastry, 6 ct., 11.7 oz.",Pillsbury,2.48,2.48,11.7,,2022-09-11 21:20:04,16570078
406616,33647,Frozen,Frozen Breakfast,Shop all,Frozen/Frozen Breakfast,479338545,https://www.walmart.com/ip/Rojos-Pork-Sausage-Egg-Cheese-Pancake-Sandwich/479338545?fulfillmentIntent=Pickup,"Rojos Pork Sausage, Egg & Cheese Pancake Sandwich",Rojo's Famous,6.98,6.98,,,2022-09-11 21:20:04,16570420
406638,33647,Frozen,Frozen Breakfast,Shop all,Frozen/Frozen Breakfast,542292163,https://www.walmart.com/ip/Rojos-Pork-Pig-in-a-Blanket-Pancake-Sandwich/542292163?fulfillmentIntent=Pickup,"Rojos Pork ""Pig in a Blanket"" Pancake Sandwich",Rojo's Famous,6.98,6.98,,,2022-09-11 21:20:04,16570442
406735,33647,Frozen,Frozen Breakfast,Shop all,Frozen/Frozen Breakfast,393478851,https://www.walmart.com/ip/Rojos-Egg-Cheddar-Cheese-Pancake-Sandwich/393478851?fulfillmentIntent=Pickup,Rojos Egg & Cheddar Cheese Pancake Sandwich,Rojo's Famous,5.72,5.72,,,2022-09-11 21:20:04,16570539
406736,33647,Frozen,Frozen Breakfast,Shop all,Frozen/Frozen Breakfast,288743878,https://www.walmart.com/ip/Eggo-Frozen-Waffles-Apple-Cinnamon-11-6-Oz-Box-Frozen/288743878?fulfillmentIntent=Pickup,"Eggo Frozen Waffles, Apple Cinnamon, 11.6 Oz, Box, Frozen",Eggo,3.38,3.38,11.6,,2022-09-11 21:20:04,16570540
411116,33647,Frozen,Frozen Meals & Snacks,Shop all,Frozen/Frozen Meals & Snacks,10535347,https://www.walmart.com/ip/Michael-Angelo-s-Eggplant-Parmesan-11-Oz-Frozen/10535347?fulfillmentIntent=Pickup,"Michael Angelo's Eggplant Parmesan, 11 Oz (Frozen)",Michael Angelo's,3.42,3.42,11,,2022-09-11 21:20:04,16574920
411529,33647,Frozen,Frozen Meals & Snacks,Shop all,Frozen/Frozen Meals & Snacks,498824993,https://www.walmart.com/ip/Bibigo-Mandu-Pork-Vegetable-Dumplings-24-Oz/498824993?fulfillmentIntent=Pickup,"Bibigo Mandu Pork & Vegetable Dumplings, 24 Oz",Bibigo,6.98,6.98,24,,2022-09-11 21:20:04,16575333
411913,33647,Frozen,Frozen Meals & Snacks,Shop all,Frozen/Frozen Meals & Snacks,961650946,https://www.walmart.com/ip/Chaparros-Tamales-Chapparro-Beef-Tamales/961650946?fulfillmentIntent=Pickup,Chaparros Tamales Chapparro Beef Tamales,Chaparro's,13.97,13.97,,,2022-09-11 21:20:04,16575717
411924,33647,Frozen,Frozen Meals & Snacks,Shop all,Frozen/Frozen Meals & Snacks,908623430,https://www.walmart.com/ip/Great-Value-Spinach-Artichoke-Gouda-Dip-12-oz/908623430?fulfillmentIntent=Pickup,"Great Value Spinach, Artichoke & Gouda Dip, 12 oz",Great Value,6.46,6.46,12,,2022-09-11 21:20:04,16575728
411937,33647,Frozen,Frozen Meals & Snacks,Shop all,Frozen/Frozen Meals & Snacks,863300791,https://www.walmart.com/ip/Life-Cuisine-Korean-Style-BBQ-Beef-Bowl-Frozen-Meal-10-oz/863300791?fulfillmentIntent=Pickup,Life Cuisine Korean Style BBQ Beef Bowl Frozen Meal 10 oz,Life Cuisine,4.18,4.18,10,,2022-09-11 21:20:04,16575741
411955,33647,Frozen,Frozen Meals & Snacks,Shop all,Frozen/Frozen Meals & Snacks,698817259,https://www.walmart.com/ip/Chaparros-Tamales-Chapparro-Chicken-Tamales/698817259?fulfillmentIntent=Pickup,Chaparros Tamales Chapparro Chicken Tamales,Chaparro's,13.97,13.97,,,2022-09-11 21:20:04,16575759
411960,33647,Frozen,Frozen Meals & Snacks,Shop all,Frozen/Frozen Meals & Snacks,969660161,https://www.walmart.com/ip/Tyson-Any-tizers-Tequila-Lime-Bone-In-Chicken-Wings-22-oz-Frozen/969660161?fulfillmentIntent=Pickup,"Tyson Any'tizers Tequila Lime Bone In Chicken Wings, 22 oz (Frozen)",Tyson Any'tizers,9.88,9.88,22,,2022-09-11 21:20:04,16575764
411977,33647,Frozen,Frozen Meals & Snacks,Shop all,Frozen/Frozen Meals & Snacks,650085942,https://www.walmart.com/ip/Boston-Market-Family-Size-Country-Fried-Beef-Steak/650085942?fulfillmentIntent=Pickup,Boston Market Family Size Country Fried Beef Steak,Boston Market,6.78,6.78,,,2022-09-11 21:20:04,16575781
411981,33647,Frozen,Frozen Meals & Snacks,Shop all,Frozen/Frozen Meals & Snacks,607473269,https://www.walmart.com/ip/Corky-s-Bar-B-Q-Chicken-Breast-Dinner-13-oz/607473269?fulfillmentIntent=Pickup,"Corky's Bar-B-Q Chicken Breast Dinner, 13 oz",Corky's,4.58,4.58,13,,2022-09-11 21:20:04,16575785
411989,33647,Frozen,Frozen Meals & Snacks,Shop all,Frozen/Frozen Meals & Snacks,970764101,https://www.walmart.com/ip/Boston-Market-Crustless-Chicken-Pot-Pie-13-Oz-Frozen/970764101?fulfillmentIntent=Pickup,Boston Market Crustless Chicken Pot Pie 13 Oz. (Frozen),Boston Market,2.88,2.88,13,,2022-09-11 21:20:04,16575793
411996,33647,Frozen,Frozen Meals & Snacks,Shop all,Frozen/Frozen Meals & Snacks,329037199,https://www.walmart.com/ip/InnovAsian-Chicken-Potsticker-with-Ponzu-Sauce-8-7-oz-Frozen/329037199?fulfillmentIntent=Pickup,"InnovAsian Chicken Potsticker with Ponzu Sauce, 8.7 oz (Frozen)",InnovAsian Cuisine,4.18,4.18,8.7,,2022-09-11 21:20:04,16575800
412000,33647,Frozen,Frozen Meals & Snacks,Shop all,Frozen/Frozen Meals & Snacks,776497476,https://www.walmart.com/ip/Boston-Market-Hot-Honey-Fried-Chicken-13-Oz-Frozen/776497476?fulfillmentIntent=Pickup,Boston Market Hot Honey Fried Chicken 13 Oz. (Frozen),Boston Market,2.88,2.88,13,,2022-09-11 21:20:04,16575804
412002,33647,Frozen,Frozen Meals & Snacks,Shop all,Frozen/Frozen Meals & Snacks,410065334,https://www.walmart.com/ip/Boston-Market-Meals-for-Two-Grilled-Chicken-and-Roasted-Potato-Oz-Frozen/410065334?fulfillmentIntent=Pickup,Boston Market Meals for Two Grilled Chicken and Roasted Potato  Oz. (Frozen),Boston Market,6.78,6.78,,,2022-09-11 21:20:04,16575806
412016,33647,Frozen,Frozen Meals & Snacks,Shop all,Frozen/Frozen Meals & Snacks,380563397,https://www.walmart.com/ip/Boston-Market-Family-Size-Chicken-Parmesan-Oz-Frozen/380563397?fulfillmentIntent=Pickup,Boston Market Family Size Chicken Parmesan   Oz. (Frozen),Boston Market,8.37,8.37,,,2022-09-11 21:20:04,16575820
412173,6010,Frozen,"Frozen Pizza, Pasta, & Breads",Shop all,"Frozen/Frozen Pizza, Pasta, & Breads",10292863,https://www.walmart.com/ip/Red-Baron-Frozen-Cheese-Garlic-Pizza-8-80-oz-2-Ct/10292863?fulfillmentIntent=Pickup,"Red Baron Frozen Cheese & Garlic Pizza, 8.80 oz, 2 Ct",Red Baron,4.18,4.18,8.80,,2022-09-11 21:20:04,16575977
412195,6010,Frozen,"Frozen Pizza, Pasta, & Breads",Shop all,"Frozen/Frozen Pizza, Pasta, & Breads",479390315,https://www.walmart.com/ip/One-Bite-Frozen-3-Meat-Pizza-12-12-20-35oz/479390315?fulfillmentIntent=Pickup,"One Bite Frozen 3 Meat Pizza 12 - 12"" 20.35oz",One Bite,6.98,6.98,20.35,,2022-09-11 21:20:04,16575999
412196,6010,Frozen,"Frozen Pizza, Pasta, & Breads",Shop all,"Frozen/Frozen Pizza, Pasta, & Breads",517734673,https://www.walmart.com/ip/One-Bite-Frozen-Supreme-Pizza-12-12-21-38oz/517734673?fulfillmentIntent=Pickup,"One Bite Frozen Supreme Pizza 12 - 12"" 21.38oz",One Bite,6.98,6.98,21.38,,2022-09-11 21:20:04,16576000
416440,90650,Frozen,Frozen Breakfast,Shop all,Frozen/Frozen Breakfast,903913555,https://www.walmart.com/ip/Jimmy-Dean-Sausage-Egg-Cheese-Cheddar-Biscuit-Sandwich-36-oz-8-Ct-Frozen/903913555?fulfillmentIntent=Pickup&athbdg=L1300,"Jimmy Dean Sausage Egg & Cheese Cheddar Biscuit Sandwich, 36 oz, 8 Ct (Frozen)",Jimmy Dean,9.98,9.88,36,,2022-09-11 21:20:04,16580244
416454,90650,Frozen,Frozen Breakfast,Shop all,Frozen/Frozen Breakfast,701682129,https://www.walmart.com/ip/Jimmy-Dean-Delights-Plant-Based-Patty-and-Frittata-Sandwiches-4-Count/701682129?fulfillmentIntent=Pickup,"Jimmy Dean Delights Plant Based Patty and Frittata Sandwiches, 4 Count",Jimmy Dean,7.58,7.58,,,2022-09-11 21:20:04,16580258
416462,90650,Frozen,Frozen Breakfast,Shop all,Frozen/Frozen Breakfast,638473290,https://www.walmart.com/ip/Eggo-Frozen-Waffles-Blueberry-11-6-Oz-Box-Frozen/638473290?fulfillmentIntent=Pickup,"Eggo Frozen Waffles, Blueberry, 11.6 Oz, Box, Frozen",Eggo,6.98,6.98,11.6,,2022-09-11 21:20:04,16580266
418408,90650,Frozen,Frozen Meals & Snacks,Shop all,Frozen/Frozen Meals & Snacks,475054267,https://www.walmart.com/ip/Yummy-All-Natural-Dino-Buddies-Chicken-Nuggets-35oz/475054267?fulfillmentIntent=Pickup,Yummy All Natural Dino Buddies Chicken Nuggets 35oz,YUMMY,8.33,8.33,35,,2022-09-11 21:20:04,16582212
418422,90650,Frozen,Frozen Meals & Snacks,Shop all,Frozen/Frozen Meals & Snacks,54517684,https://www.walmart.com/ip/Foster-Farms-22ct-Corn-Dogs/54517684?fulfillmentIntent=Pickup,Foster Farms 22ct Corn Dogs,Foster Farms,9.98,9.98,22,,2022-09-11 21:20:04,16582226
419477,90650,Frozen,Frozen Meals & Snacks,Shop all,Frozen/Frozen Meals & Snacks,695170806,https://www.walmart.com/ip/Foster-Farms-Takeout-Crispy-Wings-Sweet-Chipotle-BBQ/695170806?fulfillmentIntent=Pickup,Foster Farms Takeout Crispy Wings Sweet Chipotle BBQ,Foster Farms,9.18,9.18,,,2022-09-11 21:20:04,16583281
419554,90650,Frozen,Frozen Meals & Snacks,Shop all,Frozen/Frozen Meals & Snacks,35606595,https://www.walmart.com/ip/P-F-Chang-s-Home-Menu-Sweet-and-Sour-Chicken-Skillet-Meal-Frozen-Meal-22-OZ/35606595?fulfillmentIntent=Pickup,"P.F. Chang's Home Menu Sweet and Sour Chicken Skillet Meal, Frozen Meal, 22 OZ",P.F. Chang's,7.78,7.78,22,,2022-09-11 21:20:04,16583358
419574,90650,Frozen,Frozen Meals & Snacks,Shop all,Frozen/Frozen Meals & Snacks,100637907,https://www.walmart.com/ip/Day-lee-Foods-Crazy-Cuizine-Mandarin-Orange-Chicken-18-oz/100637907?fulfillmentIntent=Pickup,"Day-lee Foods Crazy Cuizine Mandarin Orange Chicken, 18 oz",Crazy Cuizine,5.98,5.98,18,,2022-09-11 21:20:04,16583378
419579,90650,Frozen,Frozen Meals & Snacks,Shop all,Frozen/Frozen Meals & Snacks,779191702,https://www.walmart.com/ip/El-Monterey-Beef-Enchiladas-with-Zesty-Red-Sauce-and-Rice-10-25-oz/779191702?fulfillmentIntent=Pickup,"El Monterey Beef Enchiladas with Zesty Red Sauce and Rice, 10.25 oz",El Monterey,3.97,3.97,10.25,,2022-09-11 21:20:04,16583383
419622,90650,Frozen,Frozen Meals & Snacks,Shop all,Frozen/Frozen Meals & Snacks,402377085,https://www.walmart.com/ip/Sweet-Earth-Vegan-Pad-Thai-Frozen-Bowl-9-oz/402377085?fulfillmentIntent=Pickup,"Sweet Earth Vegan Pad Thai Frozen Bowl,  9 oz",Sweet Earth Natural Foods,5.78,5.78,9,,2022-09-11 21:20:04,16583426
419624,90650,Frozen,Frozen Meals & Snacks,Shop all,Frozen/Frozen Meals & Snacks,302071685,https://www.walmart.com/ip/New-York-Bakery-Jalapeno-Cheddar-Snack-Sticks-12-9-oz-5-Ct/302071685?fulfillmentIntent=Pickup,"New York Bakery, Jalapeno & Cheddar, Snack Sticks, 12.9 oz, 5 Ct",New York Bakery,3.28,3.28,12.9,,2022-09-11 21:20:04,16583428
419632,90650,Frozen,Frozen Meals & Snacks,Shop all,Frozen/Frozen Meals & Snacks,145396584,https://www.walmart.com/ip/Crazy-Cuizine-Chicken-Potstickers-20-oz/145396584?fulfillmentIntent=Pickup,"Crazy Cuizine Chicken Potstickers, 20 oz",Crazy Cuizine,5.98,5.98,20,,2022-09-11 21:20:04,16583436
419640,90650,Frozen,Frozen Meals & Snacks,Shop all,Frozen/Frozen Meals & Snacks,304484446,https://www.walmart.com/ip/Crazy-Cuizine-Asian-Style-Pork-Potstickers-20-oz/304484446?fulfillmentIntent=Pickup,"Crazy Cuizine Asian Style Pork Potstickers, 20 oz",Day-Lee Foods,5.98,5.98,20,,2022-09-11 21:20:04,16583444
419643,90650,Frozen,Frozen Meals & Snacks,Shop all,Frozen/Frozen Meals & Snacks,19766229,https://www.walmart.com/ip/Reynaldo-s-Beef-Potato-Jumbo-Burrito-10-oz/19766229?fulfillmentIntent=Pickup,"Reynaldo's Beef & Potato Jumbo Burrito, 10 oz",Reynaldo's,2.36,2.36,10,,2022-09-11 21:20:04,16583447
419648,90650,Frozen,Frozen Meals & Snacks,Shop all,Frozen/Frozen Meals & Snacks,19766231,https://www.walmart.com/ip/Reynaldo-s-Red-Hot-Jumbo-Burrito-10-oz/19766231?fulfillmentIntent=Pickup,"Reynaldo's Red Hot Jumbo Burrito, 10 oz",Reynaldo's,2.36,2.36,10,,2022-09-11 21:20:04,16583452
419650,90650,Frozen,Frozen Meals & Snacks,Shop all,Frozen/Frozen Meals & Snacks,106909917,https://www.walmart.com/ip/Crazy-Cuizine-General-Tso-s-Chicken-22-oz/106909917?fulfillmentIntent=Pickup,"Crazy Cuizine General Tso's Chicken, 22 oz",Crazy Cuizine,5.98,5.98,22,,2022-09-11 21:20:04,16583454
419651,90650,Frozen,Frozen Meals & Snacks,Shop all,Frozen/Frozen Meals & Snacks,19766227,https://www.walmart.com/ip/Reynaldo-s-Beef-Bean-Jumbo-Burrito-10-oz/19766227?fulfillmentIntent=Pickup,"Reynaldo's Beef & Bean Jumbo Burrito, 10 oz",Reynaldo's,2.36,2.36,10,,2022-09-11 21:20:04,16583455
419652,90650,Frozen,Frozen Meals & Snacks,Shop all,Frozen/Frozen Meals & Snacks,958831304,https://www.walmart.com/ip/Ling-Ling-Chicken-Pho-Frozen-Asian-Entr-e-8oz/958831304?fulfillmentIntent=Pickup,"Ling Ling Chicken Pho Frozen Asian Entre, 8oz",Ling Ling,3.98,3.98,8,,2022-09-11 21:20:04,16583456
419653,90650,Frozen,Frozen Meals & Snacks,Shop all,Frozen/Frozen Meals & Snacks,349048308,https://www.walmart.com/ip/Authentic-New-Mexican-Green-Chile-Chicken-Enchiladas/349048308?fulfillmentIntent=Pickup,Authentic New Mexican Green Chile Chicken Enchiladas,The Authentic New Mexican,4.56,4.56,,,2022-09-11 21:20:04,16583457
422906,85225,Frozen,"Frozen Pizza, Pasta, & Breads",Shop all,"Frozen/Frozen Pizza, Pasta, & Breads",10294977,https://www.walmart.com/ip/Buitoni-Three-Cheese-Tortellini-Refrigerated-Pasta-20-oz-Family-Size-Package/10294977?fulfillmentIntent=Pickup,"Buitoni Three Cheese Tortellini, Refrigerated Pasta, 20 oz Family Size Package",Buitoni,7.58,7.58,20,,2022-09-11 21:20:04,16586710
423731,85225,Frozen,"Frozen Pizza, Pasta, & Breads",Shop all,"Frozen/Frozen Pizza, Pasta, & Breads",10294974,https://www.walmart.com/ip/Buitoni-Mixed-Cheese-Tortellini-Refrigerated-Pasta-20-oz-Family-Size-Package/10294974?fulfillmentIntent=Pickup,"Buitoni Mixed Cheese Tortellini, Refrigerated Pasta, 20 oz Family Size Package",Buitoni,7.58,7.58,20,,2022-09-11 21:20:04,16587535
423827,85225,Frozen,"Frozen Pizza, Pasta, & Breads",Shop all,"Frozen/Frozen Pizza, Pasta, & Breads",10294978,https://www.walmart.com/ip/Buitoni-Four-Cheese-Ravioli-Refrigerated-Pasta-20-oz-Family-Size-Package/10294978?fulfillmentIntent=Pickup,"Buitoni Four Cheese Ravioli, Refrigerated Pasta, 20 oz Family Size Package",Buitoni,7.58,7.58,20,,2022-09-11 21:20:04,16587631
423978,90650,Frozen,"Frozen Pizza, Pasta, & Breads",Shop all,"Frozen/Frozen Pizza, Pasta, & Breads",10804907,https://www.walmart.com/ip/Celeste-Deluxe-Microwavable-Frozen-Pizza-5-9-oz/10804907?fulfillmentIntent=Pickup,"Celeste Deluxe Microwavable Frozen Pizza, 5.9 oz.",Celeste,1.22,1.22,5.9,,2022-09-11 21:20:04,16587782
424087,85225,Frozen,"Frozen Pizza, Pasta, & Breads",Shop all,"Frozen/Frozen Pizza, Pasta, & Breads",576812900,https://www.walmart.com/ip/Canyon-Bakehouse-Cb-Gf-Heritage-Style-24z-Whole-Grain/576812900?fulfillmentIntent=Pickup,Canyon Bakehouse Cb Gf Heritage Style 24z Whole Grain,Canyon Bakehouse,7.94,7.94,,,2022-09-11 21:20:04,16587891
424089,85225,Frozen,"Frozen Pizza, Pasta, & Breads",Shop all,"Frozen/Frozen Pizza, Pasta, & Breads",571613766,https://www.walmart.com/ip/WisePies-Pizza-Hatch-Green-Chile-Four-Cheese-Pizza/571613766?fulfillmentIntent=Pickup,WisePies Pizza - Hatch Green Chile Four Cheese Pizza,WisePies,5.97,5.97,,,2022-09-11 21:20:04,16587893
424093,85225,Frozen,"Frozen Pizza, Pasta, & Breads",Shop all,"Frozen/Frozen Pizza, Pasta, & Breads",365991584,https://www.walmart.com/ip/URBAN-PIE-ROSA-PEPPERONI-NATURAL/365991584?fulfillmentIntent=Pickup,URBAN PIE ROSA PEPPERONI NATURAL,Urban Pie,8.98,8.98,,,2022-09-11 21:20:04,16587897
424095,85225,Frozen,"Frozen Pizza, Pasta, & Breads",Shop all,"Frozen/Frozen Pizza, Pasta, & Breads",51593860,https://www.walmart.com/ip/Urban-Pie-Thin-Artisan-Crust-Pesto-amp-Mozzarella-Frozen-Pizza-16-9-oz/51593860?fulfillmentIntent=Pickup,Urban Pie Thin Artisan Crust Pesto & Mozzarella Frozen Pizza 16.9 oz,Urban Pie,8.98,8.98,16.9,,2022-09-11 21:20:04,16587899
424096,85225,Frozen,"Frozen Pizza, Pasta, & Breads",Shop all,"Frozen/Frozen Pizza, Pasta, & Breads",804913824,https://www.walmart.com/ip/Michael-Angelo-s-Single-Serve-Chicken-Alfredo-with-Broccoli-9oz/804913824?fulfillmentIntent=Pickup,Michael Angelo's Single Serve Chicken Alfredo with Broccoli 9oz,Michael Angelo's,3.27,3.27,9,,2022-09-11 21:20:04,16587900
424099,85225,Frozen,"Frozen Pizza, Pasta, & Breads",Shop all,"Frozen/Frozen Pizza, Pasta, & Breads",832934395,https://www.walmart.com/ip/WisePies-Pizza-Uncured-Pepperoni-Classico-Pizza/832934395?fulfillmentIntent=Pickup,WisePies Pizza - Uncured Pepperoni Classico Pizza,WisePies,5.97,5.97,,,2022-09-11 21:20:04,16587903
431397,85225,Frozen,Frozen Meals & Snacks,Shop all,Frozen/Frozen Meals & Snacks,918550418,https://www.walmart.com/ip/John-Soules-Foods-Lightly-Breaded-Southern-Style-Chicken-24-oz-Bag/918550418?fulfillmentIntent=Pickup,John Soules Foods Lightly Breaded Southern Style Chicken 24 oz. Bag,John Soules Foods,10.98,10.98,24,,2022-09-11 21:20:04,16595201
431850,85225,Frozen,Frozen Meals & Snacks,Shop all,Frozen/Frozen Meals & Snacks,225023837,https://www.walmart.com/ip/Amy-s-Frozen-Bowls-Mac-3-Cheese-with-Cauliflower-Gluten-Free-8-25-oz/225023837?fulfillmentIntent=Pickup,"Amy's Frozen Bowls, Mac & 3 Cheese with Cauliflower, Gluten Free, 8.25 oz.",Amy's Kitchen,5.97,5.97,8.25,,2022-09-11 21:20:04,16595654
431853,85225,Frozen,Frozen Meals & Snacks,Shop all,Frozen/Frozen Meals & Snacks,663268622,https://www.walmart.com/ip/Tai-Pei-Sesame-Chicken-Potstickers-Bites-4-units-24-ounces/663268622?fulfillmentIntent=Pickup,Tai Pei Sesame Chicken Potstickers Bites 4 units 24 ounces,Tai Pei,6.48,6.48,24,,2022-09-11 21:20:04,16595657
431860,85225,Frozen,Frozen Meals & Snacks,Shop all,Frozen/Frozen Meals & Snacks,308360842,https://www.walmart.com/ip/Atkins-Cheesy-Chicken-Risotto-9-Oz-Frozen/308360842?fulfillmentIntent=Pickup,Atkins Cheesy Chicken Risotto 9 Oz. (Frozen),Atkins,3.48,3.48,9,,2022-09-11 21:20:04,16595664
431866,85225,Frozen,Frozen Meals & Snacks,Shop all,Frozen/Frozen Meals & Snacks,224258064,https://www.walmart.com/ip/ATKINS-PESTO-CHICKEN-ZUCCHINI-NOODLE-BOWL/224258064?fulfillmentIntent=Pickup,ATKINS PESTO CHICKEN ZUCCHINI NOODLE BOWL,Atkins,3.88,3.88,,,2022-09-11 21:20:04,16595670
431876,85225,Frozen,Frozen Meals & Snacks,Shop all,Frozen/Frozen Meals & Snacks,260937159,https://www.walmart.com/ip/ATKINS-BACON-CHEDDAR-CAULIFLOWER-BAKE/260937159?fulfillmentIntent=Pickup,ATKINS BACON CHEDDAR CAULIFLOWER BAKE,Atkins,3.88,3.88,,,2022-09-11 21:20:04,16595680
431877,85225,Frozen,Frozen Meals & Snacks,Shop all,Frozen/Frozen Meals & Snacks,158126214,https://www.walmart.com/ip/Tai-Pei-Chicken-Potstickers-Bites-4-units-24-ounces/158126214?fulfillmentIntent=Pickup,Tai Pei Chicken Potstickers Bites 4 units 24 ounces,Tai Pei,6.48,6.48,24,,2022-09-11 21:20:04,16595681
431882,85225,Frozen,Frozen Meals & Snacks,Shop all,Frozen/Frozen Meals & Snacks,583979713,https://www.walmart.com/ip/Authentic-Asia-Shrimp-Wonton-Soup-with-Noodles-9-1-Oz-Frozen/583979713?fulfillmentIntent=Pickup&athbdg=L1600,Authentic Asia Shrimp Wonton Soup with Noodles 9.1 Oz. (Frozen),Authentic Asia,2.98,2.98,9.1,,2022-09-11 21:20:04,16595686
431885,85225,Frozen,Frozen Meals & Snacks,Shop all,Frozen/Frozen Meals & Snacks,887775819,https://www.walmart.com/ip/Authentic-Asia-Shrimp-Wonton-Dim-Sum-Tray/887775819?fulfillmentIntent=Pickup,Authentic Asia Shrimp Wonton Dim Sum Tray,Authentic Asia,5.98,5.98,,,2022-09-11 21:20:04,16595689
431924,85225,Frozen,Frozen Meals & Snacks,Shop all,Frozen/Frozen Meals & Snacks,177096092,https://www.walmart.com/ip/Authentic-Asia-Shrimp-Wonton-Soup-5-1-Oz-Frozen/177096092?fulfillmentIntent=Pickup,Authentic Asia Shrimp Wonton Soup 5.1 Oz. (Frozen),Authentic Asia,3.32,3.32,5.1,,2022-09-11 21:20:04,16595728
434303,70072,Frozen,Frozen Breakfast,Shop all,Frozen/Frozen Breakfast,420268364,https://www.walmart.com/ip/Belgian-Boys-Light-and-Fluffy-Bite-Sized-Pancakes-36-Count/420268364?fulfillmentIntent=Pickup,"Belgian Boys Light and Fluffy Bite-Sized Pancakes, 36 Count",Belgian Boys,5.48,5.48,,,2022-09-11 21:20:04,16598107
434395,70072,Frozen,Frozen Breakfast,Shop all,Frozen/Frozen Breakfast,49699024,https://www.walmart.com/ip/Mary-B-s-Butter-Taste-Biscuits-30-ct-Family-Pack/49699024?fulfillmentIntent=Pickup,Mary B's Butter Taste Biscuits 30-ct Family Pack,Mary B's,6.93,6.93,,,2022-09-11 21:20:04,16598199
434422,70072,Frozen,Frozen Breakfast,Shop all,Frozen/Frozen Breakfast,409756907,https://www.walmart.com/ip/Kodiak-Cakes-Gluten-Free-Whole-Grain-Protein-Waffles-9oz-6-CT-Box-Frozen/409756907?fulfillmentIntent=Pickup,"Kodiak Cakes Gluten Free & Whole Grain Protein Waffles, 9oz, 6 CT Box (Frozen)",Kodiak Cakes,6.68,6.68,9,,2022-09-11 21:20:04,16598226
434424,70072,Frozen,Frozen Breakfast,Shop all,Frozen/Frozen Breakfast,146629308,https://www.walmart.com/ip/Applegate-Natural-Chicken-Sage-Breakfast-Sausage-7oz-10-CT-Box-Frozen/146629308?fulfillmentIntent=Pickup,"Applegate Natural Chicken & Sage Breakfast Sausage, 7oz, 10 CT Box (Frozen)",Applegate,4.18,4.18,7,,2022-09-11 21:20:04,16598228
435062,75052,Frozen,"Frozen Pizza, Pasta, & Breads",Shop all,"Frozen/Frozen Pizza, Pasta, & Breads",188503811,https://www.walmart.com/ip/Brazi-Bites-Cheddar-Parmesan-Brazilian-Cheese-Bread-18-count-11-5-oz/188503811?fulfillmentIntent=Pickup,"Brazi Bites Cheddar & Parmesan Brazilian Cheese Bread, 18 count, 11.5 oz",Brazi Bites,4.97,4.97,11.5,,2022-09-11 21:20:04,16598866
435086,75052,Frozen,"Frozen Pizza, Pasta, & Breads",Shop all,"Frozen/Frozen Pizza, Pasta, & Breads",509772507,https://www.walmart.com/ip/Lean-Cuisine-Cauli-Bowls-Creamy-Mac-and-Cheese-Frozen-Meal-10-oz/509772507?fulfillmentIntent=Pickup,Lean Cuisine Cauli' Bowls Creamy Mac and Cheese Frozen Meal 10 oz.,Lean Cuisine,3.94,3.94,10,,2022-09-11 21:20:04,16598890
438333,75052,Frozen,Frozen Breakfast,Shop all,Frozen/Frozen Breakfast,50128119,https://www.walmart.com/ip/Steak-N-Shake-Silver-Dollar-Potato-Hash-Browns-20-oz/50128119?fulfillmentIntent=Pickup,"Steak 'N Shake Silver Dollar Potato Hash Browns, 20 oz",Steak ‘n Shake,3.12,3.12,20,,2022-09-11 21:20:04,16602137
438538,75052,Frozen,Frozen Breakfast,Shop all,Frozen/Frozen Breakfast,609669778,https://www.walmart.com/ip/Eggo-Frozen-Pancakes-Buttermilk-14-8-Oz-Box-Frozen/609669778?fulfillmentIntent=Pickup,"Eggo Frozen Pancakes, Buttermilk, 14.8 Oz, Box, Frozen",Eggo,2.82,2.82,14.8,,2022-09-11 21:20:04,16602342
438829,70072,Frozen,Frozen Meals & Snacks,Shop all,Frozen/Frozen Meals & Snacks,713570649,https://www.walmart.com/ip/Gorton-s-Crunchy-Breaded-Fish-Sticks-51-oz-90-Ct-Frozen/713570649?fulfillmentIntent=Pickup,"Gorton's Crunchy Breaded Fish Sticks, 51 oz, 90 Ct (Frozen)",Gorton's,12.28,12.28,51,,2022-09-11 21:20:04,16602633
438909,70072,Frozen,Frozen Meals & Snacks,Shop all,Frozen/Frozen Meals & Snacks,172989349,https://www.walmart.com/ip/Big-Easy-Foods-Louisiana-Cajun-Style-Red-Beans-Rice-with-Sausage-12oz/172989349?fulfillmentIntent=Pickup,"Big Easy Foods Louisiana Cajun Style Red Beans & Rice with Sausage, 12oz",Big Easy Foods,3.88,3.88,12,,2022-09-11 21:20:04,16602713
438940,70072,Frozen,Frozen Meals & Snacks,Shop all,Frozen/Frozen Meals & Snacks,14313143,https://www.walmart.com/ip/Dumplin-Shoppe-Mary-Hill-Dumplings-12-oz/14313143?fulfillmentIntent=Pickup,"Dumplin Shoppe Mary Hill  Dumplings, 12 oz",Mary Hill,2.98,2.98,12,,2022-09-11 21:20:04,16602744
438993,70072,Frozen,Frozen Meals & Snacks,Shop all,Frozen/Frozen Meals & Snacks,54049491,https://www.walmart.com/ip/Birds-Eye-Steamfresh-Rigatoni-Vegetables-with-Garlic-Sauce-Frozen-11-oz/54049491?fulfillmentIntent=Pickup,"Birds Eye Steamfresh Rigatoni & Vegetables with Garlic Sauce, Frozen, 11 oz",Birdseye,2.36,2.36,11,,2022-09-11 21:20:04,16602797
439001,70072,Frozen,Frozen Meals & Snacks,Shop all,Frozen/Frozen Meals & Snacks,783087334,https://www.walmart.com/ip/Zatarain-s-Frozen-Meal-Cajun-Chicken-Carbonara-20-oz/783087334?fulfillmentIntent=Pickup,"Zatarain's Frozen Meal - Cajun Chicken Carbonara, 20 oz",Zatarain's,7.68,7.68,20,,2022-09-11 21:20:04,16602805
439079,70072,Frozen,Frozen Meals & Snacks,Shop all,Frozen/Frozen Meals & Snacks,10849172,https://www.walmart.com/ip/Zatarain-s-Frozen-Meal-Shrimp-Scampi-10-5-oz/10849172?fulfillmentIntent=Pickup,"Zatarain's Frozen Meal - Shrimp Scampi, 10.5 oz",Zatarain's,3.98,3.98,10.5,,2022-09-11 21:20:04,16602883
439083,70072,Frozen,Frozen Meals & Snacks,Shop all,Frozen/Frozen Meals & Snacks,10849982,https://www.walmart.com/ip/Zatarain-s-Frozen-Meal-Jambalaya-with-Sausage-12-oz/10849982?fulfillmentIntent=Pickup,"Zatarain's Frozen Meal - Jambalaya with Sausage, 12 oz",Zatarain's,3.98,3.98,12,,2022-09-11 21:20:04,16602887
439085,70072,Frozen,Frozen Meals & Snacks,Shop all,Frozen/Frozen Meals & Snacks,32470011,https://www.walmart.com/ip/Zatarain-s-Frozen-Meal-Creamy-Cajun-Pasta-24-oz/32470011?fulfillmentIntent=Pickup,"Zatarain's Frozen Meal - Creamy Cajun Pasta, 24 oz",Zatarain's,7.68,7.68,24,,2022-09-11 21:20:04,16602889
439087,70072,Frozen,Frozen Meals & Snacks,Shop all,Frozen/Frozen Meals & Snacks,760746407,https://www.walmart.com/ip/Happi-Foodi-Keto-Chicken-Alfredo-Bowl-10oz-Box-Frozen/760746407?fulfillmentIntent=Pickup,"Happi Foodi Keto Chicken Alfredo Bowl, 10oz Box (Frozen)",Happi Foodi,5.76,5.76,10,,2022-09-11 21:20:04,16602891
439090,70072,Frozen,Frozen Meals & Snacks,Shop all,Frozen/Frozen Meals & Snacks,420497536,https://www.walmart.com/ip/Zatarain-s-Frozen-Meal-Shrimp-Scampi-20-oz/420497536?fulfillmentIntent=Pickup,"Zatarain's Frozen Meal - Shrimp Scampi, 20 oz",Zatarain's,7.68,7.68,20,,2022-09-11 21:20:04,16602894
439101,70072,Frozen,Frozen Meals & Snacks,Shop all,Frozen/Frozen Meals & Snacks,187829663,https://www.walmart.com/ip/Savannah-Food-Savannah-Classics-Hushpuppies-16-oz/187829663?fulfillmentIntent=Pickup,"Savannah Food Savannah Classics  Hushpuppies, 16 oz",SAVANNAH CLASSICS,2.77,2.77,16,,2022-09-11 21:20:04,16602905
439103,70072,Frozen,Frozen Meals & Snacks,Shop all,Frozen/Frozen Meals & Snacks,21128242,https://www.walmart.com/ip/Richard-s-Cajun-Favorites-Crawfish-Fettuccine-11-oz-Frozen/21128242?fulfillmentIntent=Pickup,"Richard's Cajun Favorites Crawfish Fettuccine, 11 oz (Frozen)",Richard's Cajun Foods,4.12,4.12,11,,2022-09-11 21:20:04,16602907
439107,70072,Frozen,Frozen Meals & Snacks,Shop all,Frozen/Frozen Meals & Snacks,34238553,https://www.walmart.com/ip/Pecos-Valley-Farms-Battered-Sweet-Corn-Nuggets-Frozen-26-oz/34238553?fulfillmentIntent=Pickup,"Pecos Valley Farms Battered Sweet Corn Nuggets, Frozen, 26 oz",Pecos Valley Farms,4.84,4.84,26,,2022-09-11 21:20:04,16602911
439237,70072,Frozen,Frozen Meals & Snacks,Shop all,Frozen/Frozen Meals & Snacks,596785849,https://www.walmart.com/ip/Head-Country-Applewood-BBQ-Bites-1-5-lb/596785849?fulfillmentIntent=Pickup,"Head Country Applewood BBQ Bites, 1.5 lb",Head Country,7.64,7.64,1.5,,2022-09-11 21:20:04,16603041
439239,70072,Frozen,Frozen Meals & Snacks,Shop all,Frozen/Frozen Meals & Snacks,301951083,https://www.walmart.com/ip/Big-Easy-Foods-Breaded-Boudin-Balls/301951083?fulfillmentIntent=Pickup,Big Easy Foods Breaded Boudin Balls,Big Easy Foods,7.58,7.58,,,2022-09-11 21:20:04,16603043
439240,70072,Frozen,Frozen Meals & Snacks,Shop all,Frozen/Frozen Meals & Snacks,181369312,https://www.walmart.com/ip/Head-Country-Bourbon-BBQ-Bites-1-5-lb/181369312?fulfillmentIntent=Pickup,"Head Country Bourbon BBQ Bites, 1.5 lb",Head Country,7.64,7.64,1.5,,2022-09-11 21:20:04,16603044
439242,70072,Frozen,Frozen Meals & Snacks,Shop all,Frozen/Frozen Meals & Snacks,21128240,https://www.walmart.com/ip/Richard-s-Cajun-Favorites-Seafood-Gumbo-32-oz-Frozen/21128240?fulfillmentIntent=Pickup,"Richard's Cajun Favorites Seafood Gumbo, 32 oz (Frozen)",Richard's,10.38,10.38,32,,2022-09-11 21:20:04,16603046
439768,45011,Frozen,Frozen Breakfast,Shop all,Frozen/Frozen Breakfast,46707059,https://www.walmart.com/ip/Odom-s-Tennessee-Pride-Snack-Size-Sausage-Biscuits-19-2-oz-12-Ct-Frozen/46707059?fulfillmentIntent=Pickup,"Odom's Tennessee Pride Snack Size Sausage & Biscuits, 19.2 oz, 12 Ct (Frozen)",Tennessee Pride,6.22,6.22,19.2,,2022-09-11 21:20:04,16603572
439927,45011,Frozen,Frozen Breakfast,Shop all,Frozen/Frozen Breakfast,45727026,https://www.walmart.com/ip/Great-Value-Chocolate-Chip-Waffles-29-6-Oz-24-Ct-Frozen/45727026?fulfillmentIntent=Pickup,"Great Value Chocolate Chip Waffles, 29.6 Oz, 24 Ct (Frozen)",Great Value,3.82,3.82,29.6,,2022-09-11 21:20:04,16603731
443485,75052,Frozen,Frozen Meals & Snacks,Shop all,Frozen/Frozen Meals & Snacks,714199505,https://www.walmart.com/ip/2-Pack-Del-Monte-Rosemary-Garlic-Frozen-Pocket-Pies-8-oz/714199505?fulfillmentIntent=Pickup,"(2 Pack) Del Monte Rosemary Garlic Frozen Pocket Pies, 8 oz",Del Monte,3.14,3.14,8,,2022-09-11 21:20:04,16607289
443487,75052,Frozen,Frozen Meals & Snacks,Shop all,Frozen/Frozen Meals & Snacks,590136549,https://www.walmart.com/ip/Night-Hawk-Charbroiled-Bites-n-Taters-5-45-oz/590136549?fulfillmentIntent=Pickup,"Night Hawk Charbroiled Bites 'n Taters, 5.45 oz",Night Hawk,3.48,3.48,5.45,,2022-09-11 21:20:04,16607291
443492,75052,Frozen,Frozen Meals & Snacks,Shop all,Frozen/Frozen Meals & Snacks,722223888,https://www.walmart.com/ip/Brazi-Bites-Cheese-Uncured-Pepperoni-Pizza-nadas-1-count-10-oz/722223888?fulfillmentIntent=Pickup,"Brazi Bites Cheese & Uncured Pepperoni Pizza'nadas, 1 count, 10 oz",Brazi Bites,4.97,4.97,10,,2022-09-11 21:20:04,16607296
444113,70072,Frozen,"Frozen Pizza, Pasta, & Breads",Shop all,"Frozen/Frozen Pizza, Pasta, & Breads",10898753,https://www.walmart.com/ip/Sam-s-Choice-Stuffed-Crust-Seven-Cheese-Pizza-33-6-oz/10898753?fulfillmentIntent=Pickup,"Sam's Choice Stuffed Crust Seven Cheese Pizza, 33.6 oz",Sam's Choice,6.98,6.98,33.6,,2022-09-11 21:20:04,16607917
444159,45011,Frozen,Frozen Meals & Snacks,Shop all,Frozen/Frozen Meals & Snacks,996146156,https://www.walmart.com/ip/Tai-Pei-Orange-Chicken-Frozen-Asian-Entr-e-11-oz/996146156?fulfillmentIntent=Pickup,Tai Pei Orange Chicken Frozen Asian Entre 11 oz,Tai Pei,2.98,2.98,11,,2022-09-11 21:20:04,16607963
444164,45011,Frozen,Frozen Meals & Snacks,Shop all,Frozen/Frozen Meals & Snacks,10805262,https://www.walmart.com/ip/Skyline-Chili-2-Way-Chili-Spaghetti-13-oz-Box/10805262?fulfillmentIntent=Pickup,Skyline Chili 2-Way Chili & Spaghetti 13 oz Box,Skyline Chili,5.27,5.27,13,,2022-09-11 21:20:04,16607968
444253,45011,Frozen,Frozen Meals & Snacks,Shop all,Frozen/Frozen Meals & Snacks,710341548,https://www.walmart.com/ip/PERDUE-SIMPLY-SMART-ORGANICS-Whole-Grain-Chicken-Breast-Tenders-29-oz/710341548?fulfillmentIntent=Pickup,"PERDUE SIMPLY SMART ORGANICS Whole Grain Chicken Breast Tenders, 29 oz",Perdue Simply Smart Organics,10.28,10.28,29,,2022-09-11 21:20:04,16608057
444277,45011,Frozen,Frozen Meals & Snacks,Shop all,Frozen/Frozen Meals & Snacks,198000911,https://www.walmart.com/ip/Gold-Star-Chili-Spaghetti-10-5-oz/198000911?fulfillmentIntent=Pickup,"Gold Star Chili & Spaghetti, 10.5 oz",Gold Star,4.42,4.42,10.5,,2022-09-11 21:20:04,16608081
444346,45011,Frozen,Frozen Meals & Snacks,Shop all,Frozen/Frozen Meals & Snacks,750884770,https://www.walmart.com/ip/Tattooed-Chef-Plant-Based-Egg-Roll-Bowl-8-5-oz/750884770?fulfillmentIntent=Pickup,"Tattooed Chef Plant Based Egg Roll Bowl, 8.5 oz",Tattooed Chef,3.6,3.6,8.5,,2022-09-11 21:20:04,16608150
444348,45011,Frozen,Frozen Meals & Snacks,Shop all,Frozen/Frozen Meals & Snacks,775555010,https://www.walmart.com/ip/Green-Giant-Veggie-Rings-Cauliflower-Three-Cheese-with-Bacon-Rings-12-oz-Bag/775555010?fulfillmentIntent=Pickup,Green Giant Veggie Rings Cauliflower Three Cheese with Bacon Rings 12 oz. Bag,Green Giant,4.12,4.12,12,,2022-09-11 21:20:04,16608152
444349,45011,Frozen,Frozen Meals & Snacks,Shop all,Frozen/Frozen Meals & Snacks,980372486,https://www.walmart.com/ip/Tattooed-Chef-Enchilada-Bowl-Vegetarian-15-g-Protein-10-oz/980372486?fulfillmentIntent=Pickup,"Tattooed Chef Enchilada Bowl, Vegetarian, 15 g Protein, 10 oz",Tattooed Chef,4.16,4.16,10,,2022-09-11 21:20:04,16608153
456143,45011,Frozen,"Frozen Pizza, Pasta, & Breads",Shop all,"Frozen/Frozen Pizza, Pasta, & Breads",399416786,https://www.walmart.com/ip/Home-Run-Inn-Sausage-Fire-Roasted-Vegetables-Uncured-Pepperoni-Pizza-33-5-oz/399416786?fulfillmentIntent=Pickup,"Home Run Inn Sausage, Fire Roasted Vegetables & Uncured Pepperoni Pizza, 33.5 oz",Home Run Inn,7.33,7.33,33.5,,2022-09-11 21:20:04,16619947
458343,33012,Frozen,Frozen Breakfast,Shop all,Frozen/Frozen Breakfast,48009352,https://www.walmart.com/ip/Goya-Goya-Beef-Potato-Puffs-4-ea/48009352?fulfillmentIntent=Pickup,"Goya Goya  Beef Potato Puffs, 4 ea",GOYA,6.92,6.92,,,2022-09-11 21:20:04,16622147
461506,33012,Frozen,Frozen Meals & Snacks,Shop all,Frozen/Frozen Meals & Snacks,20612064,https://www.walmart.com/ip/El-Sembrador-Tequenos-10oz/20612064?fulfillmentIntent=Pickup,El Sembrador Tequenos 10oz,El Sembrador,3.44,3.44,10,,2022-09-11 21:20:04,16625310
461510,33012,Frozen,Frozen Meals & Snacks,Shop all,Frozen/Frozen Meals & Snacks,20612065,https://www.walmart.com/ip/El-Sembrador-Sweet-Plantains-11-oz/20612065?fulfillmentIntent=Pickup,"El Sembrador Sweet Plantains, 11 oz",El Sembrador,1.68,1.68,11,,2022-09-11 21:20:04,16625314
461512,33012,Frozen,Frozen Meals & Snacks,Shop all,Frozen/Frozen Meals & Snacks,20613758,https://www.walmart.com/ip/El-Sembrador-Cheese-Bread-Rolls-6ct/20613758?fulfillmentIntent=Pickup,"El Sembrador Cheese Bread Rolls, 6ct",El Sembrador,4.98,4.98,6,,2022-09-11 21:20:04,16625316
461513,33012,Frozen,Frozen Meals & Snacks,Shop all,Frozen/Frozen Meals & Snacks,100928819,https://www.walmart.com/ip/Kikuet-Pizza-Empanadillas-5-3-16-empanadas/100928819?fulfillmentIntent=Pickup,"Kikuet Pizza Empanadillas, 5 - 3.16 empanadas",Kikuet,4.78,4.78,,,2022-09-11 21:20:04,16625317
461514,33012,Frozen,Frozen Meals & Snacks,Shop all,Frozen/Frozen Meals & Snacks,514073080,https://www.walmart.com/ip/La-Fe-Grace-Curry-Chicken-Patty/514073080?fulfillmentIntent=Pickup,La Fe Grace Curry Chicken Patty,La Fe,3.78,3.78,,,2022-09-11 21:20:04,16625318
461517,33012,Frozen,Frozen Meals & Snacks,Shop all,Frozen/Frozen Meals & Snacks,21128472,https://www.walmart.com/ip/L-J-General-International-El-Sembrador-Ham-Croquettes-8-ea/21128472?fulfillmentIntent=Pickup,"L & J General International El Sembrador  Ham Croquettes, 8 ea",El Sembrador,2.12,2.12,,,2022-09-11 21:20:04,16625321
461520,33012,Frozen,Frozen Meals & Snacks,Shop all,Frozen/Frozen Meals & Snacks,42862843,https://www.walmart.com/ip/Goya-Chicken-Empanadas-4-ct-10-oz/42862843?fulfillmentIntent=Pickup,"Goya Chicken Empanadas, 4 ct, 10 oz.",GOYA,5.28,5.28,10,,2022-09-11 21:20:04,16625324
461521,33012,Frozen,Frozen Meals & Snacks,Shop all,Frozen/Frozen Meals & Snacks,21128423,https://www.walmart.com/ip/Catalina-Finer-Food-Catalina-Croquettes-40-ea/21128423?fulfillmentIntent=Pickup,"Catalina Finer Food Catalina  Croquettes, 40 ea",Catalina,7.48,7.48,,,2022-09-11 21:20:04,16625325
461522,33012,Frozen,Frozen Meals & Snacks,Shop all,Frozen/Frozen Meals & Snacks,46212495,https://www.walmart.com/ip/Goya-Fried-Plantain-Cups-12-oz-12-count/46212495?fulfillmentIntent=Pickup,"Goya Fried Plantain Cups, 12 oz, 12 count",GOYA,3.38,3.38,12,,2022-09-11 21:20:04,16625326
461523,33012,Frozen,Frozen Meals & Snacks,Shop all,Frozen/Frozen Meals & Snacks,45980562,https://www.walmart.com/ip/Catalina-Finer-Food-Catalina-Croquettes-8-ea/45980562?fulfillmentIntent=Pickup,"Catalina Finer Food Catalina  Croquettes, 8 ea",Catalina,2.12,2.12,,,2022-09-11 21:20:04,16625327
461524,33012,Frozen,Frozen Meals & Snacks,Shop all,Frozen/Frozen Meals & Snacks,132006966,https://www.walmart.com/ip/Kikuet-Chicken-Empandillas-5-3-16-Empanadas/132006966?fulfillmentIntent=Pickup,"Kikuet Chicken Empandillas, 5 - 3.16 Empanadas",Kikuet,5.24,5.24,,,2022-09-11 21:20:04,16625328
461525,33012,Frozen,Frozen Meals & Snacks,Shop all,Frozen/Frozen Meals & Snacks,48273904,https://www.walmart.com/ip/Goya-Goya-Pastry-Snack-14-11-oz/48273904?fulfillmentIntent=Pickup,"Goya Goya  Pastry Snack, 14.11 oz",GOYA,3.52,3.52,14.11,,2022-09-11 21:20:04,16625329
461526,33012,Frozen,Frozen Meals & Snacks,Shop all,Frozen/Frozen Meals & Snacks,189094353,https://www.walmart.com/ip/Kikuet-Taco-Hotdog-5ct/189094353?fulfillmentIntent=Pickup,Kikuet Taco Hotdog 5ct,Kikuet,3.74,3.74,5,,2022-09-11 21:20:04,16625330
461527,33012,Frozen,Frozen Meals & Snacks,Shop all,Frozen/Frozen Meals & Snacks,38519671,https://www.walmart.com/ip/El-Sembrador-Ham-Croquettes-40-count-47-oz/38519671?fulfillmentIntent=Pickup,"El Sembrador Ham Croquettes, 40 count, 47 oz",El Sembrador,7.58,7.58,47,,2022-09-11 21:20:04,16625331
461528,33012,Frozen,Frozen Meals & Snacks,Shop all,Frozen/Frozen Meals & Snacks,21128420,https://www.walmart.com/ip/Catalina-Finer-Food-Catalina-Croquettes-15-ea/21128420?fulfillmentIntent=Pickup,"Catalina Finer Food Catalina  Croquettes, 15 ea",Catalina,2.14,2.14,,,2022-09-11 21:20:04,16625332
461529,33012,Frozen,Frozen Meals & Snacks,Shop all,Frozen/Frozen Meals & Snacks,160333044,https://www.walmart.com/ip/Kikuet-Taco-Chicken-5ct/160333044?fulfillmentIntent=Pickup,Kikuet Taco Chicken 5ct,Kikuet,3.74,3.74,5,,2022-09-11 21:20:04,16625333
461530,33012,Frozen,Frozen Meals & Snacks,Shop all,Frozen/Frozen Meals & Snacks,104753198,https://www.walmart.com/ip/Goya-GOYA-Tamales-16-oz/104753198?fulfillmentIntent=Pickup,"Goya GOYA  Tamales, 16 oz",GOYA,4.12,4.12,16,,2022-09-11 21:20:04,16625334
461531,33012,Frozen,Frozen Meals & Snacks,Shop all,Frozen/Frozen Meals & Snacks,20612052,https://www.walmart.com/ip/Catalina-Finer-Food-Catalina-Croquettes-8-ea/20612052?fulfillmentIntent=Pickup,"Catalina Finer Food Catalina  Croquettes, 8 ea",Catalina,2.26,2.26,,,2022-09-11 21:20:04,16625335
461532,33012,Frozen,Frozen Meals & Snacks,Shop all,Frozen/Frozen Meals & Snacks,38519672,https://www.walmart.com/ip/El-Sembrador-Chicken-Croquettes-40-count-47-oz/38519672?fulfillmentIntent=Pickup,"El Sembrador Chicken Croquettes, 40 count, 47 oz",El Sembrador,7.08,7.08,47,,2022-09-11 21:20:04,16625336
461533,33012,Frozen,Frozen Meals & Snacks,Shop all,Frozen/Frozen Meals & Snacks,21128421,https://www.walmart.com/ip/Catalina-Finer-Food-Catalina-Croquettes-8-ea/21128421?fulfillmentIntent=Pickup,"Catalina Finer Food Catalina Croquettes, 8 ea",Catalina,2.12,2.12,,,2022-09-11 21:20:04,16625337
461534,33012,Frozen,Frozen Meals & Snacks,Shop all,Frozen/Frozen Meals & Snacks,20612068,https://www.walmart.com/ip/El-Sembrador-Corn-Patties-with-Cheese-2-ct/20612068?fulfillmentIntent=Pickup,"El Sembrador Corn Patties with Cheese, 2 ct.",El Sembrador,3.38,3.38,2,,2022-09-11 21:20:04,16625338
461535,33012,Frozen,Frozen Meals & Snacks,Shop all,Frozen/Frozen Meals & Snacks,38587637,https://www.walmart.com/ip/El-Sembrador-Sweet-Corn-Tamal-6-ct-30-oz/38587637?fulfillmentIntent=Pickup,"El Sembrador Sweet Corn Tamal, 6 ct, 30 oz.",El Sembrador,3.98,3.98,30,,2022-09-11 21:20:04,16625339
461536,33012,Frozen,Frozen Meals & Snacks,Shop all,Frozen/Frozen Meals & Snacks,155823034,https://www.walmart.com/ip/Goya-Corn-Patties-with-Cheese-2-ct-11-2-oz/155823034?fulfillmentIntent=Pickup,"Goya Corn Patties with Cheese, 2 ct, 11.2 oz",GOYA,6.68,6.68,11.2,,2022-09-11 21:20:04,16625340
461538,33012,Frozen,Frozen Meals & Snacks,Shop all,Frozen/Frozen Meals & Snacks,21128471,https://www.walmart.com/ip/El-Sembrador-Cuban-Style-Tamales-4ct/21128471?fulfillmentIntent=Pickup,"El Sembrador Cuban Style Tamales, 4ct",El Sembrador,2.08,2.08,4,,2022-09-11 21:20:04,16625342
463788,48180,Frozen,Frozen Meals & Snacks,Shop all,Frozen/Frozen Meals & Snacks,712316953,https://www.walmart.com/ip/InnovAsian-Crispy-Chicken-with-Almonds-18-5-oz-Frozen/712316953?fulfillmentIntent=Pickup,"InnovAsian Crispy Chicken with Almonds, 18.5 oz (Frozen)",InnovAsian Cuisine,6.98,6.98,18.5,,2022-09-11 21:20:04,16627592
463789,48180,Frozen,Frozen Meals & Snacks,Shop all,Frozen/Frozen Meals & Snacks,989292676,https://www.walmart.com/ip/Homebake-425-30-Parmesan-Crusted-Potato-Medley-Side-Dish-15-5-oz-Box-Frozen/989292676?fulfillmentIntent=Pickup,"Homebake 425/:30 Parmesan Crusted Potato Medley Side Dish, 15.5 oz Box (Frozen)",Home Bake,5.57,5.57,15.5,,2022-09-11 21:20:04,16627593
463791,48180,Frozen,Frozen Meals & Snacks,Shop all,Frozen/Frozen Meals & Snacks,708606307,https://www.walmart.com/ip/InnovAsian-Spicy-Orange-Shrimp-12-oz-Frozen/708606307?fulfillmentIntent=Pickup,"InnovAsian Spicy Orange Shrimp, 12 oz (Frozen)",InnovAsian Cuisine,6.98,6.98,12,,2022-09-11 21:20:04,16627595
463792,48180,Frozen,Frozen Meals & Snacks,Shop all,Frozen/Frozen Meals & Snacks,550925069,https://www.walmart.com/ip/Homebake-425-30-Cheesy-Broccoli-Veggie-Dish-19-4-oz-Box-Frozen/550925069?fulfillmentIntent=Pickup,"Homebake 425/:30 Cheesy Broccoli Veggie Dish, 19.4 oz Box (Frozen)",Home Bake,5.57,5.57,19.4,,2022-09-11 21:20:04,16627596
463793,48180,Frozen,Frozen Meals & Snacks,Shop all,Frozen/Frozen Meals & Snacks,764709516,https://www.walmart.com/ip/Homebake-425-30-Chicken-Parmesan-Frozen-Meal-19-8-oz-Box/764709516?fulfillmentIntent=Pickup,"Homebake 425/:30 Chicken Parmesan Frozen Meal, 19.8 oz Box",Home Bake,10.87,10.87,19.8,,2022-09-11 21:20:04,16627597
463797,48180,Frozen,Frozen Meals & Snacks,Shop all,Frozen/Frozen Meals & Snacks,930249425,https://www.walmart.com/ip/Homebake-425-30-Green-Bean-Casserole-Veggie-Dish-15-5-oz-Box-Frozen/930249425?fulfillmentIntent=Pickup,"Homebake 425/:30 Green Bean Casserole Veggie Dish, 15.5 oz Box (Frozen)",Home Bake,5.57,5.57,15.5,,2022-09-11 21:20:04,16627601
463841,48180,Frozen,Frozen Meals & Snacks,Shop all,Frozen/Frozen Meals & Snacks,417390556,https://www.walmart.com/ip/Homebake-425-30-Homestyle-Mac-Cheese-Side-Dish-22-2-oz-Box-Frozen/417390556?fulfillmentIntent=Pickup,"Homebake 425/:30 Homestyle Mac & Cheese Side Dish, 22.2 oz Box (Frozen)",Home Bake,5.57,5.57,22.2,,2022-09-11 21:20:04,16627645
463842,48180,Frozen,Frozen Meals & Snacks,Shop all,Frozen/Frozen Meals & Snacks,379122714,https://www.walmart.com/ip/Homebake-425-30-Italian-Style-Meatballs-in-Marinara-Sauce-Main-Dish-22-2-oz-Box-Frozen/379122714?fulfillmentIntent=Pickup,"Homebake 425/:30 Italian Style Meatballs in Marinara Sauce Main Dish, 22.2 oz Box (Frozen)",Home Bake,10.87,10.87,22.2,,2022-09-11 21:20:04,16627646
463843,48180,Frozen,Frozen Meals & Snacks,Shop all,Frozen/Frozen Meals & Snacks,190322445,https://www.walmart.com/ip/Homebake-425-30-Pulled-Pork-with-BBQ-Sauce-Main-Dish-22-2-oz-Box-Frozen/190322445?fulfillmentIntent=Pickup,"Homebake 425/:30 Pulled Pork with BBQ Sauce Main Dish, 22.2 oz Box (Frozen)",Home Bake,10.87,10.87,22.2,,2022-09-11 21:20:04,16627647
466815,33012,Frozen,"Frozen Pizza, Pasta, & Breads",Shop all,"Frozen/Frozen Pizza, Pasta, & Breads",10804909,https://www.walmart.com/ip/Celeste-Cheese-Microwave-Thin-Crust-Frozen-Pizza-5-08-oz/10804909?fulfillmentIntent=Pickup,"Celeste Cheese Microwave Thin Crust Frozen Pizza, 5.08 oz",Celeste,1.22,1.22,5.08,,2022-09-11 21:20:04,16630619
466940,33012,Frozen,"Frozen Pizza, Pasta, & Breads",Shop all,"Frozen/Frozen Pizza, Pasta, & Breads",21686095,https://www.walmart.com/ip/El-Sembrador-Dough-for-Pastries-13-oz/21686095?fulfillmentIntent=Pickup,"El Sembrador Dough for Pastries, 13 oz",El Sembrador,1.34,1.34,13,,2022-09-11 21:20:04,16630744
466999,33012,Frozen,"Frozen Pizza, Pasta, & Breads",Shop all,"Frozen/Frozen Pizza, Pasta, & Breads",157469153,https://www.walmart.com/ip/CAULIPOWER-Easy-Cheesy-Cheese-Lovers-Pizza-11-1-oz/157469153?fulfillmentIntent=Pickup,"CAULIPOWER Easy Cheesy Cheese Lovers Pizza, 11.1 oz",CAULIPOWER,6.18,6.18,11.1,,2022-09-11 21:20:04,16630803
467000,33012,Frozen,"Frozen Pizza, Pasta, & Breads",Shop all,"Frozen/Frozen Pizza, Pasta, & Breads",21686096,https://www.walmart.com/ip/El-Sembrador-Dough-for-Pastries-20-oz/21686096?fulfillmentIntent=Pickup,"El Sembrador Dough for Pastries, 20 oz",El Sembrador,1.8,1.8,20,,2022-09-11 21:20:04,16630804
468954,94565,Frozen,Frozen Meals & Snacks,Shop all,Frozen/Frozen Meals & Snacks,916856691,https://www.walmart.com/ip/Yummy-Dino-Buddies-NAE-Nugget/916856691?fulfillmentIntent=Pickup,Yummy Dino Buddies NAE Nugget,Yummy,10.67,10.67,,,2022-09-11 21:20:04,16632758
468960,94565,Frozen,Frozen Meals & Snacks,Shop all,Frozen/Frozen Meals & Snacks,823303396,https://www.walmart.com/ip/MAGNOLIA-Ramar-Pork-Siopao-Steam-Bun-20oz/823303396?fulfillmentIntent=Pickup,MAGNOLIA Ramar Pork Siopao Steam Bun 20oz,Best Taste,8.28,8.28,20,,2022-09-11 21:20:04,16632764
468961,94565,Frozen,Frozen Meals & Snacks,Shop all,Frozen/Frozen Meals & Snacks,876618303,https://www.walmart.com/ip/Netflix-Stranger-Things-Skinny-Butcher-Crazy-Crispy-Chick-n-Nuggets-16oz/876618303?fulfillmentIntent=Pickup,"Netflix - Stranger Things - Skinny Butcher Crazy Crispy Chick'n Nuggets, 16oz",Skinny Butcher,7.99,7.99,16,,2022-09-11 21:20:04,16632765
469461,48180,Frozen,"Frozen Pizza, Pasta, & Breads",Shop all,"Frozen/Frozen Pizza, Pasta, & Breads",416021152,https://www.walmart.com/ip/Red-Baron-Pizza-Classic-Crust-Sausage-Pepperoni-20-6-oz/416021152?fulfillmentIntent=Pickup,"Red Baron Pizza, Classic Crust Sausage & Pepperoni, 20.6 oz",Red Baron,4.68,4.68,20.6,,2022-09-11 21:20:04,16633265
469486,48180,Frozen,"Frozen Pizza, Pasta, & Breads",Shop all,"Frozen/Frozen Pizza, Pasta, & Breads",572197931,https://www.walmart.com/ip/Papa-Gino-s-Pepperoni-Frozen-Pizza/572197931?fulfillmentIntent=Pickup,Papa Gino's Pepperoni Frozen Pizza,Papa Gino's,5.97,5.97,,,2022-09-11 21:20:04,16633290
469581,48180,Frozen,"Frozen Pizza, Pasta, & Breads",Shop all,"Frozen/Frozen Pizza, Pasta, & Breads",122819626,https://www.walmart.com/ip/Three-Bakers-7-Ancient-Grains-Whole-Grain-Bread-17-Oz/122819626?fulfillmentIntent=Pickup,"Three Bakers 7 Ancient Grains Whole Grain Bread, 17 Oz",Three Bakers,4.28,4.28,17,,2022-09-11 21:20:04,16633385
469582,48180,Frozen,"Frozen Pizza, Pasta, & Breads",Shop all,"Frozen/Frozen Pizza, Pasta, & Breads",107029321,https://www.walmart.com/ip/Three-Bakers-Whole-Grain-Bread-White/107029321?fulfillmentIntent=Pickup,Three Bakers Whole Grain Bread White,Three Bakers,4.28,4.28,,,2022-09-11 21:20:04,16633386
469583,48180,Frozen,"Frozen Pizza, Pasta, & Breads",Shop all,"Frozen/Frozen Pizza, Pasta, & Breads",666392051,https://www.walmart.com/ip/Papa-Gino-s-Sausage-Frozen-Pizza/666392051?fulfillmentIntent=Pickup,Papa Gino's Sausage Frozen Pizza,Papa Gino's,5.97,5.97,,,2022-09-11 21:20:04,16633387
469584,48180,Frozen,"Frozen Pizza, Pasta, & Breads",Shop all,"Frozen/Frozen Pizza, Pasta, & Breads",114428758,https://www.walmart.com/ip/Milton-s-Craft-Bakers-Cauliflower-Crust-Margherita-Four-Cheese-Pizza-11oz/114428758?fulfillmentIntent=Pickup,Milton's Craft Bakers Cauliflower Crust Margherita Four Cheese Pizza 11oz,Milton's Craft Bakers,8.98,8.98,11,,2022-09-11 21:20:04,16633388
475610,75211,Frozen,"Frozen Pizza, Pasta, & Breads",Shop all,"Frozen/Frozen Pizza, Pasta, & Breads",461740316,https://www.walmart.com/ip/Atkins-Pizza-Bites-Pepperoni-6-0-Oz-Frozen/461740316?fulfillmentIntent=Pickup,Atkins Pizza Bites Pepperoni 6.0 Oz. (Frozen),Atkins,3.88,3.88,6.0,,2022-09-11 21:20:04,16639414
482518,89108,Frozen,Frozen Meals & Snacks,Shop all,Frozen/Frozen Meals & Snacks,859053099,https://www.walmart.com/ip/Tattooed-Chef-Cauliflower-Mac-Cheese-Bowl-Vegetarian-18-g-Protein-10-oz/859053099?fulfillmentIntent=Pickup,"Tattooed Chef Cauliflower Mac & Cheese Bowl, Vegetarian, 18 g Protein, 10 oz",Tattooed Chef,3.58,3.58,10,,2022-09-11 21:20:04,16646322
482535,89108,Frozen,Frozen Meals & Snacks,Shop all,Frozen/Frozen Meals & Snacks,376107423,https://www.walmart.com/ip/Life-Cuisine-Low-Carb-Lifestyle-Meatlovers-Zoodles-Bowl-Frozen-Meal-10-375-oz/376107423?fulfillmentIntent=Pickup,Life Cuisine Low Carb Lifestyle Meatlovers Zoodles Bowl Frozen Meal 10.375 oz,Life Cuisine,4.18,4.18,10.375,,2022-09-11 21:20:04,16646339
482549,89108,Frozen,Frozen Meals & Snacks,Shop all,Frozen/Frozen Meals & Snacks,51593859,https://www.walmart.com/ip/Urban-Pie-Uncured-Pepperoni-Chicken-Sausage-Frozen-Pizza-20-45-oz/51593859?fulfillmentIntent=Pickup,Urban Pie Uncured Pepperoni & Chicken Sausage Frozen Pizza 20.45 oz,Urban Pie,8.98,8.98,20.45,,2022-09-11 21:20:04,16646353
483456,75211,Frozen,Frozen Meals & Snacks,Shop all,Frozen/Frozen Meals & Snacks,386252678,https://www.walmart.com/ip/Atkins-Buffalo-Style-Chicken-Bites-6-Oz-Frozen/386252678?fulfillmentIntent=Pickup,Atkins Buffalo Style Chicken Bites 6 Oz. (Frozen),Atkins,3.88,3.88,6,,2022-09-11 21:20:04,16647260
483474,75211,Frozen,Frozen Meals & Snacks,Shop all,Frozen/Frozen Meals & Snacks,153337164,https://www.walmart.com/ip/Daiya-Dairy-Free-Gluten-Free-Santa-Fe-Vegan-Burrito-5-64-oz/153337164?fulfillmentIntent=Pickup&athbdg=L1300,Daiya Dairy Free Gluten Free Santa Fe Vegan Burrito - 5.64 oz,Daiya,3.38,2.88,5.64,,2022-09-11 21:20:04,16647278
483500,75211,Frozen,Frozen Meals & Snacks,Shop all,Frozen/Frozen Meals & Snacks,640288598,https://www.walmart.com/ip/Primal-Kitchen-Chicken-Pesto-10-oz/640288598?fulfillmentIntent=Pickup,"Primal Kitchen Chicken Pesto, 10 oz",Primal Kitchen,5.8,5.8,10,,2022-09-11 21:20:04,16647304
488292,89108,Frozen,"Frozen Pizza, Pasta, & Breads",Shop all,"Frozen/Frozen Pizza, Pasta, & Breads",656309461,https://www.walmart.com/ip/Cali-flour-Foods-Lasagna-with-Meat-Sauce-9-oz/656309461?fulfillmentIntent=Pickup,"Cali'flour Foods Lasagna with Meat Sauce, 9 oz",Cali'flour Foods,5.9,5.9,9,,2022-09-11 21:20:04,16652096
489248,96797,Frozen,Frozen Breakfast,Shop all,Frozen/Frozen Breakfast,184728721,https://www.walmart.com/ip/Magnolia-Skinless-Vigan-Longanisa/184728721?fulfillmentIntent=Pickup,Magnolia Skinless Vigan Longanisa,Magnolia,5.34,5.34,,,2022-09-11 21:20:04,16653052
491660,96797,Frozen,Frozen Meals & Snacks,Shop all,Frozen/Frozen Meals & Snacks,112335633,https://www.walmart.com/ip/Aji-No-Moto-Shrimp-Shumai-Dumplings-15-0-ea/112335633?fulfillmentIntent=Pickup,Aji No Moto Shrimp Shumai Dumplings 15.0 ea,Ajinomoto,4.74,4.74,,,2022-09-11 21:20:04,16655464
491760,96797,Frozen,Frozen Meals & Snacks,Shop all,Frozen/Frozen Meals & Snacks,239746342,https://www.walmart.com/ip/Ajinomoto-Shumai-Shrimp-12pc-Nissui-Jpn/239746342?fulfillmentIntent=Pickup,Ajinomoto Shumai Shrimp 12pc Nissui Jpn,Nissui,4.34,4.34,,,2022-09-11 21:20:04,16655564
491774,96797,Frozen,Frozen Meals & Snacks,Shop all,Frozen/Frozen Meals & Snacks,134532534,https://www.walmart.com/ip/Orientex-Pork-Eggroll-16-Oz/134532534?fulfillmentIntent=Pickup,Orientex Pork Eggroll 16 Oz,ORIENTEX,6.88,6.88,16,,2022-09-11 21:20:04,16655578
491796,96797,Frozen,Frozen Meals & Snacks,Shop all,Frozen/Frozen Meals & Snacks,192058963,https://www.walmart.com/ip/Ajinomoto-Aji-No-Moto-Gyoza-Dumplings-12-ea/192058963?fulfillmentIntent=Pickup,"Ajinomoto Aji No Moto  Gyoza Dumplings, 12 ea",Ajinomoto,4.18,4.18,,,2022-09-11 21:20:04,16655600
506766,72034,Frozen,"Frozen Pizza, Pasta, & Breads",Shop all,"Frozen/Frozen Pizza, Pasta, & Breads",21909764,https://www.walmart.com/ip/Ellio-s-Five-Cheese-Pizza-9-Slice/21909764?fulfillmentIntent=Pickup,Ellio's Five Cheese Pizza 9 Slice,Ellio's,3.76,3.76,,,2022-09-11 21:20:04,16670570
507238,72034,Frozen,"Frozen Pizza, Pasta, & Breads",Shop all,"Frozen/Frozen Pizza, Pasta, & Breads",594008140,https://www.walmart.com/ip/Newman-s-Own-Thin-Crispy-Pizza-Uncured-Pepperoni-15-1-oz-Frozen/594008140?fulfillmentIntent=Pickup,"Newman's Own Thin Crispy Pizza, Uncured Pepperoni 15.1 oz. (Frozen)",Newman's Own,6.24,6.24,15.1,,2022-09-11 21:20:04,16671042
507251,72034,Frozen,"Frozen Pizza, Pasta, & Breads",Shop all,"Frozen/Frozen Pizza, Pasta, & Breads",454847768,https://www.walmart.com/ip/Base-Culture-Nutty-Pumpkin-Bread-Paleo-Gluten-Free-Non-GMO/454847768?fulfillmentIntent=Pickup,"Base Culture Nutty Pumpkin Bread, Paleo, Gluten Free, Non GMO",Base Culture,5.14,5.14,,,2022-09-11 21:20:04,16671055
507652,63376,Frozen,"Frozen Pizza, Pasta, & Breads",Shop all,"Frozen/Frozen Pizza, Pasta, & Breads",159551963,https://www.walmart.com/ip/Dogtown-4-Meat-Frozen-Pizza/159551963?fulfillmentIntent=Pickup,Dogtown 4-Meat Frozen Pizza,Dogtown Pizza,6.97,6.97,,,2022-09-11 21:20:04,16671456
507720,63376,Frozen,"Frozen Pizza, Pasta, & Breads",Shop all,"Frozen/Frozen Pizza, Pasta, & Breads",194707658,https://www.walmart.com/ip/Dogtown-Pepperoni-Frozen-Pizza/194707658?fulfillmentIntent=Pickup,Dogtown Pepperoni Frozen Pizza,Dogtown Pizza,6.97,6.97,,,2022-09-11 21:20:04,16671524
507897,63376,Frozen,"Frozen Pizza, Pasta, & Breads",Shop all,"Frozen/Frozen Pizza, Pasta, & Breads",49933061,https://www.walmart.com/ip/Louisa-Pork-and-Braised-Beef-Meat-Tortellini-19-oz/49933061?fulfillmentIntent=Pickup,"Louisa Pork and Braised Beef Meat Tortellini, 19 oz",Louisa Food Products,4.74,4.74,19,,2022-09-11 21:20:04,16671701
508164,63376,Frozen,"Frozen Pizza, Pasta, & Breads",Shop all,"Frozen/Frozen Pizza, Pasta, & Breads",14940643,https://www.walmart.com/ip/Smart-Ones-Fettuccine-Alfredo-with-Broccoli-Florets-Creamy-Alfredo-Sauce-Frozen-Meal-9-25-oz-Box/14940643?fulfillmentIntent=Pickup&athbdg=L1300,"Smart Ones Fettuccine Alfredo with Broccoli Florets & Creamy Alfredo Sauce Frozen Meal, 9.25 oz Box",SMART ONES,2.18,1.96,9.25,,2022-09-11 21:20:04,16671968
508280,63376,Frozen,"Frozen Pizza, Pasta, & Breads",Shop all,"Frozen/Frozen Pizza, Pasta, & Breads",45709487,https://www.walmart.com/ip/Louisa-Beef-Ravioli-18-oz/45709487?fulfillmentIntent=Pickup,"Louisa Beef Ravioli, 18 oz",Louisa Food Products,4.74,4.74,18,,2022-09-11 21:20:04,16672084
508288,63376,Frozen,"Frozen Pizza, Pasta, & Breads",Shop all,"Frozen/Frozen Pizza, Pasta, & Breads",164293526,https://www.walmart.com/ip/Dogtown-Sausage-And-Pepperoni-Frozen-Pizza/164293526?fulfillmentIntent=Pickup,Dogtown Sausage And Pepperoni Frozen Pizza,Dogtown Pizza,6.97,6.97,,,2022-09-11 21:20:04,16672092
508293,63376,Frozen,"Frozen Pizza, Pasta, & Breads",Shop all,"Frozen/Frozen Pizza, Pasta, & Breads",174889707,https://www.walmart.com/ip/Dogtown-Deluxe-Frozen-Pizza/174889707?fulfillmentIntent=Pickup,Dogtown Deluxe Frozen Pizza,Dogtown Pizza,6.97,6.97,,,2022-09-11 21:20:04,16672097
508296,63376,Frozen,"Frozen Pizza, Pasta, & Breads",Shop all,"Frozen/Frozen Pizza, Pasta, & Breads",350126058,https://www.walmart.com/ip/Tribeca-Oven-French-Batard-Frozen-Take-Bake-11-9-oz/350126058?fulfillmentIntent=Pickup,"Tribeca Oven French Batard, Frozen Take & Bake, 11.9 oz.",TRIBECA OVEN,3.0,3.0,11.9,,2022-09-11 21:20:04,16672100
508299,63376,Frozen,"Frozen Pizza, Pasta, & Breads",Shop all,"Frozen/Frozen Pizza, Pasta, & Breads",45709491,https://www.walmart.com/ip/Louisa-Spinach-Cheese-Ravioli-18-oz/45709491?fulfillmentIntent=Pickup,"Louisa Spinach & Cheese Ravioli, 18 oz",Louisa Food Products,4.74,4.74,18,,2022-09-11 21:20:04,16672103
508302,63376,Frozen,"Frozen Pizza, Pasta, & Breads",Shop all,"Frozen/Frozen Pizza, Pasta, & Breads",45709490,https://www.walmart.com/ip/Louisa-Mini-Round-Cheese-Ravioli-20-oz/45709490?fulfillmentIntent=Pickup,"Louisa Mini Round Cheese Ravioli, 20 oz",Louisa Food Products,4.74,4.74,20,,2022-09-11 21:20:04,16672106
513723,63376,Frozen,Frozen Meals & Snacks,Shop all,Frozen/Frozen Meals & Snacks,143101982,https://www.walmart.com/ip/Deep-Indian-Kitchen-Chicken-Tikka-Masala-with-Turmeric-Rice-9oz-Frozen/143101982?fulfillmentIntent=Pickup,"Deep Indian Kitchen Chicken Tikka Masala with Turmeric Rice, 9oz (Frozen)",Deep Indian Kitchen,3.94,3.94,9,,2022-09-11 21:20:04,16677527
513831,63376,Frozen,Frozen Meals & Snacks,Shop all,Frozen/Frozen Meals & Snacks,129366265,https://www.walmart.com/ip/Deep-Indian-Kitchen-Spinach-Paneer-with-Turmeric-Rice-10oz-Frozen/129366265?fulfillmentIntent=Pickup,"Deep Indian Kitchen Spinach Paneer with Turmeric Rice, 10oz (Frozen)",Deep Indian Kitchen,3.94,3.94,10,,2022-09-11 21:20:04,16677635
513838,63376,Frozen,Frozen Meals & Snacks,Shop all,Frozen/Frozen Meals & Snacks,115373888,https://www.walmart.com/ip/Deep-Indian-Kitchen-Chicken-Curry-with-Turmeric-Rice-9oz-Frozen/115373888?fulfillmentIntent=Pickup,"Deep Indian Kitchen Chicken Curry with Turmeric Rice, 9oz (Frozen)",Deep Indian Kitchen,4.58,4.58,9,,2022-09-11 21:20:04,16677642
513934,63376,Frozen,Frozen Meals & Snacks,Shop all,Frozen/Frozen Meals & Snacks,947951575,https://www.walmart.com/ip/Deep-Indian-Kitchen-Chicken-Vindaloo-with-Turmeric-Rice-9oz-Frozen/947951575?fulfillmentIntent=Pickup,"Deep Indian Kitchen Chicken Vindaloo with Turmeric Rice , 9oz (Frozen)",Deep Indian Kitchen,3.94,3.94,9,,2022-09-11 21:20:04,16677738
513946,63376,Frozen,Frozen Meals & Snacks,Shop all,Frozen/Frozen Meals & Snacks,273517451,https://www.walmart.com/ip/Cheese-Ravioli-Big-Value/273517451?fulfillmentIntent=Pickup,Cheese Ravioli Big Value,Louisa Food Products,10.38,10.38,,,2022-09-11 21:20:04,16677750
514318,53215,Frozen,"Frozen Pizza, Pasta, & Breads",Shop all,"Frozen/Frozen Pizza, Pasta, & Breads",10320134,https://www.walmart.com/ip/Roma-4-Cheese-Frozen-Pizza-10-54-oz/10320134?fulfillmentIntent=Pickup,"Roma 4 Cheese, Frozen Pizza, 10.54 oz",Roma,2.5,2.5,10.54,,2022-09-11 21:20:04,16678122
514334,53215,Frozen,"Frozen Pizza, Pasta, & Breads",Shop all,"Frozen/Frozen Pizza, Pasta, & Breads",42294400,https://www.walmart.com/ip/Brew-Pub-Lotzza-Motzza-Sausage-Pepperoni-Pizza-23-82-oz/42294400?fulfillmentIntent=Pickup,"Brew Pub Lotzza Motzza Sausage & Pepperoni Pizza, 23.82 oz",BREW PUB,8.58,8.58,23.82,,2022-09-11 21:20:04,16678138
514336,53215,Frozen,"Frozen Pizza, Pasta, & Breads",Shop all,"Frozen/Frozen Pizza, Pasta, & Breads",10320132,https://www.walmart.com/ip/Roma-Pepperoni-Pizza-10-54-oz/10320132?fulfillmentIntent=Pickup,"Roma Pepperoni Pizza, 10.54 oz",Roma,2.5,2.5,10.54,,2022-09-11 21:20:04,16678140
514343,53215,Frozen,"Frozen Pizza, Pasta, & Breads",Shop all,"Frozen/Frozen Pizza, Pasta, & Breads",10320133,https://www.walmart.com/ip/Roma-Pepperoni-Sausage-Pizza-10-70-oz/10320133?fulfillmentIntent=Pickup,"Roma Pepperoni & Sausage Pizza, 10.70 oz",Roma,2.5,2.5,10.70,,2022-09-11 21:20:04,16678147
514345,53215,Frozen,"Frozen Pizza, Pasta, & Breads",Shop all,"Frozen/Frozen Pizza, Pasta, & Breads",44024094,https://www.walmart.com/ip/Brew-Pub-Lotzza-Motzza-4-Meat-Pizza-24-27-oz/44024094?fulfillmentIntent=Pickup,"Brew Pub Lotzza Motzza 4-Meat Pizza, 24.27 oz",BREW PUB,8.58,8.58,24.27,,2022-09-11 21:20:04,16678149
514362,53215,Frozen,"Frozen Pizza, Pasta, & Breads",Shop all,"Frozen/Frozen Pizza, Pasta, & Breads",762742118,https://www.walmart.com/ip/Marie-Callender-s-Fried-Chicken-Mac-and-Cheese-Bowl-Single-Serve-Frozen-Meal-11-85-oz/762742118?fulfillmentIntent=Pickup,"Marie Callender's Fried Chicken Mac and Cheese Bowl Single Serve Frozen Meal, 11.85 oz.",Marie Callender's,2.98,2.98,11.85,,2022-09-11 21:20:04,16678166
514363,53215,Frozen,"Frozen Pizza, Pasta, & Breads",Shop all,"Frozen/Frozen Pizza, Pasta, & Breads",42294401,https://www.walmart.com/ip/Brew-Pub-Lotzza-Motzza-Supreme-Pizza-26-82-oz/42294401?fulfillmentIntent=Pickup,"Brew Pub Lotzza Motzza Supreme Pizza, 26.82 oz",BREW PUB,8.58,8.58,26.82,,2022-09-11 21:20:04,16678167
514398,53215,Frozen,"Frozen Pizza, Pasta, & Breads",Shop all,"Frozen/Frozen Pizza, Pasta, & Breads",42294399,https://www.walmart.com/ip/Bernatellos-Pizza-Brew-Pub-Lotzza-Motzza-Pizza-20-97-oz/42294399?fulfillmentIntent=Pickup,"Bernatellos Pizza Brew Pub Lotzza Motzza Pizza, 20.97 oz",BREW PUB,8.58,8.58,20.97,,2022-09-11 21:20:04,16678202
514789,53215,Frozen,"Frozen Pizza, Pasta, & Breads",Shop all,"Frozen/Frozen Pizza, Pasta, & Breads",196634300,https://www.walmart.com/ip/Bellatoria-Ultra-Thin-Crust-Sausage-Pizza-18-96-oz/196634300?fulfillmentIntent=Pickup,"Bellatoria Ultra Thin Crust Sausage Pizza, 18.96 oz",Bellatoria,6.73,6.73,18.96,,2022-09-11 21:20:04,16678593
514801,53215,Frozen,"Frozen Pizza, Pasta, & Breads",Shop all,"Frozen/Frozen Pizza, Pasta, & Breads",590424429,https://www.walmart.com/ip/Cappello-s-Almond-Flour-Uncured-Pepperoni-Pizza-12oz/590424429?fulfillmentIntent=Pickup,"Cappello's Almond Flour Uncured Pepperoni Pizza, 12oz",Cappello's,8.38,8.38,12,,2022-09-11 21:20:04,16678605
514842,53215,Frozen,"Frozen Pizza, Pasta, & Breads",Shop all,"Frozen/Frozen Pizza, Pasta, & Breads",495207023,https://www.walmart.com/ip/Canyon-Bakehouse-Sweet-Hawaiian-Bread-Gluten-Free-Bread-100-Whole-Grain-Frozen-18-oz-Loaf/495207023?fulfillmentIntent=Pickup,"Canyon Bakehouse Sweet Hawaiian Bread, Gluten Free Bread, 100% Whole Grain, Frozen, 18 oz Loaf",Canyon Bakehouse,6.38,6.38,18,,2022-09-11 21:20:04,16678646
514845,53215,Frozen,"Frozen Pizza, Pasta, & Breads",Shop all,"Frozen/Frozen Pizza, Pasta, & Breads",868803381,https://www.walmart.com/ip/Canyon-Bakehouse-Sub-Rolls-Gluten-Free-Rolls-100-Whole-Grain-Sub-Rolls-Frozen-4-Count/868803381?fulfillmentIntent=Pickup,"Canyon Bakehouse Sub Rolls, Gluten Free Rolls, 100% Whole Grain Sub Rolls, Frozen, 4 Count",Canyon Bakehouse,5.14,5.14,,,2022-09-11 21:20:04,16678649
514849,53215,Frozen,"Frozen Pizza, Pasta, & Breads",Shop all,"Frozen/Frozen Pizza, Pasta, & Breads",775008748,https://www.walmart.com/ip/Green-Giant-Garlic-Cauliflower-Breadsticks-6-ct-Pouch/775008748?fulfillmentIntent=Pickup,Green Giant Garlic Cauliflower Breadsticks 6 ct Pouch,Green Giant,5.14,5.14,6,,2022-09-11 21:20:04,16678653
518545,53215,Frozen,Frozen Breakfast,Shop all,Frozen/Frozen Breakfast,23788434,https://www.walmart.com/ip/Udi-s-Gluten-Free-Delicious-Multigrain-Sandwich-Bread-Frozen-12-oz/23788434?fulfillmentIntent=Pickup,"Udi's Gluten Free Delicious Multigrain Sandwich Bread, Frozen, 12 oz.",Udi's,4.6,4.6,12,,2022-09-11 21:20:04,16682349
518559,53215,Frozen,Frozen Breakfast,Shop all,Frozen/Frozen Breakfast,991782262,https://www.walmart.com/ip/Canyon-Bakehouse-Plain-Bagels-Gluten-Free-Bagels-100-Whole-Grain-Frozen-4-Count/991782262?fulfillmentIntent=Pickup,"Canyon Bakehouse Plain Bagels, Gluten Free Bagels, 100% Whole Grain, Frozen, 4 Count",Canyon Bakehouse,5.32,5.32,,,2022-09-11 21:20:04,16682363
518923,66062,Frozen,Frozen Breakfast,Shop all,Frozen/Frozen Breakfast,25596686,https://www.walmart.com/ip/Applegate-Natural-Chicken-Apple-Breakfast-Sausage-7oz-Frozen/25596686?fulfillmentIntent=Pickup,"Applegate Natural Chicken & Apple Breakfast Sausage, 7oz (Frozen)",Applegate,4.87,4.87,7,,2022-09-11 21:20:04,16682727
522119,53215,Frozen,Frozen Meals & Snacks,Shop all,Frozen/Frozen Meals & Snacks,337020549,https://www.walmart.com/ip/Life-Cuisine-Cauliflower-Crust-Chicken-Bacon-Ranch-Piada-Gluten-Free-Frozen-Sandwich-6-oz/337020549?fulfillmentIntent=Pickup,Life Cuisine Cauliflower Crust Chicken Bacon Ranch Piada Gluten Free Frozen Sandwich 6 oz,Life Cuisine,4.18,4.18,6,,2022-09-11 21:20:04,16685923
522134,53215,Frozen,Frozen Meals & Snacks,Shop all,Frozen/Frozen Meals & Snacks,766473015,https://www.walmart.com/ip/Green-Giant-Broccoli-Cheese-Veggie-Tots-40-oz-Bag/766473015?fulfillmentIntent=Pickup,Green Giant Broccoli & Cheese Veggie Tots 40 oz. Bag,Green Giant,8.87,8.87,40,,2022-09-11 21:20:04,16685938
522135,53215,Frozen,Frozen Meals & Snacks,Shop all,Frozen/Frozen Meals & Snacks,442743254,https://www.walmart.com/ip/Great-Value-Roasted-Portobello-Mushroom-Bites-10-oz-Frozen/442743254?fulfillmentIntent=Pickup,"Great Value Roasted Portobello Mushroom Bites, 10 oz (Frozen)",Great Value,5.82,5.82,10,,2022-09-11 21:20:04,16685939
522136,53215,Frozen,Frozen Meals & Snacks,Shop all,Frozen/Frozen Meals & Snacks,727528646,https://www.walmart.com/ip/Life-Cuisine-Cauliflower-Crust-Chicken-Mozarella-Piada-Gluten-Free-Frozen-Sandwich-6-oz/727528646?fulfillmentIntent=Pickup,Life Cuisine Cauliflower Crust Chicken Mozarella Piada Gluten Free Frozen Sandwich 6 oz,Life Cuisine,4.18,4.18,6,,2022-09-11 21:20:04,16685940
553786,66062,Frozen,"Frozen Pizza, Pasta, & Breads",Shop all,"Frozen/Frozen Pizza, Pasta, & Breads",946791950,https://www.walmart.com/ip/Microwave-Combination-Pizza/946791950?fulfillmentIntent=Pickup,Microwave Combination Pizza,Great Value,1.0,1.0,,,2022-09-11 21:20:04,16717590
553789,66062,Frozen,"Frozen Pizza, Pasta, & Breads",Shop all,"Frozen/Frozen Pizza, Pasta, & Breads",1085184756,https://www.walmart.com/ip/Screamin-Sicilian-Ssbacon-roni-Pizza/1085184756?fulfillmentIntent=Pickup,Screamin Sicilian Ssbacon-roni Pizza,Screamin' Sicilian,6.98,6.98,,,2022-09-11 21:20:04,16717593
553790,66062,Frozen,"Frozen Pizza, Pasta, & Breads",Shop all,"Frozen/Frozen Pizza, Pasta, & Breads",1140395886,https://www.walmart.com/ip/Screamin-Sicilian-Ss-Saus-Shrooms-Pizza/1140395886?fulfillmentIntent=Pickup,Screamin Sicilian Ss Saus & Shrooms Pizza,Screamin' Sicilian,6.98,6.98,,,2022-09-11 21:20:04,16717594
553804,78130,Frozen,"Frozen Pizza, Pasta, & Breads",Shop all,"Frozen/Frozen Pizza, Pasta, & Breads",641268461,https://www.walmart.com/ip/Van-Leeuwen-Pumpkin-Cinnamon-Roll-Flavored-French-Ice-Cream-Pint-14-oz/641268461?fulfillmentIntent=Pickup,Van Leeuwen Pumpkin Cinnamon Roll Flavored French Ice Cream Pint 14 oz,Van Leeuwen Ice Cream,4.98,4.98,14,,2022-09-11 21:20:04,16717608
553812,30044,Frozen,"Frozen Pizza, Pasta, & Breads",Shop all,"Frozen/Frozen Pizza, Pasta, & Breads",644316343,https://www.walmart.com/ip/The-Pizza-Cupcake-Pepperoni-Pizza-11-45-oz/644316343?fulfillmentIntent=Pickup,"The Pizza Cupcake Pepperoni Pizza, 11.45 oz",The Pizza Cupcake,8.98,8.98,11.45,,2022-09-11 21:20:04,16717616
553832,77449,Frozen,Frozen Meals & Snacks,Shop all,Frozen/Frozen Meals & Snacks,294490278,https://www.walmart.com/ip/El-Monterey-Signature-Chicken-Quesadilla-10-Oz-Frozen/294490278?fulfillmentIntent=Pickup,"El Monterey Signature Chicken Quesadilla, 10 Oz (Frozen)",El Monterey,3.97,3.97,10,,2022-09-11 21:20:04,16717636
553838,15601,Frozen,Frozen Meals & Snacks,Shop all,Frozen/Frozen Meals & Snacks,535970262,https://www.walmart.com/ip/Bibigo-Korean-Style-Fried-Rice-Shrimp-with-Soy-Garlic-Flavor-18-oz/535970262?fulfillmentIntent=Pickup,Bibigo Korean Style Fried Rice Shrimp with Soy Garlic Flavor 18 oz.,Bibigo,7.44,7.44,18,,2022-09-11 21:20:04,16717642
553856,79936,Frozen,"Frozen Pizza, Pasta, & Breads",Shop all,"Frozen/Frozen Pizza, Pasta, & Breads",355387591,https://www.walmart.com/ip/Sam-s-Choice-Seasoned-Crust-Pepperoni-31-15oz-Pizza-Frozen/355387591?fulfillmentIntent=Pickup,Sam's Choice - Seasoned Crust Pepperoni - 31.15oz Pizza (Frozen),Sam's Choice,6.22,6.22,31.15,,2022-09-11 21:20:04,16717660
553942,33647,Frozen,"Frozen Pizza, Pasta, & Breads",Shop all,"Frozen/Frozen Pizza, Pasta, & Breads",554255492,https://www.walmart.com/ip/Italian-Sausage-Baozza-2-Pack/554255492?fulfillmentIntent=Pickup,Italian Sausage Baozza (2-Pack),Baozza!,4.98,4.98,,,2022-09-11 21:20:04,16717746
554023,45011,Frozen,"Frozen Pizza, Pasta, & Breads",Shop all,"Frozen/Frozen Pizza, Pasta, & Breads",767670710,https://www.walmart.com/ip/Life-Cuisine-Gluten-Free-Cauliflower-Crust-Three-Meat-Frozen-Pizza-6-oz/767670710?fulfillmentIntent=Pickup,Life Cuisine Gluten Free Cauliflower Crust Three Meat Frozen Pizza 6 oz,Life Cuisine,4.18,4.18,6,,2022-09-11 21:20:04,16717827
554038,48180,Frozen,Frozen Meals & Snacks,Shop all,Frozen/Frozen Meals & Snacks,273266719,https://www.walmart.com/ip/Hot-Pockets-Deliwich-Turkey-Colby-Frozen-Deli-Sandwiches-4-Count-12-9-oz/273266719?fulfillmentIntent=Pickup,"Hot Pockets Deliwich Turkey & Colby Frozen Deli Sandwiches, 4 Count 12.9 oz",Hot Pockets,6.58,6.58,12.9,,2022-09-11 21:20:04,16717842
554039,48180,Frozen,Frozen Meals & Snacks,Shop all,Frozen/Frozen Meals & Snacks,228591186,https://www.walmart.com/ip/Hot-Pockets-Deliwich-Cheddar-Ham-Frozen-Deli-Sandwiches-4-Count-12-9-oz/228591186?fulfillmentIntent=Pickup,"Hot Pockets Deliwich Cheddar & Ham Frozen Deli Sandwiches, 4 Count 12.9 oz",Hot Pockets,6.58,6.58,12.9,,2022-09-11 21:20:04,16717843
554073,75211,Frozen,"Frozen Pizza, Pasta, & Breads",Shop all,"Frozen/Frozen Pizza, Pasta, & Breads",691990036,https://www.walmart.com/ip/13-1z-Newmans-Own-Stone-Fired-Crust-Margherita-Pizza/691990036?fulfillmentIntent=Pickup,13.1z Newmans Own Stone-Fired Crust Margherita Pizza,Newman's Own,6.48,6.48,,,2022-09-11 21:20:04,16717877
554076,75211,Frozen,"Frozen Pizza, Pasta, & Breads",Shop all,"Frozen/Frozen Pizza, Pasta, & Breads",397375132,https://www.walmart.com/ip/13-8z-Newmans-Own-Stone-Fired-Crust-Spinaci-Formaggi-Pizza/397375132?fulfillmentIntent=Pickup,13.8z Newmans Own Stone-Fired Crust Spinaci & Formaggi Pizza,Newman's Own,6.48,6.48,,,2022-09-11 21:20:04,16717880
554077,75211,Frozen,"Frozen Pizza, Pasta, & Breads",Shop all,"Frozen/Frozen Pizza, Pasta, & Breads",948660212,https://www.walmart.com/ip/13-6z-Newmans-Own-Stone-Fired-Crust-Quattro-Formaggi-Pizza/948660212?fulfillmentIntent=Pickup,13.6z Newmans Own Stone-Fired Crust Quattro & Formaggi Pizza,Newman's Own,6.48,6.48,,,2022-09-11 21:20:04,16717881
554118,72034,Frozen,Frozen Meals & Snacks,Shop all,Frozen/Frozen Meals & Snacks,851339714,https://www.walmart.com/ip/Cheesy-Spinach-Baozza-2-Pack/851339714?fulfillmentIntent=Pickup,Cheesy Spinach Baozza (2-Pack),Baozza!,4.98,4.98,,,2022-09-11 21:20:04,16717922
554132,63376,Frozen,"Frozen Pizza, Pasta, & Breads",Shop all,"Frozen/Frozen Pizza, Pasta, & Breads",45709488,https://www.walmart.com/ip/Louisa-Cheese-Ravioli-22-oz/45709488?fulfillmentIntent=Pickup,"Louisa Cheese Ravioli, 22 oz",Louisa Food Products,4.74,4.74,22,,2022-09-11 21:20:04,16717936
